
[04-Nov-2025 21:10:22 Asia/Manila] Database connection established successfully
[04-Nov-2025 21:10:22 Asia/Manila] Error getting inventory: SQLSTATE[HY000]: General error: 1 no such table: blood_inventory
[04-Nov-2025 21:10:22 Asia/Manila] Error getting inventory count: SQLSTATE[HY000]: General error: 1 no such table: blood_inventory
[04-Nov-2025 21:10:22 Asia/Manila] Count error: SQLSTATE[HY000]: General error: 1 no such table: blood_inventory
[04-Nov-2025 21:10:22 Asia/Manila] Inventory error: SQLSTATE[HY000]: General error: 1 near "as": syntax error
[04-Nov-2025 21:10:22 Asia/Manila] Count error: SQLSTATE[HY000]: General error: 1 no such table: blood_inventory
[04-Nov-2025 21:10:22 Asia/Manila] Error getting inventory: SQLSTATE[HY000]: General error: 1 no such table: blood_inventory
[04-Nov-2025 21:10:22 Asia/Manila] Error getting inventory count: SQLSTATE[HY000]: General error: 1 no such table: blood_inventory
[04-Nov-2025 21:10:22 Asia/Manila] Count error: SQLSTATE[HY000]: General error: 1 no such table: blood_inventory
[04-Nov-2025 21:10:22 Asia/Manila] Inventory error: SQLSTATE[HY000]: General error: 1 near "as": syntax error
[04-Nov-2025 21:10:22 Asia/Manila] Count error: SQLSTATE[HY000]: General error: 1 no such table: blood_inventory
[04-Nov-2025 21:10:22 Asia/Manila] Error getting inventory: SQLSTATE[HY000]: General error: 1 no such table: blood_inventory
[04-Nov-2025 21:10:22 Asia/Manila] Error getting inventory count: SQLSTATE[HY000]: General error: 1 no such table: blood_inventory
[04-Nov-2025 21:10:22 Asia/Manila] Count error: SQLSTATE[HY000]: General error: 1 no such table: blood_inventory
[04-Nov-2025 21:10:22 Asia/Manila] Count error: SQLSTATE[HY000]: General error: 1 no such table: blood_inventory
[04-Nov-2025 21:10:22 Asia/Manila] Error getting inventory: SQLSTATE[HY000]: General error: 1 no such table: blood_inventory
[04-Nov-2025 21:10:22 Asia/Manila] Error getting inventory count: SQLSTATE[HY000]: General error: 1 no such table: blood_inventory
[04-Nov-2025 21:10:22 Asia/Manila] Count error: SQLSTATE[HY000]: General error: 1 no such table: blood_inventory
[04-Nov-2025 21:10:22 Asia/Manila] Count error: SQLSTATE[HY000]: General error: 1 no such table: blood_inventory
[04-Nov-2025 21:10:22 Asia/Manila] Error getting inventory: SQLSTATE[HY000]: General error: 1 no such table: blood_inventory
[04-Nov-2025 21:10:22 Asia/Manila] Error getting inventory count: SQLSTATE[HY000]: General error: 1 no such table: blood_inventory
[04-Nov-2025 21:10:22 Asia/Manila] Count error: SQLSTATE[HY000]: General error: 1 no such table: blood_inventory
[04-Nov-2025 21:10:22 Asia/Manila] Inventory error: SQLSTATE[HY000]: General error: 1 near "as": syntax error
[04-Nov-2025 21:10:22 Asia/Manila] Count error: SQLSTATE[HY000]: General error: 1 no such table: blood_inventory
[04-Nov-2025 21:10:22 Asia/Manila] Error getting dashboard summary: SQLSTATE[HY000]: General error: 1 no such table: blood_inventory
[04-Nov-2025 21:10:22 Asia/Manila] Dashboard summary error: SQLSTATE[HY000]: General error: 1 no such table: blood_inventory
[04-Nov-2025 21:10:22 Asia/Manila] Error getting inventory: SQLSTATE[HY000]: General error: 1 no such table: blood_inventory
[04-Nov-2025 21:10:22 Asia/Manila] Error getting dashboard summary: SQLSTATE[HY000]: General error: 1 no such table: blood_inventory
[04-Nov-2025 21:10:22 Asia/Manila] Count error: SQLSTATE[HY000]: General error: 1 no such table: blood_inventory
[04-Nov-2025 21:10:22 Asia/Manila] Count error: SQLSTATE[HY000]: General error: 1 no such table: blood_inventory
[04-Nov-2025 21:10:22 Asia/Manila] Inventory error: SQLSTATE[HY000]: General error: 1 near "as": syntax error
[04-Nov-2025 21:10:22 Asia/Manila] PHP Warning:  Constant DB_HOST already defined in C:\xampp\htdocs\blood-donation-pwa-1\includes\config.php on line 3
[04-Nov-2025 21:10:22 Asia/Manila] PHP Warning:  Constant DB_NAME already defined in C:\xampp\htdocs\blood-donation-pwa-1\includes\config.php on line 4
[04-Nov-2025 21:10:22 Asia/Manila] PHP Warning:  Constant DB_USER already defined in C:\xampp\htdocs\blood-donation-pwa-1\includes\config.php on line 5
[04-Nov-2025 21:10:22 Asia/Manila] PHP Warning:  Constant DB_PASS already defined in C:\xampp\htdocs\blood-donation-pwa-1\includes\config.php on line 6
[04-Nov-2025 21:10:22 Asia/Manila] Database connection failed: SQLSTATE[HY000] [1045] Access denied for user 'postgres'@'localhost' (using password: YES)
[04-Nov-2025 21:11:35 Asia/Manila] Database connection established successfully
[04-Nov-2025 21:11:35 Asia/Manila] Error getting inventory: SQLSTATE[HY000]: General error: 1 no such table: blood_inventory
[04-Nov-2025 21:11:35 Asia/Manila] Error getting inventory count: SQLSTATE[HY000]: General error: 1 no such table: blood_inventory
[04-Nov-2025 21:11:35 Asia/Manila] Count error: SQLSTATE[HY000]: General error: 1 no such table: blood_inventory
[04-Nov-2025 21:11:35 Asia/Manila] Inventory error: SQLSTATE[HY000]: General error: 1 near "as": syntax error
[04-Nov-2025 21:11:35 Asia/Manila] Count error: SQLSTATE[HY000]: General error: 1 no such table: blood_inventory
[04-Nov-2025 21:11:35 Asia/Manila] Error getting inventory: SQLSTATE[HY000]: General error: 1 no such table: blood_inventory
[04-Nov-2025 21:11:35 Asia/Manila] Error getting inventory count: SQLSTATE[HY000]: General error: 1 no such table: blood_inventory
[04-Nov-2025 21:11:35 Asia/Manila] Count error: SQLSTATE[HY000]: General error: 1 no such table: blood_inventory
[04-Nov-2025 21:11:35 Asia/Manila] Inventory error: SQLSTATE[HY000]: General error: 1 near "as": syntax error
[04-Nov-2025 21:11:35 Asia/Manila] Count error: SQLSTATE[HY000]: General error: 1 no such table: blood_inventory
[04-Nov-2025 21:11:35 Asia/Manila] Error getting inventory: SQLSTATE[HY000]: General error: 1 no such table: blood_inventory
[04-Nov-2025 21:11:35 Asia/Manila] Error getting inventory count: SQLSTATE[HY000]: General error: 1 no such table: blood_inventory
[04-Nov-2025 21:11:35 Asia/Manila] Count error: SQLSTATE[HY000]: General error: 1 no such table: blood_inventory
[04-Nov-2025 21:11:35 Asia/Manila] Count error: SQLSTATE[HY000]: General error: 1 no such table: blood_inventory
[04-Nov-2025 21:11:35 Asia/Manila] Error getting inventory: SQLSTATE[HY000]: General error: 1 no such table: blood_inventory
[04-Nov-2025 21:11:35 Asia/Manila] Error getting inventory count: SQLSTATE[HY000]: General error: 1 no such table: blood_inventory
[04-Nov-2025 21:11:35 Asia/Manila] Count error: SQLSTATE[HY000]: General error: 1 no such table: blood_inventory
[04-Nov-2025 21:11:35 Asia/Manila] Count error: SQLSTATE[HY000]: General error: 1 no such table: blood_inventory
[04-Nov-2025 21:11:35 Asia/Manila] Error getting inventory: SQLSTATE[HY000]: General error: 1 no such table: blood_inventory
[04-Nov-2025 21:11:35 Asia/Manila] Error getting inventory count: SQLSTATE[HY000]: General error: 1 no such table: blood_inventory
[04-Nov-2025 21:11:35 Asia/Manila] Count error: SQLSTATE[HY000]: General error: 1 no such table: blood_inventory
[04-Nov-2025 21:11:35 Asia/Manila] Inventory error: SQLSTATE[HY000]: General error: 1 near "as": syntax error
[04-Nov-2025 21:11:35 Asia/Manila] Count error: SQLSTATE[HY000]: General error: 1 no such table: blood_inventory
[04-Nov-2025 21:11:35 Asia/Manila] Error getting dashboard summary: SQLSTATE[HY000]: General error: 1 no such table: blood_inventory
[04-Nov-2025 21:11:35 Asia/Manila] Dashboard summary error: SQLSTATE[HY000]: General error: 1 no such table: blood_inventory
[04-Nov-2025 21:11:35 Asia/Manila] Error getting inventory: SQLSTATE[HY000]: General error: 1 no such table: blood_inventory
[04-Nov-2025 21:11:35 Asia/Manila] Error getting dashboard summary: SQLSTATE[HY000]: General error: 1 no such table: blood_inventory
[04-Nov-2025 21:11:35 Asia/Manila] Count error: SQLSTATE[HY000]: General error: 1 no such table: blood_inventory
[04-Nov-2025 21:11:35 Asia/Manila] Count error: SQLSTATE[HY000]: General error: 1 no such table: blood_inventory
[04-Nov-2025 21:11:35 Asia/Manila] Inventory error: SQLSTATE[HY000]: General error: 1 near "as": syntax error
[04-Nov-2025 21:11:35 Asia/Manila] PHP Warning:  Constant DB_HOST already defined in C:\xampp\htdocs\blood-donation-pwa-1\includes\config.php on line 3
[04-Nov-2025 21:11:35 Asia/Manila] PHP Warning:  Constant DB_NAME already defined in C:\xampp\htdocs\blood-donation-pwa-1\includes\config.php on line 4
[04-Nov-2025 21:11:35 Asia/Manila] PHP Warning:  Constant DB_USER already defined in C:\xampp\htdocs\blood-donation-pwa-1\includes\config.php on line 5
[04-Nov-2025 21:11:35 Asia/Manila] PHP Warning:  Constant DB_PASS already defined in C:\xampp\htdocs\blood-donation-pwa-1\includes\config.php on line 6
[04-Nov-2025 21:11:35 Asia/Manila] Database connection failed: SQLSTATE[HY000] [1045] Access denied for user 'postgres'@'localhost' (using password: YES)
[04-Nov-2025 21:12:03 Asia/Manila] Database connection established successfully
[04-Nov-2025 21:12:03 Asia/Manila] Error getting inventory: SQLSTATE[HY000]: General error: 1 no such table: blood_inventory
[04-Nov-2025 21:12:03 Asia/Manila] Error getting inventory count: SQLSTATE[HY000]: General error: 1 no such table: blood_inventory
[04-Nov-2025 21:12:03 Asia/Manila] Count error: SQLSTATE[HY000]: General error: 1 no such table: blood_inventory
[04-Nov-2025 21:12:03 Asia/Manila] Inventory error: SQLSTATE[HY000]: General error: 1 near "as": syntax error
[04-Nov-2025 21:12:03 Asia/Manila] Count error: SQLSTATE[HY000]: General error: 1 no such table: blood_inventory
[04-Nov-2025 21:12:03 Asia/Manila] Error getting inventory: SQLSTATE[HY000]: General error: 1 no such table: blood_inventory
[04-Nov-2025 21:12:03 Asia/Manila] Error getting inventory count: SQLSTATE[HY000]: General error: 1 no such table: blood_inventory
[04-Nov-2025 21:12:03 Asia/Manila] Count error: SQLSTATE[HY000]: General error: 1 no such table: blood_inventory
[04-Nov-2025 21:12:03 Asia/Manila] Inventory error: SQLSTATE[HY000]: General error: 1 near "as": syntax error
[04-Nov-2025 21:12:03 Asia/Manila] Count error: SQLSTATE[HY000]: General error: 1 no such table: blood_inventory
[04-Nov-2025 21:12:03 Asia/Manila] Error getting inventory: SQLSTATE[HY000]: General error: 1 no such table: blood_inventory
[04-Nov-2025 21:12:03 Asia/Manila] Error getting inventory count: SQLSTATE[HY000]: General error: 1 no such table: blood_inventory
[04-Nov-2025 21:12:03 Asia/Manila] Count error: SQLSTATE[HY000]: General error: 1 no such table: blood_inventory
[04-Nov-2025 21:12:03 Asia/Manila] Count error: SQLSTATE[HY000]: General error: 1 no such table: blood_inventory
[04-Nov-2025 21:12:03 Asia/Manila] Error getting inventory: SQLSTATE[HY000]: General error: 1 no such table: blood_inventory
[04-Nov-2025 21:12:03 Asia/Manila] Error getting inventory count: SQLSTATE[HY000]: General error: 1 no such table: blood_inventory
[04-Nov-2025 21:12:03 Asia/Manila] Count error: SQLSTATE[HY000]: General error: 1 no such table: blood_inventory
[04-Nov-2025 21:12:03 Asia/Manila] Count error: SQLSTATE[HY000]: General error: 1 no such table: blood_inventory
[04-Nov-2025 21:12:03 Asia/Manila] Error getting inventory: SQLSTATE[HY000]: General error: 1 no such table: blood_inventory
[04-Nov-2025 21:12:03 Asia/Manila] Error getting inventory count: SQLSTATE[HY000]: General error: 1 no such table: blood_inventory
[04-Nov-2025 21:12:03 Asia/Manila] Count error: SQLSTATE[HY000]: General error: 1 no such table: blood_inventory
[04-Nov-2025 21:12:03 Asia/Manila] Inventory error: SQLSTATE[HY000]: General error: 1 near "as": syntax error
[04-Nov-2025 21:12:03 Asia/Manila] Count error: SQLSTATE[HY000]: General error: 1 no such table: blood_inventory
[04-Nov-2025 21:12:03 Asia/Manila] Error getting dashboard summary: SQLSTATE[HY000]: General error: 1 no such table: blood_inventory
[04-Nov-2025 21:12:03 Asia/Manila] Dashboard summary error: SQLSTATE[HY000]: General error: 1 no such table: blood_inventory
[04-Nov-2025 21:12:03 Asia/Manila] Error getting inventory: SQLSTATE[HY000]: General error: 1 no such table: blood_inventory
[04-Nov-2025 21:12:03 Asia/Manila] Error getting dashboard summary: SQLSTATE[HY000]: General error: 1 no such table: blood_inventory
[04-Nov-2025 21:12:03 Asia/Manila] Count error: SQLSTATE[HY000]: General error: 1 no such table: blood_inventory
[04-Nov-2025 21:12:03 Asia/Manila] Count error: SQLSTATE[HY000]: General error: 1 no such table: blood_inventory
[04-Nov-2025 21:12:03 Asia/Manila] Inventory error: SQLSTATE[HY000]: General error: 1 near "as": syntax error
[04-Nov-2025 21:12:03 Asia/Manila] PHP Warning:  Constant DB_HOST already defined in C:\xampp\htdocs\blood-donation-pwa-1\includes\config.php on line 3
[04-Nov-2025 21:12:03 Asia/Manila] PHP Warning:  Constant DB_NAME already defined in C:\xampp\htdocs\blood-donation-pwa-1\includes\config.php on line 4
[04-Nov-2025 21:12:03 Asia/Manila] PHP Warning:  Constant DB_USER already defined in C:\xampp\htdocs\blood-donation-pwa-1\includes\config.php on line 5
[04-Nov-2025 21:12:03 Asia/Manila] PHP Warning:  Constant DB_PASS already defined in C:\xampp\htdocs\blood-donation-pwa-1\includes\config.php on line 6
[04-Nov-2025 21:12:03 Asia/Manila] Database connection failed: SQLSTATE[HY000] [1045] Access denied for user 'postgres'@'localhost' (using password: YES)
[04-Nov-2025 21:12:28 Asia/Manila] Database connection established successfully
[04-Nov-2025 21:12:28 Asia/Manila] Error getting inventory: SQLSTATE[HY000]: General error: 1 no such table: blood_inventory
[04-Nov-2025 21:12:28 Asia/Manila] Error getting inventory count: SQLSTATE[HY000]: General error: 1 no such table: blood_inventory
[04-Nov-2025 21:12:28 Asia/Manila] Count error: SQLSTATE[HY000]: General error: 1 no such table: blood_inventory
[04-Nov-2025 21:12:28 Asia/Manila] Inventory error: SQLSTATE[HY000]: General error: 1 near "as": syntax error
[04-Nov-2025 21:12:28 Asia/Manila] Count error: SQLSTATE[HY000]: General error: 1 no such table: blood_inventory
[04-Nov-2025 21:12:28 Asia/Manila] Error getting inventory: SQLSTATE[HY000]: General error: 1 no such table: blood_inventory
[04-Nov-2025 21:12:28 Asia/Manila] Error getting inventory count: SQLSTATE[HY000]: General error: 1 no such table: blood_inventory
[04-Nov-2025 21:12:28 Asia/Manila] Count error: SQLSTATE[HY000]: General error: 1 no such table: blood_inventory
[04-Nov-2025 21:12:28 Asia/Manila] Inventory error: SQLSTATE[HY000]: General error: 1 near "as": syntax error
[04-Nov-2025 21:12:28 Asia/Manila] Count error: SQLSTATE[HY000]: General error: 1 no such table: blood_inventory
[04-Nov-2025 21:12:28 Asia/Manila] Error getting inventory: SQLSTATE[HY000]: General error: 1 no such table: blood_inventory
[04-Nov-2025 21:12:28 Asia/Manila] Error getting inventory count: SQLSTATE[HY000]: General error: 1 no such table: blood_inventory
[04-Nov-2025 21:12:28 Asia/Manila] Count error: SQLSTATE[HY000]: General error: 1 no such table: blood_inventory
[04-Nov-2025 21:12:28 Asia/Manila] Count error: SQLSTATE[HY000]: General error: 1 no such table: blood_inventory
[04-Nov-2025 21:12:28 Asia/Manila] Error getting inventory: SQLSTATE[HY000]: General error: 1 no such table: blood_inventory
[04-Nov-2025 21:12:28 Asia/Manila] Error getting inventory count: SQLSTATE[HY000]: General error: 1 no such table: blood_inventory
[04-Nov-2025 21:12:28 Asia/Manila] Count error: SQLSTATE[HY000]: General error: 1 no such table: blood_inventory
[04-Nov-2025 21:12:28 Asia/Manila] Count error: SQLSTATE[HY000]: General error: 1 no such table: blood_inventory
[04-Nov-2025 21:12:28 Asia/Manila] Error getting inventory: SQLSTATE[HY000]: General error: 1 no such table: blood_inventory
[04-Nov-2025 21:12:28 Asia/Manila] Error getting inventory count: SQLSTATE[HY000]: General error: 1 no such table: blood_inventory
[04-Nov-2025 21:12:28 Asia/Manila] Count error: SQLSTATE[HY000]: General error: 1 no such table: blood_inventory
[04-Nov-2025 21:12:28 Asia/Manila] Inventory error: SQLSTATE[HY000]: General error: 1 near "as": syntax error
[04-Nov-2025 21:12:28 Asia/Manila] Count error: SQLSTATE[HY000]: General error: 1 no such table: blood_inventory
[04-Nov-2025 21:12:28 Asia/Manila] Error getting dashboard summary: SQLSTATE[HY000]: General error: 1 no such table: blood_inventory
[04-Nov-2025 21:12:28 Asia/Manila] Dashboard summary error: SQLSTATE[HY000]: General error: 1 no such table: blood_inventory
[04-Nov-2025 21:12:28 Asia/Manila] Error getting inventory: SQLSTATE[HY000]: General error: 1 no such table: blood_inventory
[04-Nov-2025 21:12:28 Asia/Manila] Error getting dashboard summary: SQLSTATE[HY000]: General error: 1 no such table: blood_inventory
[04-Nov-2025 21:12:28 Asia/Manila] Count error: SQLSTATE[HY000]: General error: 1 no such table: blood_inventory
[04-Nov-2025 21:12:28 Asia/Manila] Count error: SQLSTATE[HY000]: General error: 1 no such table: blood_inventory
[04-Nov-2025 21:12:28 Asia/Manila] Inventory error: SQLSTATE[HY000]: General error: 1 near "as": syntax error
[04-Nov-2025 21:12:28 Asia/Manila] PHP Warning:  Constant DB_HOST already defined in C:\xampp\htdocs\blood-donation-pwa-1\includes\config.php on line 3
[04-Nov-2025 21:12:28 Asia/Manila] PHP Warning:  Constant DB_NAME already defined in C:\xampp\htdocs\blood-donation-pwa-1\includes\config.php on line 4
[04-Nov-2025 21:12:28 Asia/Manila] PHP Warning:  Constant DB_USER already defined in C:\xampp\htdocs\blood-donation-pwa-1\includes\config.php on line 5
[04-Nov-2025 21:12:28 Asia/Manila] PHP Warning:  Constant DB_PASS already defined in C:\xampp\htdocs\blood-donation-pwa-1\includes\config.php on line 6
[04-Nov-2025 21:12:28 Asia/Manila] Database connection failed: SQLSTATE[HY000] [1045] Access denied for user 'postgres'@'localhost' (using password: YES)
[04-Nov-2025 21:16:14 Asia/Manila] Database connection established successfully
[04-Nov-2025 21:16:55 Asia/Manila] Database connection established successfully
[04-Nov-2025 21:17:56 Asia/Manila] Database connection established successfully
[04-Nov-2025 21:17:56 Asia/Manila] Error getting inventory: SQLSTATE[HY000]: General error: 1 no such table: blood_inventory
[04-Nov-2025 21:17:56 Asia/Manila] Error getting inventory count: SQLSTATE[HY000]: General error: 1 no such table: blood_inventory
[04-Nov-2025 21:17:56 Asia/Manila] Count error: SQLSTATE[HY000]: General error: 1 no such table: blood_inventory
[04-Nov-2025 21:17:56 Asia/Manila] Inventory error: SQLSTATE[HY000]: General error: 1 near "as": syntax error
[04-Nov-2025 21:17:56 Asia/Manila] Count error: SQLSTATE[HY000]: General error: 1 no such table: blood_inventory
[04-Nov-2025 21:17:56 Asia/Manila] Error getting inventory: SQLSTATE[HY000]: General error: 1 no such table: blood_inventory
[04-Nov-2025 21:17:56 Asia/Manila] Error getting inventory count: SQLSTATE[HY000]: General error: 1 no such table: blood_inventory
[04-Nov-2025 21:17:56 Asia/Manila] Count error: SQLSTATE[HY000]: General error: 1 no such table: blood_inventory
[04-Nov-2025 21:17:56 Asia/Manila] Inventory error: SQLSTATE[HY000]: General error: 1 near "as": syntax error
[04-Nov-2025 21:17:56 Asia/Manila] Count error: SQLSTATE[HY000]: General error: 1 no such table: blood_inventory
[04-Nov-2025 21:17:56 Asia/Manila] Error getting inventory: SQLSTATE[HY000]: General error: 1 no such table: blood_inventory
[04-Nov-2025 21:17:56 Asia/Manila] Error getting inventory count: SQLSTATE[HY000]: General error: 1 no such table: blood_inventory
[04-Nov-2025 21:17:56 Asia/Manila] Count error: SQLSTATE[HY000]: General error: 1 no such table: blood_inventory
[04-Nov-2025 21:17:56 Asia/Manila] Count error: SQLSTATE[HY000]: General error: 1 no such table: blood_inventory
[04-Nov-2025 21:17:57 Asia/Manila] Error getting inventory: SQLSTATE[HY000]: General error: 1 no such table: blood_inventory
[04-Nov-2025 21:17:57 Asia/Manila] Error getting inventory count: SQLSTATE[HY000]: General error: 1 no such table: blood_inventory
[04-Nov-2025 21:17:57 Asia/Manila] Count error: SQLSTATE[HY000]: General error: 1 no such table: blood_inventory
[04-Nov-2025 21:17:57 Asia/Manila] Count error: SQLSTATE[HY000]: General error: 1 no such table: blood_inventory
[04-Nov-2025 21:17:57 Asia/Manila] Error getting inventory: SQLSTATE[HY000]: General error: 1 no such table: blood_inventory
[04-Nov-2025 21:17:57 Asia/Manila] Error getting inventory count: SQLSTATE[HY000]: General error: 1 no such table: blood_inventory
[04-Nov-2025 21:17:57 Asia/Manila] Count error: SQLSTATE[HY000]: General error: 1 no such table: blood_inventory
[04-Nov-2025 21:17:57 Asia/Manila] Inventory error: SQLSTATE[HY000]: General error: 1 near "as": syntax error
[04-Nov-2025 21:17:57 Asia/Manila] Count error: SQLSTATE[HY000]: General error: 1 no such table: blood_inventory
[04-Nov-2025 21:17:57 Asia/Manila] Error getting dashboard summary: SQLSTATE[HY000]: General error: 1 no such table: blood_inventory
[04-Nov-2025 21:17:57 Asia/Manila] Dashboard summary error: SQLSTATE[HY000]: General error: 1 no such table: blood_inventory
[04-Nov-2025 21:17:57 Asia/Manila] Error getting inventory: SQLSTATE[HY000]: General error: 1 no such table: blood_inventory
[04-Nov-2025 21:17:57 Asia/Manila] Error getting dashboard summary: SQLSTATE[HY000]: General error: 1 no such table: blood_inventory
[04-Nov-2025 21:17:57 Asia/Manila] Count error: SQLSTATE[HY000]: General error: 1 no such table: blood_inventory
[04-Nov-2025 21:17:57 Asia/Manila] Count error: SQLSTATE[HY000]: General error: 1 no such table: blood_inventory
[04-Nov-2025 21:17:57 Asia/Manila] Inventory error: SQLSTATE[HY000]: General error: 1 near "as": syntax error
[04-Nov-2025 21:17:57 Asia/Manila] PHP Warning:  Constant DB_HOST already defined in C:\xampp\htdocs\blood-donation-pwa-1\includes\config.php on line 3
[04-Nov-2025 21:17:57 Asia/Manila] PHP Warning:  Constant DB_NAME already defined in C:\xampp\htdocs\blood-donation-pwa-1\includes\config.php on line 4
[04-Nov-2025 21:17:57 Asia/Manila] PHP Warning:  Constant DB_USER already defined in C:\xampp\htdocs\blood-donation-pwa-1\includes\config.php on line 5
[04-Nov-2025 21:17:57 Asia/Manila] PHP Warning:  Constant DB_PASS already defined in C:\xampp\htdocs\blood-donation-pwa-1\includes\config.php on line 6
[04-Nov-2025 21:17:57 Asia/Manila] Database connection failed: SQLSTATE[HY000] [1045] Access denied for user 'postgres'@'localhost' (using password: YES)
[04-Nov-2025 21:20:58 Asia/Manila] Database connection established successfully
[04-Nov-2025 21:20:58 Asia/Manila] Error getting inventory: SQLSTATE[HY000]: General error: 1 no such table: blood_inventory
[04-Nov-2025 21:20:58 Asia/Manila] Error getting inventory count: SQLSTATE[HY000]: General error: 1 no such table: blood_inventory
[04-Nov-2025 21:20:58 Asia/Manila] Count error: SQLSTATE[HY000]: General error: 1 no such table: blood_inventory
[04-Nov-2025 21:20:58 Asia/Manila] Inventory error: SQLSTATE[HY000]: General error: 1 near "as": syntax error
[04-Nov-2025 21:20:58 Asia/Manila] Count error: SQLSTATE[HY000]: General error: 1 no such table: blood_inventory
[04-Nov-2025 21:20:58 Asia/Manila] Error getting inventory: SQLSTATE[HY000]: General error: 1 no such table: blood_inventory
[04-Nov-2025 21:20:58 Asia/Manila] Error getting inventory count: SQLSTATE[HY000]: General error: 1 no such table: blood_inventory
[04-Nov-2025 21:20:58 Asia/Manila] Count error: SQLSTATE[HY000]: General error: 1 no such table: blood_inventory
[04-Nov-2025 21:20:58 Asia/Manila] Inventory error: SQLSTATE[HY000]: General error: 1 near "as": syntax error
[04-Nov-2025 21:20:58 Asia/Manila] Count error: SQLSTATE[HY000]: General error: 1 no such table: blood_inventory
[04-Nov-2025 21:20:58 Asia/Manila] Error getting inventory: SQLSTATE[HY000]: General error: 1 no such table: blood_inventory
[04-Nov-2025 21:20:58 Asia/Manila] Error getting inventory count: SQLSTATE[HY000]: General error: 1 no such table: blood_inventory
[04-Nov-2025 21:20:58 Asia/Manila] Count error: SQLSTATE[HY000]: General error: 1 no such table: blood_inventory
[04-Nov-2025 21:20:58 Asia/Manila] Count error: SQLSTATE[HY000]: General error: 1 no such table: blood_inventory
[04-Nov-2025 21:20:58 Asia/Manila] Error getting inventory: SQLSTATE[HY000]: General error: 1 no such table: blood_inventory
[04-Nov-2025 21:20:58 Asia/Manila] Error getting inventory count: SQLSTATE[HY000]: General error: 1 no such table: blood_inventory
[04-Nov-2025 21:20:58 Asia/Manila] Count error: SQLSTATE[HY000]: General error: 1 no such table: blood_inventory
[04-Nov-2025 21:20:58 Asia/Manila] Count error: SQLSTATE[HY000]: General error: 1 no such table: blood_inventory
[04-Nov-2025 21:20:58 Asia/Manila] Error getting inventory: SQLSTATE[HY000]: General error: 1 no such table: blood_inventory
[04-Nov-2025 21:20:58 Asia/Manila] Error getting inventory count: SQLSTATE[HY000]: General error: 1 no such table: blood_inventory
[04-Nov-2025 21:20:58 Asia/Manila] Count error: SQLSTATE[HY000]: General error: 1 no such table: blood_inventory
[04-Nov-2025 21:20:58 Asia/Manila] Inventory error: SQLSTATE[HY000]: General error: 1 near "as": syntax error
[04-Nov-2025 21:20:58 Asia/Manila] Count error: SQLSTATE[HY000]: General error: 1 no such table: blood_inventory
[04-Nov-2025 21:20:58 Asia/Manila] Error getting dashboard summary: SQLSTATE[HY000]: General error: 1 no such table: blood_inventory
[04-Nov-2025 21:20:58 Asia/Manila] Dashboard summary error: SQLSTATE[HY000]: General error: 1 no such table: blood_inventory
[04-Nov-2025 21:20:58 Asia/Manila] Error getting inventory: SQLSTATE[HY000]: General error: 1 no such table: blood_inventory
[04-Nov-2025 21:20:58 Asia/Manila] Error getting dashboard summary: SQLSTATE[HY000]: General error: 1 no such table: blood_inventory
[04-Nov-2025 21:20:58 Asia/Manila] Count error: SQLSTATE[HY000]: General error: 1 no such table: blood_inventory
[04-Nov-2025 21:20:58 Asia/Manila] Count error: SQLSTATE[HY000]: General error: 1 no such table: blood_inventory
[04-Nov-2025 21:20:58 Asia/Manila] Inventory error: SQLSTATE[HY000]: General error: 1 near "as": syntax error
[04-Nov-2025 21:20:58 Asia/Manila] PHP Fatal error:  Uncaught PDOException: SQLSTATE[HY000]: General error: 1 no such table: blood_inventory in C:\xampp\htdocs\blood-donation-pwa-1\tests\inventory_backfill_eligibility.php:19
Stack trace:
#0 C:\xampp\htdocs\blood-donation-pwa-1\tests\inventory_backfill_eligibility.php(19): PDO->query('SELECT COUNT(DI...')
#1 C:\xampp\htdocs\blood-donation-pwa-1\tests\run_all_tests.php(16): require_once('C:\\xampp\\htdocs...')
#2 C:\xampp\htdocs\blood-donation-pwa-1\run_all_tests.php(7): require_once('C:\\xampp\\htdocs...')
#3 {main}
  thrown in C:\xampp\htdocs\blood-donation-pwa-1\tests\inventory_backfill_eligibility.php on line 19
[04-Nov-2025 21:25:23 Asia/Manila] Database connection established successfully
[04-Nov-2025 21:28:32 Asia/Manila] Database connection established successfully
[04-Nov-2025 21:28:42 Asia/Manila] Database connection established successfully
[04-Nov-2025 21:28:42 Asia/Manila] Error getting inventory: SQLSTATE[HY000]: General error: 1 no such table: donors
[04-Nov-2025 21:28:42 Asia/Manila] Error getting inventory count: SQLSTATE[HY000]: General error: 1 no such table: donors
[04-Nov-2025 21:28:42 Asia/Manila] Count error: SQLSTATE[HY000]: General error: 1 no such table: donors
[04-Nov-2025 21:28:42 Asia/Manila] Inventory error: SQLSTATE[HY000]: General error: 1 no such table: donors
[04-Nov-2025 21:28:42 Asia/Manila] Count error: SQLSTATE[HY000]: General error: 1 no such table: donors
[04-Nov-2025 21:28:42 Asia/Manila] Error getting inventory: SQLSTATE[HY000]: General error: 1 no such table: donors
[04-Nov-2025 21:28:42 Asia/Manila] Error getting inventory count: SQLSTATE[HY000]: General error: 1 no such table: donors
[04-Nov-2025 21:28:42 Asia/Manila] Count error: SQLSTATE[HY000]: General error: 1 no such table: donors
[04-Nov-2025 21:28:42 Asia/Manila] Inventory error: SQLSTATE[HY000]: General error: 1 no such table: donors
[04-Nov-2025 21:28:42 Asia/Manila] Count error: SQLSTATE[HY000]: General error: 1 no such table: donors
[04-Nov-2025 21:28:42 Asia/Manila] Error getting inventory: SQLSTATE[HY000]: General error: 1 no such table: donors
[04-Nov-2025 21:28:42 Asia/Manila] Error getting inventory count: SQLSTATE[HY000]: General error: 1 no such table: donors
[04-Nov-2025 21:28:42 Asia/Manila] Error getting inventory: SQLSTATE[HY000]: General error: 1 no such table: donors
[04-Nov-2025 21:28:42 Asia/Manila] Error getting inventory count: SQLSTATE[HY000]: General error: 1 no such table: donors
[04-Nov-2025 21:28:42 Asia/Manila] Error getting inventory: SQLSTATE[HY000]: General error: 1 no such table: donors
[04-Nov-2025 21:28:42 Asia/Manila] Error getting inventory count: SQLSTATE[HY000]: General error: 1 no such table: donors
[04-Nov-2025 21:28:42 Asia/Manila] Count error: SQLSTATE[HY000]: General error: 1 no such table: donors
[04-Nov-2025 21:28:42 Asia/Manila] Inventory error: SQLSTATE[HY000]: General error: 1 no such table: donors
[04-Nov-2025 21:28:42 Asia/Manila] Count error: SQLSTATE[HY000]: General error: 1 no such table: donors
[04-Nov-2025 21:28:42 Asia/Manila] Fallback donors served aggregation failed: SQLSTATE[HY000]: General error: 1 no such table: donors
[04-Nov-2025 21:28:42 Asia/Manila] Error getting inventory: SQLSTATE[HY000]: General error: 1 no such table: donors
[04-Nov-2025 21:28:42 Asia/Manila] Fallback donors served aggregation failed: SQLSTATE[HY000]: General error: 1 no such table: donors
[04-Nov-2025 21:28:42 Asia/Manila] Count error: SQLSTATE[HY000]: General error: 1 no such table: donors
[04-Nov-2025 21:28:42 Asia/Manila] Count error: SQLSTATE[HY000]: General error: 1 no such table: donors
[04-Nov-2025 21:28:42 Asia/Manila] Inventory error: SQLSTATE[HY000]: General error: 1 no such table: donors
[04-Nov-2025 21:28:42 Asia/Manila] PHP Fatal error:  Uncaught PDOException: SQLSTATE[HY000]: General error: 1 no such table: donors in C:\xampp\htdocs\blood-donation-pwa-1\tests\inventory_backfill_eligibility.php:18
Stack trace:
#0 C:\xampp\htdocs\blood-donation-pwa-1\tests\inventory_backfill_eligibility.php(18): PDO->query('SELECT COUNT(*)...')
#1 C:\xampp\htdocs\blood-donation-pwa-1\tests\run_all_tests.php(16): require_once('C:\\xampp\\htdocs...')
#2 C:\xampp\htdocs\blood-donation-pwa-1\run_all_tests.php(7): require_once('C:\\xampp\\htdocs...')
#3 {main}
  thrown in C:\xampp\htdocs\blood-donation-pwa-1\tests\inventory_backfill_eligibility.php on line 18
[04-Nov-2025 21:29:33 Asia/Manila] Database connection established successfully
[04-Nov-2025 21:29:33 Asia/Manila] Error getting inventory: SQLSTATE[HY000]: General error: 1 no such table: donors
[04-Nov-2025 21:29:33 Asia/Manila] Error getting inventory count: SQLSTATE[HY000]: General error: 1 no such table: donors
[04-Nov-2025 21:29:33 Asia/Manila] Count error: SQLSTATE[HY000]: General error: 1 no such table: donors
[04-Nov-2025 21:29:33 Asia/Manila] Inventory error: SQLSTATE[HY000]: General error: 1 no such table: donors
[04-Nov-2025 21:29:33 Asia/Manila] Count error: SQLSTATE[HY000]: General error: 1 no such table: donors
[04-Nov-2025 21:29:33 Asia/Manila] Error getting inventory: SQLSTATE[HY000]: General error: 1 no such table: donors
[04-Nov-2025 21:29:33 Asia/Manila] Error getting inventory count: SQLSTATE[HY000]: General error: 1 no such table: donors
[04-Nov-2025 21:29:33 Asia/Manila] Count error: SQLSTATE[HY000]: General error: 1 no such table: donors
[04-Nov-2025 21:29:33 Asia/Manila] Inventory error: SQLSTATE[HY000]: General error: 1 no such table: donors
[04-Nov-2025 21:29:33 Asia/Manila] Count error: SQLSTATE[HY000]: General error: 1 no such table: donors
[04-Nov-2025 21:29:33 Asia/Manila] Error getting inventory: SQLSTATE[HY000]: General error: 1 no such table: donors
[04-Nov-2025 21:29:33 Asia/Manila] Error getting inventory count: SQLSTATE[HY000]: General error: 1 no such table: donors
[04-Nov-2025 21:29:33 Asia/Manila] Error getting inventory: SQLSTATE[HY000]: General error: 1 no such table: donors
[04-Nov-2025 21:29:33 Asia/Manila] Error getting inventory count: SQLSTATE[HY000]: General error: 1 no such table: donors
[04-Nov-2025 21:29:33 Asia/Manila] Error getting inventory: SQLSTATE[HY000]: General error: 1 no such table: donors
[04-Nov-2025 21:29:33 Asia/Manila] Error getting inventory count: SQLSTATE[HY000]: General error: 1 no such table: donors
[04-Nov-2025 21:29:33 Asia/Manila] Count error: SQLSTATE[HY000]: General error: 1 no such table: donors
[04-Nov-2025 21:29:33 Asia/Manila] Inventory error: SQLSTATE[HY000]: General error: 1 no such table: donors
[04-Nov-2025 21:29:33 Asia/Manila] Count error: SQLSTATE[HY000]: General error: 1 no such table: donors
[04-Nov-2025 21:29:33 Asia/Manila] Fallback donors served aggregation failed: SQLSTATE[HY000]: General error: 1 no such table: donors
[04-Nov-2025 21:29:33 Asia/Manila] Error getting inventory: SQLSTATE[HY000]: General error: 1 no such table: donors
[04-Nov-2025 21:29:33 Asia/Manila] Fallback donors served aggregation failed: SQLSTATE[HY000]: General error: 1 no such table: donors
[04-Nov-2025 21:29:33 Asia/Manila] Count error: SQLSTATE[HY000]: General error: 1 no such table: donors
[04-Nov-2025 21:29:33 Asia/Manila] Count error: SQLSTATE[HY000]: General error: 1 no such table: donors
[04-Nov-2025 21:29:33 Asia/Manila] Inventory error: SQLSTATE[HY000]: General error: 1 no such table: donors
[04-Nov-2025 21:29:33 Asia/Manila] Fallback donors served aggregation failed: SQLSTATE[HY000]: General error: 1 no such table: donors
[04-Nov-2025 21:29:33 Asia/Manila] PHP Fatal error:  Uncaught PDOException: SQLSTATE[HY000]: General error: 1 no such table: donors in C:\xampp\htdocs\blood-donation-pwa-1\tests\backfill_run_and_verify.php:19
Stack trace:
#0 C:\xampp\htdocs\blood-donation-pwa-1\tests\backfill_run_and_verify.php(19): PDO->query('SELECT COUNT(DI...')
#1 C:\xampp\htdocs\blood-donation-pwa-1\tests\run_all_tests.php(17): require_once('C:\\xampp\\htdocs...')
#2 C:\xampp\htdocs\blood-donation-pwa-1\run_all_tests.php(7): require_once('C:\\xampp\\htdocs...')
#3 {main}
  thrown in C:\xampp\htdocs\blood-donation-pwa-1\tests\backfill_run_and_verify.php on line 19
[04-Nov-2025 21:31:10 Asia/Manila] Database connection established successfully
[04-Nov-2025 21:31:10 Asia/Manila] Error getting inventory: SQLSTATE[HY000]: General error: 1 no such table: donors
[04-Nov-2025 21:31:10 Asia/Manila] Error getting inventory count: SQLSTATE[HY000]: General error: 1 no such table: donors
[04-Nov-2025 21:31:10 Asia/Manila] Count error: SQLSTATE[HY000]: General error: 1 no such table: donors
[04-Nov-2025 21:31:10 Asia/Manila] Inventory error: SQLSTATE[HY000]: General error: 1 no such table: donors
[04-Nov-2025 21:31:10 Asia/Manila] Count error: SQLSTATE[HY000]: General error: 1 no such table: donors
[04-Nov-2025 21:31:10 Asia/Manila] Error getting inventory: SQLSTATE[HY000]: General error: 1 no such table: donors
[04-Nov-2025 21:31:10 Asia/Manila] Error getting inventory count: SQLSTATE[HY000]: General error: 1 no such table: donors
[04-Nov-2025 21:31:10 Asia/Manila] Count error: SQLSTATE[HY000]: General error: 1 no such table: donors
[04-Nov-2025 21:31:10 Asia/Manila] Inventory error: SQLSTATE[HY000]: General error: 1 no such table: donors
[04-Nov-2025 21:31:10 Asia/Manila] Count error: SQLSTATE[HY000]: General error: 1 no such table: donors
[04-Nov-2025 21:31:10 Asia/Manila] Error getting inventory: SQLSTATE[HY000]: General error: 1 no such table: donors
[04-Nov-2025 21:31:10 Asia/Manila] Error getting inventory count: SQLSTATE[HY000]: General error: 1 no such table: donors
[04-Nov-2025 21:31:10 Asia/Manila] Error getting inventory: SQLSTATE[HY000]: General error: 1 no such table: donors
[04-Nov-2025 21:31:10 Asia/Manila] Error getting inventory count: SQLSTATE[HY000]: General error: 1 no such table: donors
[04-Nov-2025 21:31:10 Asia/Manila] Error getting inventory: SQLSTATE[HY000]: General error: 1 no such table: donors
[04-Nov-2025 21:31:10 Asia/Manila] Error getting inventory count: SQLSTATE[HY000]: General error: 1 no such table: donors
[04-Nov-2025 21:31:10 Asia/Manila] Count error: SQLSTATE[HY000]: General error: 1 no such table: donors
[04-Nov-2025 21:31:10 Asia/Manila] Inventory error: SQLSTATE[HY000]: General error: 1 no such table: donors
[04-Nov-2025 21:31:10 Asia/Manila] Count error: SQLSTATE[HY000]: General error: 1 no such table: donors
[04-Nov-2025 21:31:10 Asia/Manila] Fallback donors served aggregation failed: SQLSTATE[HY000]: General error: 1 no such table: donors
[04-Nov-2025 21:31:10 Asia/Manila] Error getting inventory: SQLSTATE[HY000]: General error: 1 no such table: donors
[04-Nov-2025 21:31:10 Asia/Manila] Fallback donors served aggregation failed: SQLSTATE[HY000]: General error: 1 no such table: donors
[04-Nov-2025 21:31:10 Asia/Manila] Count error: SQLSTATE[HY000]: General error: 1 no such table: donors
[04-Nov-2025 21:31:10 Asia/Manila] Count error: SQLSTATE[HY000]: General error: 1 no such table: donors
[04-Nov-2025 21:31:10 Asia/Manila] Inventory error: SQLSTATE[HY000]: General error: 1 no such table: donors
[04-Nov-2025 21:31:10 Asia/Manila] Fallback donors served aggregation failed: SQLSTATE[HY000]: General error: 1 no such table: donors
[04-Nov-2025 21:31:10 Asia/Manila] PHP Warning:  session_start(): Session cannot be started after headers have already been sent in C:\xampp\htdocs\blood-donation-pwa-1\admin.php on line 2
[04-Nov-2025 21:31:10 Asia/Manila] PHP Warning:  require_once(includes/functions.php): Failed to open stream: No such file or directory in C:\xampp\htdocs\blood-donation-pwa-1\admin.php on line 4
[04-Nov-2025 21:31:10 Asia/Manila] PHP Fatal error:  Uncaught Error: Failed opening required 'includes/functions.php' (include_path='C:\xampp\php\PEAR') in C:\xampp\htdocs\blood-donation-pwa-1\admin.php:4
Stack trace:
#0 C:\xampp\htdocs\blood-donation-pwa-1\tests\pending_donors_admin_integration.php(75): include()
#1 C:\xampp\htdocs\blood-donation-pwa-1\tests\run_all_tests.php(19): require_once('C:\\xampp\\htdocs...')
#2 C:\xampp\htdocs\blood-donation-pwa-1\run_all_tests.php(7): require_once('C:\\xampp\\htdocs...')
#3 {main}
  thrown in C:\xampp\htdocs\blood-donation-pwa-1\admin.php on line 4
[04-Nov-2025 21:31:57 Asia/Manila] Database connection established successfully
[04-Nov-2025 21:31:57 Asia/Manila] Error getting inventory: SQLSTATE[HY000]: General error: 1 no such table: donors
[04-Nov-2025 21:31:57 Asia/Manila] Error getting inventory count: SQLSTATE[HY000]: General error: 1 no such table: donors
[04-Nov-2025 21:31:57 Asia/Manila] Count error: SQLSTATE[HY000]: General error: 1 no such table: donors
[04-Nov-2025 21:31:57 Asia/Manila] Inventory error: SQLSTATE[HY000]: General error: 1 no such table: donors
[04-Nov-2025 21:31:57 Asia/Manila] Count error: SQLSTATE[HY000]: General error: 1 no such table: donors
[04-Nov-2025 21:31:57 Asia/Manila] Error getting inventory: SQLSTATE[HY000]: General error: 1 no such table: donors
[04-Nov-2025 21:31:57 Asia/Manila] Error getting inventory count: SQLSTATE[HY000]: General error: 1 no such table: donors
[04-Nov-2025 21:31:57 Asia/Manila] Count error: SQLSTATE[HY000]: General error: 1 no such table: donors
[04-Nov-2025 21:31:57 Asia/Manila] Inventory error: SQLSTATE[HY000]: General error: 1 no such table: donors
[04-Nov-2025 21:31:57 Asia/Manila] Count error: SQLSTATE[HY000]: General error: 1 no such table: donors
[04-Nov-2025 21:31:57 Asia/Manila] Error getting inventory: SQLSTATE[HY000]: General error: 1 no such table: donors
[04-Nov-2025 21:31:57 Asia/Manila] Error getting inventory count: SQLSTATE[HY000]: General error: 1 no such table: donors
[04-Nov-2025 21:31:57 Asia/Manila] Error getting inventory: SQLSTATE[HY000]: General error: 1 no such table: donors
[04-Nov-2025 21:31:57 Asia/Manila] Error getting inventory count: SQLSTATE[HY000]: General error: 1 no such table: donors
[04-Nov-2025 21:31:57 Asia/Manila] Error getting inventory: SQLSTATE[HY000]: General error: 1 no such table: donors
[04-Nov-2025 21:31:57 Asia/Manila] Error getting inventory count: SQLSTATE[HY000]: General error: 1 no such table: donors
[04-Nov-2025 21:31:57 Asia/Manila] Count error: SQLSTATE[HY000]: General error: 1 no such table: donors
[04-Nov-2025 21:31:57 Asia/Manila] Inventory error: SQLSTATE[HY000]: General error: 1 no such table: donors
[04-Nov-2025 21:31:57 Asia/Manila] Count error: SQLSTATE[HY000]: General error: 1 no such table: donors
[04-Nov-2025 21:31:57 Asia/Manila] Fallback donors served aggregation failed: SQLSTATE[HY000]: General error: 1 no such table: donors
[04-Nov-2025 21:31:57 Asia/Manila] Error getting inventory: SQLSTATE[HY000]: General error: 1 no such table: donors
[04-Nov-2025 21:31:57 Asia/Manila] Fallback donors served aggregation failed: SQLSTATE[HY000]: General error: 1 no such table: donors
[04-Nov-2025 21:31:57 Asia/Manila] Count error: SQLSTATE[HY000]: General error: 1 no such table: donors
[04-Nov-2025 21:31:57 Asia/Manila] Count error: SQLSTATE[HY000]: General error: 1 no such table: donors
[04-Nov-2025 21:31:57 Asia/Manila] Inventory error: SQLSTATE[HY000]: General error: 1 no such table: donors
[04-Nov-2025 21:31:57 Asia/Manila] Fallback donors served aggregation failed: SQLSTATE[HY000]: General error: 1 no such table: donors
[04-Nov-2025 21:31:57 Asia/Manila] PHP Warning:  session_start(): Session cannot be started after headers have already been sent in C:\xampp\htdocs\blood-donation-pwa-1\admin.php on line 2
[04-Nov-2025 21:31:57 Asia/Manila] PHP Warning:  require_once(C:\xampp\htdocs\blood-donation-pwa-1/includes/functions.php): Failed to open stream: No such file or directory in C:\xampp\htdocs\blood-donation-pwa-1\admin.php on line 4
[04-Nov-2025 21:31:57 Asia/Manila] PHP Fatal error:  Uncaught Error: Failed opening required 'C:\xampp\htdocs\blood-donation-pwa-1/includes/functions.php' (include_path='C:\xampp\php\PEAR') in C:\xampp\htdocs\blood-donation-pwa-1\admin.php:4
Stack trace:
#0 C:\xampp\htdocs\blood-donation-pwa-1\tests\pending_donors_admin_integration.php(75): include()
#1 C:\xampp\htdocs\blood-donation-pwa-1\tests\run_all_tests.php(19): require_once('C:\\xampp\\htdocs...')
#2 C:\xampp\htdocs\blood-donation-pwa-1\run_all_tests.php(7): require_once('C:\\xampp\\htdocs...')
#3 {main}
  thrown in C:\xampp\htdocs\blood-donation-pwa-1\admin.php on line 4
[04-Nov-2025 21:32:45 Asia/Manila] Database connection established successfully
[04-Nov-2025 21:32:45 Asia/Manila] Error getting inventory: SQLSTATE[HY000]: General error: 1 no such table: donors
[04-Nov-2025 21:32:45 Asia/Manila] Error getting inventory count: SQLSTATE[HY000]: General error: 1 no such table: donors
[04-Nov-2025 21:32:45 Asia/Manila] Count error: SQLSTATE[HY000]: General error: 1 no such table: donors
[04-Nov-2025 21:32:45 Asia/Manila] Inventory error: SQLSTATE[HY000]: General error: 1 no such table: donors
[04-Nov-2025 21:32:45 Asia/Manila] Count error: SQLSTATE[HY000]: General error: 1 no such table: donors
[04-Nov-2025 21:32:45 Asia/Manila] Error getting inventory: SQLSTATE[HY000]: General error: 1 no such table: donors
[04-Nov-2025 21:32:45 Asia/Manila] Error getting inventory count: SQLSTATE[HY000]: General error: 1 no such table: donors
[04-Nov-2025 21:32:45 Asia/Manila] Count error: SQLSTATE[HY000]: General error: 1 no such table: donors
[04-Nov-2025 21:32:45 Asia/Manila] Inventory error: SQLSTATE[HY000]: General error: 1 no such table: donors
[04-Nov-2025 21:32:45 Asia/Manila] Count error: SQLSTATE[HY000]: General error: 1 no such table: donors
[04-Nov-2025 21:32:45 Asia/Manila] Error getting inventory: SQLSTATE[HY000]: General error: 1 no such table: donors
[04-Nov-2025 21:32:45 Asia/Manila] Error getting inventory count: SQLSTATE[HY000]: General error: 1 no such table: donors
[04-Nov-2025 21:32:45 Asia/Manila] Error getting inventory: SQLSTATE[HY000]: General error: 1 no such table: donors
[04-Nov-2025 21:32:45 Asia/Manila] Error getting inventory count: SQLSTATE[HY000]: General error: 1 no such table: donors
[04-Nov-2025 21:32:45 Asia/Manila] Error getting inventory: SQLSTATE[HY000]: General error: 1 no such table: donors
[04-Nov-2025 21:32:45 Asia/Manila] Error getting inventory count: SQLSTATE[HY000]: General error: 1 no such table: donors
[04-Nov-2025 21:32:45 Asia/Manila] Count error: SQLSTATE[HY000]: General error: 1 no such table: donors
[04-Nov-2025 21:32:45 Asia/Manila] Inventory error: SQLSTATE[HY000]: General error: 1 no such table: donors
[04-Nov-2025 21:32:45 Asia/Manila] Count error: SQLSTATE[HY000]: General error: 1 no such table: donors
[04-Nov-2025 21:32:45 Asia/Manila] Fallback donors served aggregation failed: SQLSTATE[HY000]: General error: 1 no such table: donors
[04-Nov-2025 21:32:45 Asia/Manila] Error getting inventory: SQLSTATE[HY000]: General error: 1 no such table: donors
[04-Nov-2025 21:32:45 Asia/Manila] Fallback donors served aggregation failed: SQLSTATE[HY000]: General error: 1 no such table: donors
[04-Nov-2025 21:32:45 Asia/Manila] Count error: SQLSTATE[HY000]: General error: 1 no such table: donors
[04-Nov-2025 21:32:45 Asia/Manila] Count error: SQLSTATE[HY000]: General error: 1 no such table: donors
[04-Nov-2025 21:32:45 Asia/Manila] Inventory error: SQLSTATE[HY000]: General error: 1 no such table: donors
[04-Nov-2025 21:32:45 Asia/Manila] Fallback donors served aggregation failed: SQLSTATE[HY000]: General error: 1 no such table: donors
[04-Nov-2025 21:32:45 Asia/Manila] PHP Warning:  session_start(): Session cannot be started after headers have already been sent in C:\xampp\htdocs\blood-donation-pwa-1\admin.php on line 2
[04-Nov-2025 21:32:45 Asia/Manila] PHP Warning:  require_once(C:\xampp\htdocs\blood-donation-pwa-1\includes\functions.php): Failed to open stream: No such file or directory in C:\xampp\htdocs\blood-donation-pwa-1\admin.php on line 4
[04-Nov-2025 21:32:45 Asia/Manila] PHP Fatal error:  Uncaught Error: Failed opening required 'C:\xampp\htdocs\blood-donation-pwa-1\includes\functions.php' (include_path='C:\xampp\php\PEAR') in C:\xampp\htdocs\blood-donation-pwa-1\admin.php:4
Stack trace:
#0 C:\xampp\htdocs\blood-donation-pwa-1\tests\pending_donors_admin_integration.php(75): include()
#1 C:\xampp\htdocs\blood-donation-pwa-1\tests\run_all_tests.php(19): require_once('C:\\xampp\\htdocs...')
#2 C:\xampp\htdocs\blood-donation-pwa-1\run_all_tests.php(7): require_once('C:\\xampp\\htdocs...')
#3 {main}
  thrown in C:\xampp\htdocs\blood-donation-pwa-1\admin.php on line 4
[04-Nov-2025 21:33:36 Asia/Manila] Database connection established successfully
[04-Nov-2025 21:33:36 Asia/Manila] Error getting inventory: SQLSTATE[HY000]: General error: 1 no such table: donors
[04-Nov-2025 21:33:36 Asia/Manila] Error getting inventory count: SQLSTATE[HY000]: General error: 1 no such table: donors
[04-Nov-2025 21:33:36 Asia/Manila] Count error: SQLSTATE[HY000]: General error: 1 no such table: donors
[04-Nov-2025 21:33:36 Asia/Manila] Inventory error: SQLSTATE[HY000]: General error: 1 no such table: donors
[04-Nov-2025 21:33:36 Asia/Manila] Count error: SQLSTATE[HY000]: General error: 1 no such table: donors
[04-Nov-2025 21:33:36 Asia/Manila] Error getting inventory: SQLSTATE[HY000]: General error: 1 no such table: donors
[04-Nov-2025 21:33:36 Asia/Manila] Error getting inventory count: SQLSTATE[HY000]: General error: 1 no such table: donors
[04-Nov-2025 21:33:36 Asia/Manila] Count error: SQLSTATE[HY000]: General error: 1 no such table: donors
[04-Nov-2025 21:33:36 Asia/Manila] Inventory error: SQLSTATE[HY000]: General error: 1 no such table: donors
[04-Nov-2025 21:33:36 Asia/Manila] Count error: SQLSTATE[HY000]: General error: 1 no such table: donors
[04-Nov-2025 21:33:36 Asia/Manila] Error getting inventory: SQLSTATE[HY000]: General error: 1 no such table: donors
[04-Nov-2025 21:33:36 Asia/Manila] Error getting inventory count: SQLSTATE[HY000]: General error: 1 no such table: donors
[04-Nov-2025 21:33:36 Asia/Manila] Error getting inventory: SQLSTATE[HY000]: General error: 1 no such table: donors
[04-Nov-2025 21:33:36 Asia/Manila] Error getting inventory count: SQLSTATE[HY000]: General error: 1 no such table: donors
[04-Nov-2025 21:33:36 Asia/Manila] Error getting inventory: SQLSTATE[HY000]: General error: 1 no such table: donors
[04-Nov-2025 21:33:36 Asia/Manila] Error getting inventory count: SQLSTATE[HY000]: General error: 1 no such table: donors
[04-Nov-2025 21:33:36 Asia/Manila] Count error: SQLSTATE[HY000]: General error: 1 no such table: donors
[04-Nov-2025 21:33:36 Asia/Manila] Inventory error: SQLSTATE[HY000]: General error: 1 no such table: donors
[04-Nov-2025 21:33:36 Asia/Manila] Count error: SQLSTATE[HY000]: General error: 1 no such table: donors
[04-Nov-2025 21:33:36 Asia/Manila] Fallback donors served aggregation failed: SQLSTATE[HY000]: General error: 1 no such table: donors
[04-Nov-2025 21:33:36 Asia/Manila] Error getting inventory: SQLSTATE[HY000]: General error: 1 no such table: donors
[04-Nov-2025 21:33:36 Asia/Manila] Fallback donors served aggregation failed: SQLSTATE[HY000]: General error: 1 no such table: donors
[04-Nov-2025 21:33:36 Asia/Manila] Count error: SQLSTATE[HY000]: General error: 1 no such table: donors
[04-Nov-2025 21:33:36 Asia/Manila] Count error: SQLSTATE[HY000]: General error: 1 no such table: donors
[04-Nov-2025 21:33:36 Asia/Manila] Inventory error: SQLSTATE[HY000]: General error: 1 no such table: donors
[04-Nov-2025 21:33:36 Asia/Manila] Fallback donors served aggregation failed: SQLSTATE[HY000]: General error: 1 no such table: donors
[04-Nov-2025 21:33:36 Asia/Manila] PHP Warning:  session_start(): Session cannot be started after headers have already been sent in C:\xampp\htdocs\blood-donation-pwa-1\admin.php on line 2
[04-Nov-2025 21:33:36 Asia/Manila] PHP Warning:  Cannot modify header information - headers already sent by (output started at C:\xampp\htdocs\blood-donation-pwa-1\tests\run_all_tests.php:9) in C:\xampp\htdocs\blood-donation-pwa-1\admin.php on line 6
[04-Nov-2025 21:34:31 Asia/Manila] Database connection established successfully
[04-Nov-2025 21:34:31 Asia/Manila] Error getting inventory: SQLSTATE[HY000]: General error: 1 no such table: donors
[04-Nov-2025 21:34:31 Asia/Manila] Error getting inventory count: SQLSTATE[HY000]: General error: 1 no such table: donors
[04-Nov-2025 21:34:31 Asia/Manila] Count error: SQLSTATE[HY000]: General error: 1 no such table: donors
[04-Nov-2025 21:34:31 Asia/Manila] Inventory error: SQLSTATE[HY000]: General error: 1 no such table: donors
[04-Nov-2025 21:34:31 Asia/Manila] Count error: SQLSTATE[HY000]: General error: 1 no such table: donors
[04-Nov-2025 21:34:31 Asia/Manila] Error getting inventory: SQLSTATE[HY000]: General error: 1 no such table: donors
[04-Nov-2025 21:34:31 Asia/Manila] Error getting inventory count: SQLSTATE[HY000]: General error: 1 no such table: donors
[04-Nov-2025 21:34:31 Asia/Manila] Count error: SQLSTATE[HY000]: General error: 1 no such table: donors
[04-Nov-2025 21:34:31 Asia/Manila] Inventory error: SQLSTATE[HY000]: General error: 1 no such table: donors
[04-Nov-2025 21:34:31 Asia/Manila] Count error: SQLSTATE[HY000]: General error: 1 no such table: donors
[04-Nov-2025 21:34:31 Asia/Manila] Error getting inventory: SQLSTATE[HY000]: General error: 1 no such table: donors
[04-Nov-2025 21:34:31 Asia/Manila] Error getting inventory count: SQLSTATE[HY000]: General error: 1 no such table: donors
[04-Nov-2025 21:34:31 Asia/Manila] Error getting inventory: SQLSTATE[HY000]: General error: 1 no such table: donors
[04-Nov-2025 21:34:31 Asia/Manila] Error getting inventory count: SQLSTATE[HY000]: General error: 1 no such table: donors
[04-Nov-2025 21:34:31 Asia/Manila] Error getting inventory: SQLSTATE[HY000]: General error: 1 no such table: donors
[04-Nov-2025 21:34:31 Asia/Manila] Error getting inventory count: SQLSTATE[HY000]: General error: 1 no such table: donors
[04-Nov-2025 21:34:31 Asia/Manila] Count error: SQLSTATE[HY000]: General error: 1 no such table: donors
[04-Nov-2025 21:34:31 Asia/Manila] Inventory error: SQLSTATE[HY000]: General error: 1 no such table: donors
[04-Nov-2025 21:34:31 Asia/Manila] Count error: SQLSTATE[HY000]: General error: 1 no such table: donors
[04-Nov-2025 21:34:31 Asia/Manila] Fallback donors served aggregation failed: SQLSTATE[HY000]: General error: 1 no such table: donors
[04-Nov-2025 21:34:31 Asia/Manila] Error getting inventory: SQLSTATE[HY000]: General error: 1 no such table: donors
[04-Nov-2025 21:34:31 Asia/Manila] Fallback donors served aggregation failed: SQLSTATE[HY000]: General error: 1 no such table: donors
[04-Nov-2025 21:34:31 Asia/Manila] Count error: SQLSTATE[HY000]: General error: 1 no such table: donors
[04-Nov-2025 21:34:31 Asia/Manila] Count error: SQLSTATE[HY000]: General error: 1 no such table: donors
[04-Nov-2025 21:34:31 Asia/Manila] Inventory error: SQLSTATE[HY000]: General error: 1 no such table: donors
[04-Nov-2025 21:34:31 Asia/Manila] Fallback donors served aggregation failed: SQLSTATE[HY000]: General error: 1 no such table: donors
[04-Nov-2025 21:34:31 Asia/Manila] PHP Warning:  session_start(): Session cannot be started after headers have already been sent in C:\xampp\htdocs\blood-donation-pwa-1\admin.php on line 2
[04-Nov-2025 21:34:31 Asia/Manila] PHP Warning:  Cannot modify header information - headers already sent by (output started at C:\xampp\htdocs\blood-donation-pwa-1\tests\utils.php:16) in C:\xampp\htdocs\blood-donation-pwa-1\admin.php on line 6
[04-Nov-2025 21:35:23 Asia/Manila] Database connection established successfully
[04-Nov-2025 21:35:23 Asia/Manila] Error getting inventory: SQLSTATE[HY000]: General error: 1 no such table: donors
[04-Nov-2025 21:35:23 Asia/Manila] Error getting inventory count: SQLSTATE[HY000]: General error: 1 no such table: donors
[04-Nov-2025 21:35:23 Asia/Manila] Count error: SQLSTATE[HY000]: General error: 1 no such table: donors
[04-Nov-2025 21:35:23 Asia/Manila] Inventory error: SQLSTATE[HY000]: General error: 1 no such table: donors
[04-Nov-2025 21:35:23 Asia/Manila] Count error: SQLSTATE[HY000]: General error: 1 no such table: donors
[04-Nov-2025 21:35:23 Asia/Manila] Error getting inventory: SQLSTATE[HY000]: General error: 1 no such table: donors
[04-Nov-2025 21:35:23 Asia/Manila] Error getting inventory count: SQLSTATE[HY000]: General error: 1 no such table: donors
[04-Nov-2025 21:35:23 Asia/Manila] Count error: SQLSTATE[HY000]: General error: 1 no such table: donors
[04-Nov-2025 21:35:23 Asia/Manila] Inventory error: SQLSTATE[HY000]: General error: 1 no such table: donors
[04-Nov-2025 21:35:23 Asia/Manila] Count error: SQLSTATE[HY000]: General error: 1 no such table: donors
[04-Nov-2025 21:35:23 Asia/Manila] Error getting inventory: SQLSTATE[HY000]: General error: 1 no such table: donors
[04-Nov-2025 21:35:23 Asia/Manila] Error getting inventory count: SQLSTATE[HY000]: General error: 1 no such table: donors
[04-Nov-2025 21:35:23 Asia/Manila] Error getting inventory: SQLSTATE[HY000]: General error: 1 no such table: donors
[04-Nov-2025 21:35:23 Asia/Manila] Error getting inventory count: SQLSTATE[HY000]: General error: 1 no such table: donors
[04-Nov-2025 21:35:23 Asia/Manila] Error getting inventory: SQLSTATE[HY000]: General error: 1 no such table: donors
[04-Nov-2025 21:35:23 Asia/Manila] Error getting inventory count: SQLSTATE[HY000]: General error: 1 no such table: donors
[04-Nov-2025 21:35:23 Asia/Manila] Count error: SQLSTATE[HY000]: General error: 1 no such table: donors
[04-Nov-2025 21:35:23 Asia/Manila] Inventory error: SQLSTATE[HY000]: General error: 1 no such table: donors
[04-Nov-2025 21:35:23 Asia/Manila] Count error: SQLSTATE[HY000]: General error: 1 no such table: donors
[04-Nov-2025 21:35:23 Asia/Manila] Fallback donors served aggregation failed: SQLSTATE[HY000]: General error: 1 no such table: donors
[04-Nov-2025 21:35:23 Asia/Manila] Error getting inventory: SQLSTATE[HY000]: General error: 1 no such table: donors
[04-Nov-2025 21:35:23 Asia/Manila] Fallback donors served aggregation failed: SQLSTATE[HY000]: General error: 1 no such table: donors
[04-Nov-2025 21:35:23 Asia/Manila] Count error: SQLSTATE[HY000]: General error: 1 no such table: donors
[04-Nov-2025 21:35:23 Asia/Manila] Count error: SQLSTATE[HY000]: General error: 1 no such table: donors
[04-Nov-2025 21:35:23 Asia/Manila] Inventory error: SQLSTATE[HY000]: General error: 1 no such table: donors
[04-Nov-2025 21:35:23 Asia/Manila] Fallback donors served aggregation failed: SQLSTATE[HY000]: General error: 1 no such table: donors
[04-Nov-2025 21:35:23 Asia/Manila] PHP Warning:  session_start(): Session cannot be started after headers have already been sent in C:\xampp\htdocs\blood-donation-pwa-1\admin.php on line 2
[04-Nov-2025 21:35:23 Asia/Manila] PHP Warning:  Cannot modify header information - headers already sent by (output started at C:\xampp\htdocs\blood-donation-pwa-1\tests\inventory_manager_consistency.php:40) in C:\xampp\htdocs\blood-donation-pwa-1\admin.php on line 6
[04-Nov-2025 21:35:46 Asia/Manila] Database connection established successfully
[04-Nov-2025 21:35:46 Asia/Manila] Error getting inventory: SQLSTATE[HY000]: General error: 1 no such table: donors
[04-Nov-2025 21:35:46 Asia/Manila] Error getting inventory count: SQLSTATE[HY000]: General error: 1 no such table: donors
[04-Nov-2025 21:35:46 Asia/Manila] Count error: SQLSTATE[HY000]: General error: 1 no such table: donors
[04-Nov-2025 21:35:46 Asia/Manila] Inventory error: SQLSTATE[HY000]: General error: 1 no such table: donors
[04-Nov-2025 21:35:46 Asia/Manila] Count error: SQLSTATE[HY000]: General error: 1 no such table: donors
[04-Nov-2025 21:35:46 Asia/Manila] Error getting inventory: SQLSTATE[HY000]: General error: 1 no such table: donors
[04-Nov-2025 21:35:46 Asia/Manila] Error getting inventory count: SQLSTATE[HY000]: General error: 1 no such table: donors
[04-Nov-2025 21:35:46 Asia/Manila] Count error: SQLSTATE[HY000]: General error: 1 no such table: donors
[04-Nov-2025 21:35:46 Asia/Manila] Inventory error: SQLSTATE[HY000]: General error: 1 no such table: donors
[04-Nov-2025 21:35:46 Asia/Manila] Count error: SQLSTATE[HY000]: General error: 1 no such table: donors
[04-Nov-2025 21:35:46 Asia/Manila] Error getting inventory: SQLSTATE[HY000]: General error: 1 no such table: donors
[04-Nov-2025 21:35:46 Asia/Manila] Error getting inventory count: SQLSTATE[HY000]: General error: 1 no such table: donors
[04-Nov-2025 21:35:46 Asia/Manila] Error getting inventory: SQLSTATE[HY000]: General error: 1 no such table: donors
[04-Nov-2025 21:35:46 Asia/Manila] Error getting inventory count: SQLSTATE[HY000]: General error: 1 no such table: donors
[04-Nov-2025 21:35:46 Asia/Manila] Error getting inventory: SQLSTATE[HY000]: General error: 1 no such table: donors
[04-Nov-2025 21:35:46 Asia/Manila] Error getting inventory count: SQLSTATE[HY000]: General error: 1 no such table: donors
[04-Nov-2025 21:35:46 Asia/Manila] Count error: SQLSTATE[HY000]: General error: 1 no such table: donors
[04-Nov-2025 21:35:46 Asia/Manila] Inventory error: SQLSTATE[HY000]: General error: 1 no such table: donors
[04-Nov-2025 21:35:46 Asia/Manila] Count error: SQLSTATE[HY000]: General error: 1 no such table: donors
[04-Nov-2025 21:35:46 Asia/Manila] Fallback donors served aggregation failed: SQLSTATE[HY000]: General error: 1 no such table: donors
[04-Nov-2025 21:35:46 Asia/Manila] Error getting inventory: SQLSTATE[HY000]: General error: 1 no such table: donors
[04-Nov-2025 21:35:46 Asia/Manila] Fallback donors served aggregation failed: SQLSTATE[HY000]: General error: 1 no such table: donors
[04-Nov-2025 21:35:46 Asia/Manila] Count error: SQLSTATE[HY000]: General error: 1 no such table: donors
[04-Nov-2025 21:35:46 Asia/Manila] Count error: SQLSTATE[HY000]: General error: 1 no such table: donors
[04-Nov-2025 21:35:46 Asia/Manila] Inventory error: SQLSTATE[HY000]: General error: 1 no such table: donors
[04-Nov-2025 21:35:46 Asia/Manila] Fallback donors served aggregation failed: SQLSTATE[HY000]: General error: 1 no such table: donors
[04-Nov-2025 21:35:46 Asia/Manila] PHP Warning:  session_start(): Session cannot be started after headers have already been sent in C:\xampp\htdocs\blood-donation-pwa-1\admin.php on line 2
[04-Nov-2025 21:35:46 Asia/Manila] PHP Warning:  Cannot modify header information - headers already sent by (output started at C:\xampp\htdocs\blood-donation-pwa-1\tests\admin_modern_page_consistency.php:57) in C:\xampp\htdocs\blood-donation-pwa-1\admin.php on line 6
[04-Nov-2025 21:36:10 Asia/Manila] Database connection established successfully
[04-Nov-2025 21:36:10 Asia/Manila] Error getting inventory: SQLSTATE[HY000]: General error: 1 no such table: donors
[04-Nov-2025 21:36:10 Asia/Manila] Error getting inventory count: SQLSTATE[HY000]: General error: 1 no such table: donors
[04-Nov-2025 21:36:10 Asia/Manila] Count error: SQLSTATE[HY000]: General error: 1 no such table: donors
[04-Nov-2025 21:36:10 Asia/Manila] Inventory error: SQLSTATE[HY000]: General error: 1 no such table: donors
[04-Nov-2025 21:36:10 Asia/Manila] Count error: SQLSTATE[HY000]: General error: 1 no such table: donors
[04-Nov-2025 21:36:10 Asia/Manila] Error getting inventory: SQLSTATE[HY000]: General error: 1 no such table: donors
[04-Nov-2025 21:36:10 Asia/Manila] Error getting inventory count: SQLSTATE[HY000]: General error: 1 no such table: donors
[04-Nov-2025 21:36:10 Asia/Manila] Count error: SQLSTATE[HY000]: General error: 1 no such table: donors
[04-Nov-2025 21:36:10 Asia/Manila] Inventory error: SQLSTATE[HY000]: General error: 1 no such table: donors
[04-Nov-2025 21:36:10 Asia/Manila] Count error: SQLSTATE[HY000]: General error: 1 no such table: donors
[04-Nov-2025 21:36:10 Asia/Manila] Error getting inventory: SQLSTATE[HY000]: General error: 1 no such table: donors
[04-Nov-2025 21:36:10 Asia/Manila] Error getting inventory count: SQLSTATE[HY000]: General error: 1 no such table: donors
[04-Nov-2025 21:36:10 Asia/Manila] Error getting inventory: SQLSTATE[HY000]: General error: 1 no such table: donors
[04-Nov-2025 21:36:10 Asia/Manila] Error getting inventory count: SQLSTATE[HY000]: General error: 1 no such table: donors
[04-Nov-2025 21:36:10 Asia/Manila] Error getting inventory: SQLSTATE[HY000]: General error: 1 no such table: donors
[04-Nov-2025 21:36:10 Asia/Manila] Error getting inventory count: SQLSTATE[HY000]: General error: 1 no such table: donors
[04-Nov-2025 21:36:10 Asia/Manila] Count error: SQLSTATE[HY000]: General error: 1 no such table: donors
[04-Nov-2025 21:36:10 Asia/Manila] Inventory error: SQLSTATE[HY000]: General error: 1 no such table: donors
[04-Nov-2025 21:36:10 Asia/Manila] Count error: SQLSTATE[HY000]: General error: 1 no such table: donors
[04-Nov-2025 21:36:10 Asia/Manila] Fallback donors served aggregation failed: SQLSTATE[HY000]: General error: 1 no such table: donors
[04-Nov-2025 21:36:10 Asia/Manila] Error getting inventory: SQLSTATE[HY000]: General error: 1 no such table: donors
[04-Nov-2025 21:36:10 Asia/Manila] Fallback donors served aggregation failed: SQLSTATE[HY000]: General error: 1 no such table: donors
[04-Nov-2025 21:36:10 Asia/Manila] Count error: SQLSTATE[HY000]: General error: 1 no such table: donors
[04-Nov-2025 21:36:10 Asia/Manila] Count error: SQLSTATE[HY000]: General error: 1 no such table: donors
[04-Nov-2025 21:36:10 Asia/Manila] Inventory error: SQLSTATE[HY000]: General error: 1 no such table: donors
[04-Nov-2025 21:36:10 Asia/Manila] Fallback donors served aggregation failed: SQLSTATE[HY000]: General error: 1 no such table: donors
[04-Nov-2025 21:36:10 Asia/Manila] PHP Warning:  session_start(): Session cannot be started after headers have already been sent in C:\xampp\htdocs\blood-donation-pwa-1\admin.php on line 2
[04-Nov-2025 21:36:10 Asia/Manila] PHP Warning:  Cannot modify header information - headers already sent by (output started at C:\xampp\htdocs\blood-donation-pwa-1\tests\inventory_backfill_eligibility.php:22) in C:\xampp\htdocs\blood-donation-pwa-1\admin.php on line 6
[04-Nov-2025 21:36:37 Asia/Manila] Database connection established successfully
[04-Nov-2025 21:36:37 Asia/Manila] Error getting inventory: SQLSTATE[HY000]: General error: 1 no such table: donors
[04-Nov-2025 21:36:37 Asia/Manila] Error getting inventory count: SQLSTATE[HY000]: General error: 1 no such table: donors
[04-Nov-2025 21:36:37 Asia/Manila] Count error: SQLSTATE[HY000]: General error: 1 no such table: donors
[04-Nov-2025 21:36:37 Asia/Manila] Inventory error: SQLSTATE[HY000]: General error: 1 no such table: donors
[04-Nov-2025 21:36:37 Asia/Manila] Count error: SQLSTATE[HY000]: General error: 1 no such table: donors
[04-Nov-2025 21:36:37 Asia/Manila] Error getting inventory: SQLSTATE[HY000]: General error: 1 no such table: donors
[04-Nov-2025 21:36:37 Asia/Manila] Error getting inventory count: SQLSTATE[HY000]: General error: 1 no such table: donors
[04-Nov-2025 21:36:37 Asia/Manila] Count error: SQLSTATE[HY000]: General error: 1 no such table: donors
[04-Nov-2025 21:36:37 Asia/Manila] Inventory error: SQLSTATE[HY000]: General error: 1 no such table: donors
[04-Nov-2025 21:36:37 Asia/Manila] Count error: SQLSTATE[HY000]: General error: 1 no such table: donors
[04-Nov-2025 21:36:37 Asia/Manila] Error getting inventory: SQLSTATE[HY000]: General error: 1 no such table: donors
[04-Nov-2025 21:36:37 Asia/Manila] Error getting inventory count: SQLSTATE[HY000]: General error: 1 no such table: donors
[04-Nov-2025 21:36:37 Asia/Manila] Error getting inventory: SQLSTATE[HY000]: General error: 1 no such table: donors
[04-Nov-2025 21:36:37 Asia/Manila] Error getting inventory count: SQLSTATE[HY000]: General error: 1 no such table: donors
[04-Nov-2025 21:36:37 Asia/Manila] Error getting inventory: SQLSTATE[HY000]: General error: 1 no such table: donors
[04-Nov-2025 21:36:37 Asia/Manila] Error getting inventory count: SQLSTATE[HY000]: General error: 1 no such table: donors
[04-Nov-2025 21:36:37 Asia/Manila] Count error: SQLSTATE[HY000]: General error: 1 no such table: donors
[04-Nov-2025 21:36:37 Asia/Manila] Inventory error: SQLSTATE[HY000]: General error: 1 no such table: donors
[04-Nov-2025 21:36:37 Asia/Manila] Count error: SQLSTATE[HY000]: General error: 1 no such table: donors
[04-Nov-2025 21:36:37 Asia/Manila] Fallback donors served aggregation failed: SQLSTATE[HY000]: General error: 1 no such table: donors
[04-Nov-2025 21:36:37 Asia/Manila] Error getting inventory: SQLSTATE[HY000]: General error: 1 no such table: donors
[04-Nov-2025 21:36:37 Asia/Manila] Fallback donors served aggregation failed: SQLSTATE[HY000]: General error: 1 no such table: donors
[04-Nov-2025 21:36:37 Asia/Manila] Count error: SQLSTATE[HY000]: General error: 1 no such table: donors
[04-Nov-2025 21:36:37 Asia/Manila] Count error: SQLSTATE[HY000]: General error: 1 no such table: donors
[04-Nov-2025 21:36:37 Asia/Manila] Inventory error: SQLSTATE[HY000]: General error: 1 no such table: donors
[04-Nov-2025 21:36:37 Asia/Manila] Fallback donors served aggregation failed: SQLSTATE[HY000]: General error: 1 no such table: donors
[04-Nov-2025 21:36:37 Asia/Manila] PHP Warning:  session_start(): Session cannot be started after headers have already been sent in C:\xampp\htdocs\blood-donation-pwa-1\admin.php on line 2
[04-Nov-2025 21:36:37 Asia/Manila] PHP Warning:  Cannot modify header information - headers already sent by (output started at C:\xampp\htdocs\blood-donation-pwa-1\tests\backfill_run_and_verify.php:22) in C:\xampp\htdocs\blood-donation-pwa-1\admin.php on line 6
[04-Nov-2025 21:37:07 Asia/Manila] Database connection established successfully
[04-Nov-2025 21:37:07 Asia/Manila] Error getting inventory: SQLSTATE[HY000]: General error: 1 no such table: donors
[04-Nov-2025 21:37:07 Asia/Manila] Error getting inventory count: SQLSTATE[HY000]: General error: 1 no such table: donors
[04-Nov-2025 21:37:07 Asia/Manila] Count error: SQLSTATE[HY000]: General error: 1 no such table: donors
[04-Nov-2025 21:37:07 Asia/Manila] Inventory error: SQLSTATE[HY000]: General error: 1 no such table: donors
[04-Nov-2025 21:37:07 Asia/Manila] Count error: SQLSTATE[HY000]: General error: 1 no such table: donors
[04-Nov-2025 21:37:07 Asia/Manila] Error getting inventory: SQLSTATE[HY000]: General error: 1 no such table: donors
[04-Nov-2025 21:37:07 Asia/Manila] Error getting inventory count: SQLSTATE[HY000]: General error: 1 no such table: donors
[04-Nov-2025 21:37:07 Asia/Manila] Count error: SQLSTATE[HY000]: General error: 1 no such table: donors
[04-Nov-2025 21:37:07 Asia/Manila] Inventory error: SQLSTATE[HY000]: General error: 1 no such table: donors
[04-Nov-2025 21:37:07 Asia/Manila] Count error: SQLSTATE[HY000]: General error: 1 no such table: donors
[04-Nov-2025 21:37:07 Asia/Manila] Error getting inventory: SQLSTATE[HY000]: General error: 1 no such table: donors
[04-Nov-2025 21:37:07 Asia/Manila] Error getting inventory count: SQLSTATE[HY000]: General error: 1 no such table: donors
[04-Nov-2025 21:37:07 Asia/Manila] Error getting inventory: SQLSTATE[HY000]: General error: 1 no such table: donors
[04-Nov-2025 21:37:07 Asia/Manila] Error getting inventory count: SQLSTATE[HY000]: General error: 1 no such table: donors
[04-Nov-2025 21:37:07 Asia/Manila] Error getting inventory: SQLSTATE[HY000]: General error: 1 no such table: donors
[04-Nov-2025 21:37:07 Asia/Manila] Error getting inventory count: SQLSTATE[HY000]: General error: 1 no such table: donors
[04-Nov-2025 21:37:07 Asia/Manila] Count error: SQLSTATE[HY000]: General error: 1 no such table: donors
[04-Nov-2025 21:37:07 Asia/Manila] Inventory error: SQLSTATE[HY000]: General error: 1 no such table: donors
[04-Nov-2025 21:37:07 Asia/Manila] Count error: SQLSTATE[HY000]: General error: 1 no such table: donors
[04-Nov-2025 21:37:07 Asia/Manila] Fallback donors served aggregation failed: SQLSTATE[HY000]: General error: 1 no such table: donors
[04-Nov-2025 21:37:07 Asia/Manila] Error getting inventory: SQLSTATE[HY000]: General error: 1 no such table: donors
[04-Nov-2025 21:37:07 Asia/Manila] Fallback donors served aggregation failed: SQLSTATE[HY000]: General error: 1 no such table: donors
[04-Nov-2025 21:37:07 Asia/Manila] Count error: SQLSTATE[HY000]: General error: 1 no such table: donors
[04-Nov-2025 21:37:07 Asia/Manila] Count error: SQLSTATE[HY000]: General error: 1 no such table: donors
[04-Nov-2025 21:37:07 Asia/Manila] Inventory error: SQLSTATE[HY000]: General error: 1 no such table: donors
[04-Nov-2025 21:37:07 Asia/Manila] Fallback donors served aggregation failed: SQLSTATE[HY000]: General error: 1 no such table: donors
[04-Nov-2025 21:37:07 Asia/Manila] PHP Warning:  session_start(): Session cannot be started after headers have already been sent in C:\xampp\htdocs\blood-donation-pwa-1\admin.php on line 2
[04-Nov-2025 21:37:07 Asia/Manila] PHP Warning:  Cannot modify header information - headers already sent by (output started at C:\xampp\htdocs\blood-donation-pwa-1\tests\pending_donors_schema_and_query.php:62) in C:\xampp\htdocs\blood-donation-pwa-1\admin.php on line 6
[04-Nov-2025 21:37:41 Asia/Manila] Database connection established successfully
[04-Nov-2025 21:37:41 Asia/Manila] Error getting inventory: SQLSTATE[HY000]: General error: 1 no such table: donors
[04-Nov-2025 21:37:41 Asia/Manila] Error getting inventory count: SQLSTATE[HY000]: General error: 1 no such table: donors
[04-Nov-2025 21:37:41 Asia/Manila] Count error: SQLSTATE[HY000]: General error: 1 no such table: donors
[04-Nov-2025 21:37:41 Asia/Manila] Inventory error: SQLSTATE[HY000]: General error: 1 no such table: donors
[04-Nov-2025 21:37:41 Asia/Manila] Count error: SQLSTATE[HY000]: General error: 1 no such table: donors
[04-Nov-2025 21:37:41 Asia/Manila] Error getting inventory: SQLSTATE[HY000]: General error: 1 no such table: donors
[04-Nov-2025 21:37:41 Asia/Manila] Error getting inventory count: SQLSTATE[HY000]: General error: 1 no such table: donors
[04-Nov-2025 21:37:41 Asia/Manila] Count error: SQLSTATE[HY000]: General error: 1 no such table: donors
[04-Nov-2025 21:37:41 Asia/Manila] Inventory error: SQLSTATE[HY000]: General error: 1 no such table: donors
[04-Nov-2025 21:37:41 Asia/Manila] Count error: SQLSTATE[HY000]: General error: 1 no such table: donors
[04-Nov-2025 21:37:41 Asia/Manila] Error getting inventory: SQLSTATE[HY000]: General error: 1 no such table: donors
[04-Nov-2025 21:37:41 Asia/Manila] Error getting inventory count: SQLSTATE[HY000]: General error: 1 no such table: donors
[04-Nov-2025 21:37:41 Asia/Manila] Error getting inventory: SQLSTATE[HY000]: General error: 1 no such table: donors
[04-Nov-2025 21:37:41 Asia/Manila] Error getting inventory count: SQLSTATE[HY000]: General error: 1 no such table: donors
[04-Nov-2025 21:37:41 Asia/Manila] Error getting inventory: SQLSTATE[HY000]: General error: 1 no such table: donors
[04-Nov-2025 21:37:41 Asia/Manila] Error getting inventory count: SQLSTATE[HY000]: General error: 1 no such table: donors
[04-Nov-2025 21:37:41 Asia/Manila] Count error: SQLSTATE[HY000]: General error: 1 no such table: donors
[04-Nov-2025 21:37:41 Asia/Manila] Inventory error: SQLSTATE[HY000]: General error: 1 no such table: donors
[04-Nov-2025 21:37:41 Asia/Manila] Count error: SQLSTATE[HY000]: General error: 1 no such table: donors
[04-Nov-2025 21:37:41 Asia/Manila] Fallback donors served aggregation failed: SQLSTATE[HY000]: General error: 1 no such table: donors
[04-Nov-2025 21:37:41 Asia/Manila] Error getting inventory: SQLSTATE[HY000]: General error: 1 no such table: donors
[04-Nov-2025 21:37:41 Asia/Manila] Fallback donors served aggregation failed: SQLSTATE[HY000]: General error: 1 no such table: donors
[04-Nov-2025 21:37:41 Asia/Manila] Count error: SQLSTATE[HY000]: General error: 1 no such table: donors
[04-Nov-2025 21:37:41 Asia/Manila] Count error: SQLSTATE[HY000]: General error: 1 no such table: donors
[04-Nov-2025 21:37:41 Asia/Manila] Inventory error: SQLSTATE[HY000]: General error: 1 no such table: donors
[04-Nov-2025 21:37:41 Asia/Manila] Fallback donors served aggregation failed: SQLSTATE[HY000]: General error: 1 no such table: donors
[04-Nov-2025 21:37:55 Asia/Manila] Database connection established successfully
[04-Nov-2025 21:37:55 Asia/Manila] Error getting inventory: SQLSTATE[HY000]: General error: 1 no such table: donors
[04-Nov-2025 21:37:55 Asia/Manila] Error getting inventory count: SQLSTATE[HY000]: General error: 1 no such table: donors
[04-Nov-2025 21:37:55 Asia/Manila] Count error: SQLSTATE[HY000]: General error: 1 no such table: donors
[04-Nov-2025 21:37:55 Asia/Manila] Inventory error: SQLSTATE[HY000]: General error: 1 no such table: donors
[04-Nov-2025 21:37:55 Asia/Manila] Count error: SQLSTATE[HY000]: General error: 1 no such table: donors
[04-Nov-2025 21:37:55 Asia/Manila] Error getting inventory: SQLSTATE[HY000]: General error: 1 no such table: donors
[04-Nov-2025 21:37:55 Asia/Manila] Error getting inventory count: SQLSTATE[HY000]: General error: 1 no such table: donors
[04-Nov-2025 21:37:55 Asia/Manila] Count error: SQLSTATE[HY000]: General error: 1 no such table: donors
[04-Nov-2025 21:37:55 Asia/Manila] Inventory error: SQLSTATE[HY000]: General error: 1 no such table: donors
[04-Nov-2025 21:37:55 Asia/Manila] Count error: SQLSTATE[HY000]: General error: 1 no such table: donors
[04-Nov-2025 21:37:55 Asia/Manila] Error getting inventory: SQLSTATE[HY000]: General error: 1 no such table: donors
[04-Nov-2025 21:37:55 Asia/Manila] Error getting inventory count: SQLSTATE[HY000]: General error: 1 no such table: donors
[04-Nov-2025 21:37:55 Asia/Manila] Error getting inventory: SQLSTATE[HY000]: General error: 1 no such table: donors
[04-Nov-2025 21:37:55 Asia/Manila] Error getting inventory count: SQLSTATE[HY000]: General error: 1 no such table: donors
[04-Nov-2025 21:37:55 Asia/Manila] Error getting inventory: SQLSTATE[HY000]: General error: 1 no such table: donors
[04-Nov-2025 21:37:55 Asia/Manila] Error getting inventory count: SQLSTATE[HY000]: General error: 1 no such table: donors
[04-Nov-2025 21:37:55 Asia/Manila] Count error: SQLSTATE[HY000]: General error: 1 no such table: donors
[04-Nov-2025 21:37:55 Asia/Manila] Inventory error: SQLSTATE[HY000]: General error: 1 no such table: donors
[04-Nov-2025 21:37:55 Asia/Manila] Count error: SQLSTATE[HY000]: General error: 1 no such table: donors
[04-Nov-2025 21:37:55 Asia/Manila] Fallback donors served aggregation failed: SQLSTATE[HY000]: General error: 1 no such table: donors
[04-Nov-2025 21:37:55 Asia/Manila] Error getting inventory: SQLSTATE[HY000]: General error: 1 no such table: donors
[04-Nov-2025 21:37:55 Asia/Manila] Fallback donors served aggregation failed: SQLSTATE[HY000]: General error: 1 no such table: donors
[04-Nov-2025 21:37:55 Asia/Manila] Count error: SQLSTATE[HY000]: General error: 1 no such table: donors
[04-Nov-2025 21:37:55 Asia/Manila] Count error: SQLSTATE[HY000]: General error: 1 no such table: donors
[04-Nov-2025 21:37:55 Asia/Manila] Inventory error: SQLSTATE[HY000]: General error: 1 no such table: donors
[04-Nov-2025 21:37:55 Asia/Manila] Fallback donors served aggregation failed: SQLSTATE[HY000]: General error: 1 no such table: donors
[04-Nov-2025 21:38:53 Asia/Manila] Database connection established successfully
[04-Nov-2025 21:38:53 Asia/Manila] Error getting inventory: SQLSTATE[HY000]: General error: 1 no such table: donors
[04-Nov-2025 21:38:53 Asia/Manila] Error getting inventory count: SQLSTATE[HY000]: General error: 1 no such table: donors
[04-Nov-2025 21:38:53 Asia/Manila] Count error: SQLSTATE[HY000]: General error: 1 no such table: donors
[04-Nov-2025 21:38:53 Asia/Manila] Inventory error: SQLSTATE[HY000]: General error: 1 no such table: donors
[04-Nov-2025 21:38:53 Asia/Manila] Count error: SQLSTATE[HY000]: General error: 1 no such table: donors
[04-Nov-2025 21:38:53 Asia/Manila] Error getting inventory: SQLSTATE[HY000]: General error: 1 no such table: donors
[04-Nov-2025 21:38:53 Asia/Manila] Error getting inventory count: SQLSTATE[HY000]: General error: 1 no such table: donors
[04-Nov-2025 21:38:53 Asia/Manila] Count error: SQLSTATE[HY000]: General error: 1 no such table: donors
[04-Nov-2025 21:38:53 Asia/Manila] Inventory error: SQLSTATE[HY000]: General error: 1 no such table: donors
[04-Nov-2025 21:38:53 Asia/Manila] Count error: SQLSTATE[HY000]: General error: 1 no such table: donors
[04-Nov-2025 21:38:53 Asia/Manila] Error getting inventory: SQLSTATE[HY000]: General error: 1 no such table: donors
[04-Nov-2025 21:38:53 Asia/Manila] Error getting inventory count: SQLSTATE[HY000]: General error: 1 no such table: donors
[04-Nov-2025 21:38:53 Asia/Manila] Error getting inventory: SQLSTATE[HY000]: General error: 1 no such table: donors
[04-Nov-2025 21:38:53 Asia/Manila] Error getting inventory count: SQLSTATE[HY000]: General error: 1 no such table: donors
[04-Nov-2025 21:38:53 Asia/Manila] Error getting inventory: SQLSTATE[HY000]: General error: 1 no such table: donors
[04-Nov-2025 21:38:53 Asia/Manila] Error getting inventory count: SQLSTATE[HY000]: General error: 1 no such table: donors
[04-Nov-2025 21:38:53 Asia/Manila] Count error: SQLSTATE[HY000]: General error: 1 no such table: donors
[04-Nov-2025 21:38:53 Asia/Manila] Inventory error: SQLSTATE[HY000]: General error: 1 no such table: donors
[04-Nov-2025 21:38:53 Asia/Manila] Count error: SQLSTATE[HY000]: General error: 1 no such table: donors
[04-Nov-2025 21:38:53 Asia/Manila] Fallback donors served aggregation failed: SQLSTATE[HY000]: General error: 1 no such table: donors
[04-Nov-2025 21:38:53 Asia/Manila] Error getting inventory: SQLSTATE[HY000]: General error: 1 no such table: donors
[04-Nov-2025 21:38:53 Asia/Manila] Fallback donors served aggregation failed: SQLSTATE[HY000]: General error: 1 no such table: donors
[04-Nov-2025 21:38:53 Asia/Manila] Count error: SQLSTATE[HY000]: General error: 1 no such table: donors
[04-Nov-2025 21:38:53 Asia/Manila] Count error: SQLSTATE[HY000]: General error: 1 no such table: donors
[04-Nov-2025 21:38:53 Asia/Manila] Inventory error: SQLSTATE[HY000]: General error: 1 no such table: donors
[04-Nov-2025 21:38:53 Asia/Manila] Fallback donors served aggregation failed: SQLSTATE[HY000]: General error: 1 no such table: donors
[04-Nov-2025 21:39:21 Asia/Manila] Database connection established successfully
[04-Nov-2025 21:39:21 Asia/Manila] Error getting inventory: SQLSTATE[HY000]: General error: 1 no such table: donors
[04-Nov-2025 21:39:21 Asia/Manila] Error getting inventory count: SQLSTATE[HY000]: General error: 1 no such table: donors
[04-Nov-2025 21:39:21 Asia/Manila] Count error: SQLSTATE[HY000]: General error: 1 no such table: donors
[04-Nov-2025 21:39:21 Asia/Manila] Inventory error: SQLSTATE[HY000]: General error: 1 no such table: donors
[04-Nov-2025 21:39:21 Asia/Manila] Count error: SQLSTATE[HY000]: General error: 1 no such table: donors
[04-Nov-2025 21:39:21 Asia/Manila] Error getting inventory: SQLSTATE[HY000]: General error: 1 no such table: donors
[04-Nov-2025 21:39:21 Asia/Manila] Error getting inventory count: SQLSTATE[HY000]: General error: 1 no such table: donors
[04-Nov-2025 21:39:21 Asia/Manila] Count error: SQLSTATE[HY000]: General error: 1 no such table: donors
[04-Nov-2025 21:39:21 Asia/Manila] Inventory error: SQLSTATE[HY000]: General error: 1 no such table: donors
[04-Nov-2025 21:39:21 Asia/Manila] Count error: SQLSTATE[HY000]: General error: 1 no such table: donors
[04-Nov-2025 21:39:21 Asia/Manila] Error getting inventory: SQLSTATE[HY000]: General error: 1 no such table: donors
[04-Nov-2025 21:39:21 Asia/Manila] Error getting inventory count: SQLSTATE[HY000]: General error: 1 no such table: donors
[04-Nov-2025 21:39:21 Asia/Manila] Error getting inventory: SQLSTATE[HY000]: General error: 1 no such table: donors
[04-Nov-2025 21:39:21 Asia/Manila] Error getting inventory count: SQLSTATE[HY000]: General error: 1 no such table: donors
[04-Nov-2025 21:39:21 Asia/Manila] Error getting inventory: SQLSTATE[HY000]: General error: 1 no such table: donors
[04-Nov-2025 21:39:21 Asia/Manila] Error getting inventory count: SQLSTATE[HY000]: General error: 1 no such table: donors
[04-Nov-2025 21:39:21 Asia/Manila] Count error: SQLSTATE[HY000]: General error: 1 no such table: donors
[04-Nov-2025 21:39:21 Asia/Manila] Inventory error: SQLSTATE[HY000]: General error: 1 no such table: donors
[04-Nov-2025 21:39:21 Asia/Manila] Count error: SQLSTATE[HY000]: General error: 1 no such table: donors
[04-Nov-2025 21:39:21 Asia/Manila] Fallback donors served aggregation failed: SQLSTATE[HY000]: General error: 1 no such table: donors
[04-Nov-2025 21:39:21 Asia/Manila] Error getting inventory: SQLSTATE[HY000]: General error: 1 no such table: donors
[04-Nov-2025 21:39:21 Asia/Manila] Fallback donors served aggregation failed: SQLSTATE[HY000]: General error: 1 no such table: donors
[04-Nov-2025 21:39:21 Asia/Manila] Count error: SQLSTATE[HY000]: General error: 1 no such table: donors
[04-Nov-2025 21:39:21 Asia/Manila] Count error: SQLSTATE[HY000]: General error: 1 no such table: donors
[04-Nov-2025 21:39:21 Asia/Manila] Inventory error: SQLSTATE[HY000]: General error: 1 no such table: donors
[04-Nov-2025 21:39:21 Asia/Manila] Fallback donors served aggregation failed: SQLSTATE[HY000]: General error: 1 no such table: donors
[04-Nov-2025 21:40:05 Asia/Manila] Database connection established successfully
[04-Nov-2025 21:40:05 Asia/Manila] Error getting inventory: SQLSTATE[HY000]: General error: 1 no such table: donors
[04-Nov-2025 21:40:05 Asia/Manila] Error getting inventory count: SQLSTATE[HY000]: General error: 1 no such table: donors
[04-Nov-2025 21:40:05 Asia/Manila] Count error: SQLSTATE[HY000]: General error: 1 no such table: donors
[04-Nov-2025 21:40:05 Asia/Manila] Inventory error: SQLSTATE[HY000]: General error: 1 no such table: donors
[04-Nov-2025 21:40:05 Asia/Manila] Count error: SQLSTATE[HY000]: General error: 1 no such table: donors
[04-Nov-2025 21:40:05 Asia/Manila] Error getting inventory: SQLSTATE[HY000]: General error: 1 no such table: donors
[04-Nov-2025 21:40:05 Asia/Manila] Error getting inventory count: SQLSTATE[HY000]: General error: 1 no such table: donors
[04-Nov-2025 21:40:05 Asia/Manila] Count error: SQLSTATE[HY000]: General error: 1 no such table: donors
[04-Nov-2025 21:40:05 Asia/Manila] Inventory error: SQLSTATE[HY000]: General error: 1 no such table: donors
[04-Nov-2025 21:40:05 Asia/Manila] Count error: SQLSTATE[HY000]: General error: 1 no such table: donors
[04-Nov-2025 21:40:05 Asia/Manila] Error getting inventory: SQLSTATE[HY000]: General error: 1 no such table: donors
[04-Nov-2025 21:40:05 Asia/Manila] Error getting inventory count: SQLSTATE[HY000]: General error: 1 no such table: donors
[04-Nov-2025 21:40:05 Asia/Manila] Error getting inventory: SQLSTATE[HY000]: General error: 1 no such table: donors
[04-Nov-2025 21:40:05 Asia/Manila] Error getting inventory count: SQLSTATE[HY000]: General error: 1 no such table: donors
[04-Nov-2025 21:40:05 Asia/Manila] Error getting inventory: SQLSTATE[HY000]: General error: 1 no such table: donors
[04-Nov-2025 21:40:05 Asia/Manila] Error getting inventory count: SQLSTATE[HY000]: General error: 1 no such table: donors
[04-Nov-2025 21:40:05 Asia/Manila] Count error: SQLSTATE[HY000]: General error: 1 no such table: donors
[04-Nov-2025 21:40:05 Asia/Manila] Inventory error: SQLSTATE[HY000]: General error: 1 no such table: donors
[04-Nov-2025 21:40:05 Asia/Manila] Count error: SQLSTATE[HY000]: General error: 1 no such table: donors
[04-Nov-2025 21:40:05 Asia/Manila] Fallback donors served aggregation failed: SQLSTATE[HY000]: General error: 1 no such table: donors
[04-Nov-2025 21:40:05 Asia/Manila] Error getting inventory: SQLSTATE[HY000]: General error: 1 no such table: donors
[04-Nov-2025 21:40:05 Asia/Manila] Fallback donors served aggregation failed: SQLSTATE[HY000]: General error: 1 no such table: donors
[04-Nov-2025 21:40:05 Asia/Manila] Count error: SQLSTATE[HY000]: General error: 1 no such table: donors
[04-Nov-2025 21:40:05 Asia/Manila] Count error: SQLSTATE[HY000]: General error: 1 no such table: donors
[04-Nov-2025 21:40:05 Asia/Manila] Inventory error: SQLSTATE[HY000]: General error: 1 no such table: donors
[04-Nov-2025 21:40:05 Asia/Manila] Fallback donors served aggregation failed: SQLSTATE[HY000]: General error: 1 no such table: donors
[04-Nov-2025 21:40:05 Asia/Manila] PHP Warning:  session_start(): Session cannot be started after headers have already been sent in C:\xampp\htdocs\blood-donation-pwa-1\admin.php on line 2
[04-Nov-2025 21:40:05 Asia/Manila] PHP Warning:  Cannot modify header information - headers already sent by (output started at C:\xampp\htdocs\blood-donation-pwa-1\tests\run_all_tests.php:9) in C:\xampp\htdocs\blood-donation-pwa-1\admin.php on line 6
[04-Nov-2025 21:40:35 Asia/Manila] Database connection established successfully
[04-Nov-2025 21:40:35 Asia/Manila] Error getting inventory: SQLSTATE[HY000]: General error: 1 no such table: donors
[04-Nov-2025 21:40:35 Asia/Manila] Error getting inventory count: SQLSTATE[HY000]: General error: 1 no such table: donors
[04-Nov-2025 21:40:35 Asia/Manila] Count error: SQLSTATE[HY000]: General error: 1 no such table: donors
[04-Nov-2025 21:40:35 Asia/Manila] Inventory error: SQLSTATE[HY000]: General error: 1 no such table: donors
[04-Nov-2025 21:40:35 Asia/Manila] Count error: SQLSTATE[HY000]: General error: 1 no such table: donors
[04-Nov-2025 21:40:35 Asia/Manila] Error getting inventory: SQLSTATE[HY000]: General error: 1 no such table: donors
[04-Nov-2025 21:40:35 Asia/Manila] Error getting inventory count: SQLSTATE[HY000]: General error: 1 no such table: donors
[04-Nov-2025 21:40:35 Asia/Manila] Count error: SQLSTATE[HY000]: General error: 1 no such table: donors
[04-Nov-2025 21:40:35 Asia/Manila] Inventory error: SQLSTATE[HY000]: General error: 1 no such table: donors
[04-Nov-2025 21:40:35 Asia/Manila] Count error: SQLSTATE[HY000]: General error: 1 no such table: donors
[04-Nov-2025 21:40:35 Asia/Manila] Error getting inventory: SQLSTATE[HY000]: General error: 1 no such table: donors
[04-Nov-2025 21:40:35 Asia/Manila] Error getting inventory count: SQLSTATE[HY000]: General error: 1 no such table: donors
[04-Nov-2025 21:40:35 Asia/Manila] Error getting inventory: SQLSTATE[HY000]: General error: 1 no such table: donors
[04-Nov-2025 21:40:35 Asia/Manila] Error getting inventory count: SQLSTATE[HY000]: General error: 1 no such table: donors
[04-Nov-2025 21:40:35 Asia/Manila] Error getting inventory: SQLSTATE[HY000]: General error: 1 no such table: donors
[04-Nov-2025 21:40:35 Asia/Manila] Error getting inventory count: SQLSTATE[HY000]: General error: 1 no such table: donors
[04-Nov-2025 21:40:35 Asia/Manila] Count error: SQLSTATE[HY000]: General error: 1 no such table: donors
[04-Nov-2025 21:40:35 Asia/Manila] Inventory error: SQLSTATE[HY000]: General error: 1 no such table: donors
[04-Nov-2025 21:40:35 Asia/Manila] Count error: SQLSTATE[HY000]: General error: 1 no such table: donors
[04-Nov-2025 21:40:35 Asia/Manila] Fallback donors served aggregation failed: SQLSTATE[HY000]: General error: 1 no such table: donors
[04-Nov-2025 21:40:35 Asia/Manila] Error getting inventory: SQLSTATE[HY000]: General error: 1 no such table: donors
[04-Nov-2025 21:40:35 Asia/Manila] Fallback donors served aggregation failed: SQLSTATE[HY000]: General error: 1 no such table: donors
[04-Nov-2025 21:40:35 Asia/Manila] Count error: SQLSTATE[HY000]: General error: 1 no such table: donors
[04-Nov-2025 21:40:35 Asia/Manila] Count error: SQLSTATE[HY000]: General error: 1 no such table: donors
[04-Nov-2025 21:40:35 Asia/Manila] Inventory error: SQLSTATE[HY000]: General error: 1 no such table: donors
[04-Nov-2025 21:40:35 Asia/Manila] Fallback donors served aggregation failed: SQLSTATE[HY000]: General error: 1 no such table: donors
[04-Nov-2025 21:41:25 Asia/Manila] Database connection established successfully
[04-Nov-2025 21:41:25 Asia/Manila] Error getting inventory: SQLSTATE[HY000]: General error: 1 no such table: donors
[04-Nov-2025 21:41:25 Asia/Manila] Error getting inventory count: SQLSTATE[HY000]: General error: 1 no such table: donors
[04-Nov-2025 21:41:25 Asia/Manila] Count error: SQLSTATE[HY000]: General error: 1 no such table: donors
[04-Nov-2025 21:41:25 Asia/Manila] Inventory error: SQLSTATE[HY000]: General error: 1 no such table: donors
[04-Nov-2025 21:41:25 Asia/Manila] Count error: SQLSTATE[HY000]: General error: 1 no such table: donors
[04-Nov-2025 21:41:25 Asia/Manila] Error getting inventory: SQLSTATE[HY000]: General error: 1 no such table: donors
[04-Nov-2025 21:41:25 Asia/Manila] Error getting inventory count: SQLSTATE[HY000]: General error: 1 no such table: donors
[04-Nov-2025 21:41:25 Asia/Manila] Count error: SQLSTATE[HY000]: General error: 1 no such table: donors
[04-Nov-2025 21:41:25 Asia/Manila] Inventory error: SQLSTATE[HY000]: General error: 1 no such table: donors
[04-Nov-2025 21:41:25 Asia/Manila] Count error: SQLSTATE[HY000]: General error: 1 no such table: donors
[04-Nov-2025 21:41:25 Asia/Manila] Error getting inventory: SQLSTATE[HY000]: General error: 1 no such table: donors
[04-Nov-2025 21:41:25 Asia/Manila] Error getting inventory count: SQLSTATE[HY000]: General error: 1 no such table: donors
[04-Nov-2025 21:41:25 Asia/Manila] Error getting inventory: SQLSTATE[HY000]: General error: 1 no such table: donors
[04-Nov-2025 21:41:25 Asia/Manila] Error getting inventory count: SQLSTATE[HY000]: General error: 1 no such table: donors
[04-Nov-2025 21:41:25 Asia/Manila] Error getting inventory: SQLSTATE[HY000]: General error: 1 no such table: donors
[04-Nov-2025 21:41:25 Asia/Manila] Error getting inventory count: SQLSTATE[HY000]: General error: 1 no such table: donors
[04-Nov-2025 21:41:25 Asia/Manila] Count error: SQLSTATE[HY000]: General error: 1 no such table: donors
[04-Nov-2025 21:41:25 Asia/Manila] Inventory error: SQLSTATE[HY000]: General error: 1 no such table: donors
[04-Nov-2025 21:41:25 Asia/Manila] Count error: SQLSTATE[HY000]: General error: 1 no such table: donors
[04-Nov-2025 21:41:43 Asia/Manila] Database connection established successfully
[04-Nov-2025 21:41:43 Asia/Manila] Error getting inventory: SQLSTATE[HY000]: General error: 1 no such table: donors
[04-Nov-2025 21:41:43 Asia/Manila] Error getting inventory count: SQLSTATE[HY000]: General error: 1 no such table: donors
[04-Nov-2025 21:41:43 Asia/Manila] Count error: SQLSTATE[HY000]: General error: 1 no such table: donors
[04-Nov-2025 21:41:43 Asia/Manila] Inventory error: SQLSTATE[HY000]: General error: 1 no such table: donors
[04-Nov-2025 21:41:43 Asia/Manila] Count error: SQLSTATE[HY000]: General error: 1 no such table: donors
[04-Nov-2025 21:41:43 Asia/Manila] Error getting inventory: SQLSTATE[HY000]: General error: 1 no such table: donors
[04-Nov-2025 21:41:43 Asia/Manila] Error getting inventory count: SQLSTATE[HY000]: General error: 1 no such table: donors
[04-Nov-2025 21:41:43 Asia/Manila] Count error: SQLSTATE[HY000]: General error: 1 no such table: donors
[04-Nov-2025 21:41:43 Asia/Manila] Inventory error: SQLSTATE[HY000]: General error: 1 no such table: donors
[04-Nov-2025 21:41:43 Asia/Manila] Count error: SQLSTATE[HY000]: General error: 1 no such table: donors
[04-Nov-2025 21:41:43 Asia/Manila] Error getting inventory: SQLSTATE[HY000]: General error: 1 no such table: donors
[04-Nov-2025 21:41:43 Asia/Manila] Error getting inventory count: SQLSTATE[HY000]: General error: 1 no such table: donors
[04-Nov-2025 21:41:43 Asia/Manila] Error getting inventory: SQLSTATE[HY000]: General error: 1 no such table: donors
[04-Nov-2025 21:41:43 Asia/Manila] Error getting inventory count: SQLSTATE[HY000]: General error: 1 no such table: donors
[04-Nov-2025 21:41:43 Asia/Manila] Error getting inventory: SQLSTATE[HY000]: General error: 1 no such table: donors
[04-Nov-2025 21:41:43 Asia/Manila] Error getting inventory count: SQLSTATE[HY000]: General error: 1 no such table: donors
[04-Nov-2025 21:41:43 Asia/Manila] Count error: SQLSTATE[HY000]: General error: 1 no such table: donors
[04-Nov-2025 21:41:43 Asia/Manila] Inventory error: SQLSTATE[HY000]: General error: 1 no such table: donors
[04-Nov-2025 21:41:43 Asia/Manila] Count error: SQLSTATE[HY000]: General error: 1 no such table: donors
[04-Nov-2025 21:41:43 Asia/Manila] Fallback donors served aggregation failed: SQLSTATE[HY000]: General error: 1 no such table: donors
[04-Nov-2025 21:41:59 Asia/Manila] Database connection established successfully
[04-Nov-2025 21:41:59 Asia/Manila] Error getting inventory: SQLSTATE[HY000]: General error: 1 no such table: donors
[04-Nov-2025 21:41:59 Asia/Manila] Error getting inventory count: SQLSTATE[HY000]: General error: 1 no such table: donors
[04-Nov-2025 21:41:59 Asia/Manila] Count error: SQLSTATE[HY000]: General error: 1 no such table: donors
[04-Nov-2025 21:41:59 Asia/Manila] Inventory error: SQLSTATE[HY000]: General error: 1 no such table: donors
[04-Nov-2025 21:41:59 Asia/Manila] Count error: SQLSTATE[HY000]: General error: 1 no such table: donors
[04-Nov-2025 21:41:59 Asia/Manila] Error getting inventory: SQLSTATE[HY000]: General error: 1 no such table: donors
[04-Nov-2025 21:41:59 Asia/Manila] Error getting inventory count: SQLSTATE[HY000]: General error: 1 no such table: donors
[04-Nov-2025 21:41:59 Asia/Manila] Count error: SQLSTATE[HY000]: General error: 1 no such table: donors
[04-Nov-2025 21:41:59 Asia/Manila] Inventory error: SQLSTATE[HY000]: General error: 1 no such table: donors
[04-Nov-2025 21:41:59 Asia/Manila] Count error: SQLSTATE[HY000]: General error: 1 no such table: donors
[04-Nov-2025 21:41:59 Asia/Manila] Error getting inventory: SQLSTATE[HY000]: General error: 1 no such table: donors
[04-Nov-2025 21:41:59 Asia/Manila] Error getting inventory count: SQLSTATE[HY000]: General error: 1 no such table: donors
[04-Nov-2025 21:41:59 Asia/Manila] Error getting inventory: SQLSTATE[HY000]: General error: 1 no such table: donors
[04-Nov-2025 21:41:59 Asia/Manila] Error getting inventory count: SQLSTATE[HY000]: General error: 1 no such table: donors
[04-Nov-2025 21:41:59 Asia/Manila] Error getting inventory: SQLSTATE[HY000]: General error: 1 no such table: donors
[04-Nov-2025 21:41:59 Asia/Manila] Error getting inventory count: SQLSTATE[HY000]: General error: 1 no such table: donors
[04-Nov-2025 21:41:59 Asia/Manila] Count error: SQLSTATE[HY000]: General error: 1 no such table: donors
[04-Nov-2025 21:41:59 Asia/Manila] Inventory error: SQLSTATE[HY000]: General error: 1 no such table: donors
[04-Nov-2025 21:41:59 Asia/Manila] Count error: SQLSTATE[HY000]: General error: 1 no such table: donors
[04-Nov-2025 21:41:59 Asia/Manila] Fallback donors served aggregation failed: SQLSTATE[HY000]: General error: 1 no such table: donors
[04-Nov-2025 21:41:59 Asia/Manila] Error getting inventory: SQLSTATE[HY000]: General error: 1 no such table: donors
[04-Nov-2025 21:41:59 Asia/Manila] Fallback donors served aggregation failed: SQLSTATE[HY000]: General error: 1 no such table: donors
[04-Nov-2025 21:41:59 Asia/Manila] Count error: SQLSTATE[HY000]: General error: 1 no such table: donors
[04-Nov-2025 21:41:59 Asia/Manila] Count error: SQLSTATE[HY000]: General error: 1 no such table: donors
[04-Nov-2025 21:41:59 Asia/Manila] Inventory error: SQLSTATE[HY000]: General error: 1 no such table: donors
[04-Nov-2025 21:42:16 Asia/Manila] Database connection established successfully
[04-Nov-2025 21:42:16 Asia/Manila] Error getting inventory: SQLSTATE[HY000]: General error: 1 no such table: donors
[04-Nov-2025 21:42:16 Asia/Manila] Error getting inventory count: SQLSTATE[HY000]: General error: 1 no such table: donors
[04-Nov-2025 21:42:16 Asia/Manila] Count error: SQLSTATE[HY000]: General error: 1 no such table: donors
[04-Nov-2025 21:42:16 Asia/Manila] Inventory error: SQLSTATE[HY000]: General error: 1 no such table: donors
[04-Nov-2025 21:42:16 Asia/Manila] Count error: SQLSTATE[HY000]: General error: 1 no such table: donors
[04-Nov-2025 21:42:16 Asia/Manila] Error getting inventory: SQLSTATE[HY000]: General error: 1 no such table: donors
[04-Nov-2025 21:42:16 Asia/Manila] Error getting inventory count: SQLSTATE[HY000]: General error: 1 no such table: donors
[04-Nov-2025 21:42:16 Asia/Manila] Count error: SQLSTATE[HY000]: General error: 1 no such table: donors
[04-Nov-2025 21:42:16 Asia/Manila] Inventory error: SQLSTATE[HY000]: General error: 1 no such table: donors
[04-Nov-2025 21:42:16 Asia/Manila] Count error: SQLSTATE[HY000]: General error: 1 no such table: donors
[04-Nov-2025 21:42:16 Asia/Manila] Error getting inventory: SQLSTATE[HY000]: General error: 1 no such table: donors
[04-Nov-2025 21:42:16 Asia/Manila] Error getting inventory count: SQLSTATE[HY000]: General error: 1 no such table: donors
[04-Nov-2025 21:42:16 Asia/Manila] Error getting inventory: SQLSTATE[HY000]: General error: 1 no such table: donors
[04-Nov-2025 21:42:16 Asia/Manila] Error getting inventory count: SQLSTATE[HY000]: General error: 1 no such table: donors
[04-Nov-2025 21:42:16 Asia/Manila] Error getting inventory: SQLSTATE[HY000]: General error: 1 no such table: donors
[04-Nov-2025 21:42:16 Asia/Manila] Error getting inventory count: SQLSTATE[HY000]: General error: 1 no such table: donors
[04-Nov-2025 21:42:16 Asia/Manila] Count error: SQLSTATE[HY000]: General error: 1 no such table: donors
[04-Nov-2025 21:42:16 Asia/Manila] Inventory error: SQLSTATE[HY000]: General error: 1 no such table: donors
[04-Nov-2025 21:42:16 Asia/Manila] Count error: SQLSTATE[HY000]: General error: 1 no such table: donors
[04-Nov-2025 21:42:16 Asia/Manila] Fallback donors served aggregation failed: SQLSTATE[HY000]: General error: 1 no such table: donors
[04-Nov-2025 21:42:16 Asia/Manila] Error getting inventory: SQLSTATE[HY000]: General error: 1 no such table: donors
[04-Nov-2025 21:42:16 Asia/Manila] Fallback donors served aggregation failed: SQLSTATE[HY000]: General error: 1 no such table: donors
[04-Nov-2025 21:42:16 Asia/Manila] Count error: SQLSTATE[HY000]: General error: 1 no such table: donors
[04-Nov-2025 21:42:16 Asia/Manila] Count error: SQLSTATE[HY000]: General error: 1 no such table: donors
[04-Nov-2025 21:42:16 Asia/Manila] Inventory error: SQLSTATE[HY000]: General error: 1 no such table: donors
[04-Nov-2025 21:42:16 Asia/Manila] Fallback donors served aggregation failed: SQLSTATE[HY000]: General error: 1 no such table: donors
[04-Nov-2025 21:42:33 Asia/Manila] Database connection established successfully
[04-Nov-2025 21:42:33 Asia/Manila] Error getting inventory: SQLSTATE[HY000]: General error: 1 no such table: donors
[04-Nov-2025 21:42:33 Asia/Manila] Error getting inventory count: SQLSTATE[HY000]: General error: 1 no such table: donors
[04-Nov-2025 21:42:33 Asia/Manila] Count error: SQLSTATE[HY000]: General error: 1 no such table: donors
[04-Nov-2025 21:42:33 Asia/Manila] Inventory error: SQLSTATE[HY000]: General error: 1 no such table: donors
[04-Nov-2025 21:42:33 Asia/Manila] Count error: SQLSTATE[HY000]: General error: 1 no such table: donors
[04-Nov-2025 21:42:33 Asia/Manila] Error getting inventory: SQLSTATE[HY000]: General error: 1 no such table: donors
[04-Nov-2025 21:42:33 Asia/Manila] Error getting inventory count: SQLSTATE[HY000]: General error: 1 no such table: donors
[04-Nov-2025 21:42:33 Asia/Manila] Count error: SQLSTATE[HY000]: General error: 1 no such table: donors
[04-Nov-2025 21:42:33 Asia/Manila] Inventory error: SQLSTATE[HY000]: General error: 1 no such table: donors
[04-Nov-2025 21:42:33 Asia/Manila] Count error: SQLSTATE[HY000]: General error: 1 no such table: donors
[04-Nov-2025 21:42:33 Asia/Manila] Error getting inventory: SQLSTATE[HY000]: General error: 1 no such table: donors
[04-Nov-2025 21:42:33 Asia/Manila] Error getting inventory count: SQLSTATE[HY000]: General error: 1 no such table: donors
[04-Nov-2025 21:42:33 Asia/Manila] Error getting inventory: SQLSTATE[HY000]: General error: 1 no such table: donors
[04-Nov-2025 21:42:33 Asia/Manila] Error getting inventory count: SQLSTATE[HY000]: General error: 1 no such table: donors
[04-Nov-2025 21:42:33 Asia/Manila] Error getting inventory: SQLSTATE[HY000]: General error: 1 no such table: donors
[04-Nov-2025 21:42:33 Asia/Manila] Error getting inventory count: SQLSTATE[HY000]: General error: 1 no such table: donors
[04-Nov-2025 21:42:33 Asia/Manila] Count error: SQLSTATE[HY000]: General error: 1 no such table: donors
[04-Nov-2025 21:42:33 Asia/Manila] Inventory error: SQLSTATE[HY000]: General error: 1 no such table: donors
[04-Nov-2025 21:42:33 Asia/Manila] Count error: SQLSTATE[HY000]: General error: 1 no such table: donors
[04-Nov-2025 21:42:33 Asia/Manila] Fallback donors served aggregation failed: SQLSTATE[HY000]: General error: 1 no such table: donors
[04-Nov-2025 21:42:33 Asia/Manila] Error getting inventory: SQLSTATE[HY000]: General error: 1 no such table: donors
[04-Nov-2025 21:42:33 Asia/Manila] Fallback donors served aggregation failed: SQLSTATE[HY000]: General error: 1 no such table: donors
[04-Nov-2025 21:42:33 Asia/Manila] Count error: SQLSTATE[HY000]: General error: 1 no such table: donors
[04-Nov-2025 21:42:33 Asia/Manila] Count error: SQLSTATE[HY000]: General error: 1 no such table: donors
[04-Nov-2025 21:42:33 Asia/Manila] Inventory error: SQLSTATE[HY000]: General error: 1 no such table: donors
[04-Nov-2025 21:42:33 Asia/Manila] Fallback donors served aggregation failed: SQLSTATE[HY000]: General error: 1 no such table: donors
[04-Nov-2025 21:42:54 Asia/Manila] Database connection established successfully
[04-Nov-2025 21:42:54 Asia/Manila] Error getting inventory: SQLSTATE[HY000]: General error: 1 no such table: donors
[04-Nov-2025 21:42:54 Asia/Manila] Error getting inventory count: SQLSTATE[HY000]: General error: 1 no such table: donors
[04-Nov-2025 21:42:54 Asia/Manila] Count error: SQLSTATE[HY000]: General error: 1 no such table: donors
[04-Nov-2025 21:42:54 Asia/Manila] Inventory error: SQLSTATE[HY000]: General error: 1 no such table: donors
[04-Nov-2025 21:42:54 Asia/Manila] Count error: SQLSTATE[HY000]: General error: 1 no such table: donors
[04-Nov-2025 21:42:54 Asia/Manila] Error getting inventory: SQLSTATE[HY000]: General error: 1 no such table: donors
[04-Nov-2025 21:42:54 Asia/Manila] Error getting inventory count: SQLSTATE[HY000]: General error: 1 no such table: donors
[04-Nov-2025 21:42:54 Asia/Manila] Count error: SQLSTATE[HY000]: General error: 1 no such table: donors
[04-Nov-2025 21:42:54 Asia/Manila] Inventory error: SQLSTATE[HY000]: General error: 1 no such table: donors
[04-Nov-2025 21:42:54 Asia/Manila] Count error: SQLSTATE[HY000]: General error: 1 no such table: donors
[04-Nov-2025 21:42:54 Asia/Manila] Error getting inventory: SQLSTATE[HY000]: General error: 1 no such table: donors
[04-Nov-2025 21:42:54 Asia/Manila] Error getting inventory count: SQLSTATE[HY000]: General error: 1 no such table: donors
[04-Nov-2025 21:42:54 Asia/Manila] Error getting inventory: SQLSTATE[HY000]: General error: 1 no such table: donors
[04-Nov-2025 21:42:54 Asia/Manila] Error getting inventory count: SQLSTATE[HY000]: General error: 1 no such table: donors
[04-Nov-2025 21:42:54 Asia/Manila] Error getting inventory: SQLSTATE[HY000]: General error: 1 no such table: donors
[04-Nov-2025 21:42:54 Asia/Manila] Error getting inventory count: SQLSTATE[HY000]: General error: 1 no such table: donors
[04-Nov-2025 21:42:54 Asia/Manila] Count error: SQLSTATE[HY000]: General error: 1 no such table: donors
[04-Nov-2025 21:42:54 Asia/Manila] Inventory error: SQLSTATE[HY000]: General error: 1 no such table: donors
[04-Nov-2025 21:42:54 Asia/Manila] Count error: SQLSTATE[HY000]: General error: 1 no such table: donors
[04-Nov-2025 21:42:54 Asia/Manila] Fallback donors served aggregation failed: SQLSTATE[HY000]: General error: 1 no such table: donors
[04-Nov-2025 21:42:54 Asia/Manila] Error getting inventory: SQLSTATE[HY000]: General error: 1 no such table: donors
[04-Nov-2025 21:42:54 Asia/Manila] Fallback donors served aggregation failed: SQLSTATE[HY000]: General error: 1 no such table: donors
[04-Nov-2025 21:42:54 Asia/Manila] Count error: SQLSTATE[HY000]: General error: 1 no such table: donors
[04-Nov-2025 21:42:54 Asia/Manila] Count error: SQLSTATE[HY000]: General error: 1 no such table: donors
[04-Nov-2025 21:42:54 Asia/Manila] Inventory error: SQLSTATE[HY000]: General error: 1 no such table: donors
[04-Nov-2025 21:42:54 Asia/Manila] Fallback donors served aggregation failed: SQLSTATE[HY000]: General error: 1 no such table: donors
[04-Nov-2025 21:43:16 Asia/Manila] Database connection established successfully
[04-Nov-2025 21:43:16 Asia/Manila] Error getting inventory: SQLSTATE[HY000]: General error: 1 no such table: donors
[04-Nov-2025 21:43:16 Asia/Manila] Error getting inventory count: SQLSTATE[HY000]: General error: 1 no such table: donors
[04-Nov-2025 21:43:16 Asia/Manila] Count error: SQLSTATE[HY000]: General error: 1 no such table: donors
[04-Nov-2025 21:43:16 Asia/Manila] Inventory error: SQLSTATE[HY000]: General error: 1 no such table: donors
[04-Nov-2025 21:43:16 Asia/Manila] Count error: SQLSTATE[HY000]: General error: 1 no such table: donors
[04-Nov-2025 21:43:16 Asia/Manila] Error getting inventory: SQLSTATE[HY000]: General error: 1 no such table: donors
[04-Nov-2025 21:43:16 Asia/Manila] Error getting inventory count: SQLSTATE[HY000]: General error: 1 no such table: donors
[04-Nov-2025 21:43:16 Asia/Manila] Count error: SQLSTATE[HY000]: General error: 1 no such table: donors
[04-Nov-2025 21:43:16 Asia/Manila] Inventory error: SQLSTATE[HY000]: General error: 1 no such table: donors
[04-Nov-2025 21:43:16 Asia/Manila] Count error: SQLSTATE[HY000]: General error: 1 no such table: donors
[04-Nov-2025 21:43:16 Asia/Manila] Error getting inventory: SQLSTATE[HY000]: General error: 1 no such table: donors
[04-Nov-2025 21:43:16 Asia/Manila] Error getting inventory count: SQLSTATE[HY000]: General error: 1 no such table: donors
[04-Nov-2025 21:43:16 Asia/Manila] Error getting inventory: SQLSTATE[HY000]: General error: 1 no such table: donors
[04-Nov-2025 21:43:16 Asia/Manila] Error getting inventory count: SQLSTATE[HY000]: General error: 1 no such table: donors
[04-Nov-2025 21:43:16 Asia/Manila] Error getting inventory: SQLSTATE[HY000]: General error: 1 no such table: donors
[04-Nov-2025 21:43:16 Asia/Manila] Error getting inventory count: SQLSTATE[HY000]: General error: 1 no such table: donors
[04-Nov-2025 21:43:16 Asia/Manila] Count error: SQLSTATE[HY000]: General error: 1 no such table: donors
[04-Nov-2025 21:43:16 Asia/Manila] Inventory error: SQLSTATE[HY000]: General error: 1 no such table: donors
[04-Nov-2025 21:43:16 Asia/Manila] Count error: SQLSTATE[HY000]: General error: 1 no such table: donors
[04-Nov-2025 21:43:16 Asia/Manila] Fallback donors served aggregation failed: SQLSTATE[HY000]: General error: 1 no such table: donors
[04-Nov-2025 21:43:16 Asia/Manila] Error getting inventory: SQLSTATE[HY000]: General error: 1 no such table: donors
[04-Nov-2025 21:43:16 Asia/Manila] Fallback donors served aggregation failed: SQLSTATE[HY000]: General error: 1 no such table: donors
[04-Nov-2025 21:43:16 Asia/Manila] Count error: SQLSTATE[HY000]: General error: 1 no such table: donors
[04-Nov-2025 21:43:16 Asia/Manila] Count error: SQLSTATE[HY000]: General error: 1 no such table: donors
[04-Nov-2025 21:43:16 Asia/Manila] Inventory error: SQLSTATE[HY000]: General error: 1 no such table: donors
[04-Nov-2025 21:43:16 Asia/Manila] Fallback donors served aggregation failed: SQLSTATE[HY000]: General error: 1 no such table: donors
[04-Nov-2025 21:43:51 Asia/Manila] Database connection established successfully
[04-Nov-2025 21:43:51 Asia/Manila] Error getting inventory: SQLSTATE[HY000]: General error: 1 no such table: donors
[04-Nov-2025 21:43:51 Asia/Manila] Error getting inventory count: SQLSTATE[HY000]: General error: 1 no such table: donors
[04-Nov-2025 21:43:51 Asia/Manila] Count error: SQLSTATE[HY000]: General error: 1 no such table: donors
[04-Nov-2025 21:43:51 Asia/Manila] Inventory error: SQLSTATE[HY000]: General error: 1 no such table: donors
[04-Nov-2025 21:43:51 Asia/Manila] Count error: SQLSTATE[HY000]: General error: 1 no such table: donors
[04-Nov-2025 21:43:51 Asia/Manila] Error getting inventory: SQLSTATE[HY000]: General error: 1 no such table: donors
[04-Nov-2025 21:43:51 Asia/Manila] Error getting inventory count: SQLSTATE[HY000]: General error: 1 no such table: donors
[04-Nov-2025 21:43:51 Asia/Manila] Count error: SQLSTATE[HY000]: General error: 1 no such table: donors
[04-Nov-2025 21:43:51 Asia/Manila] Inventory error: SQLSTATE[HY000]: General error: 1 no such table: donors
[04-Nov-2025 21:43:51 Asia/Manila] Count error: SQLSTATE[HY000]: General error: 1 no such table: donors
[04-Nov-2025 21:43:51 Asia/Manila] Error getting inventory: SQLSTATE[HY000]: General error: 1 no such table: donors
[04-Nov-2025 21:43:51 Asia/Manila] Error getting inventory count: SQLSTATE[HY000]: General error: 1 no such table: donors
[04-Nov-2025 21:43:51 Asia/Manila] Error getting inventory: SQLSTATE[HY000]: General error: 1 no such table: donors
[04-Nov-2025 21:43:51 Asia/Manila] Error getting inventory count: SQLSTATE[HY000]: General error: 1 no such table: donors
[04-Nov-2025 21:43:51 Asia/Manila] Error getting inventory: SQLSTATE[HY000]: General error: 1 no such table: donors
[04-Nov-2025 21:43:51 Asia/Manila] Error getting inventory count: SQLSTATE[HY000]: General error: 1 no such table: donors
[04-Nov-2025 21:43:51 Asia/Manila] Count error: SQLSTATE[HY000]: General error: 1 no such table: donors
[04-Nov-2025 21:43:51 Asia/Manila] Inventory error: SQLSTATE[HY000]: General error: 1 no such table: donors
[04-Nov-2025 21:43:51 Asia/Manila] Count error: SQLSTATE[HY000]: General error: 1 no such table: donors
[04-Nov-2025 21:43:51 Asia/Manila] Fallback donors served aggregation failed: SQLSTATE[HY000]: General error: 1 no such table: donors
[04-Nov-2025 21:43:51 Asia/Manila] Error getting inventory: SQLSTATE[HY000]: General error: 1 no such table: donors
[04-Nov-2025 21:43:51 Asia/Manila] Fallback donors served aggregation failed: SQLSTATE[HY000]: General error: 1 no such table: donors
[04-Nov-2025 21:43:51 Asia/Manila] Count error: SQLSTATE[HY000]: General error: 1 no such table: donors
[04-Nov-2025 21:43:51 Asia/Manila] Count error: SQLSTATE[HY000]: General error: 1 no such table: donors
[04-Nov-2025 21:43:51 Asia/Manila] Inventory error: SQLSTATE[HY000]: General error: 1 no such table: donors
[04-Nov-2025 21:43:51 Asia/Manila] Fallback donors served aggregation failed: SQLSTATE[HY000]: General error: 1 no such table: donors
[04-Nov-2025 21:44:24 Asia/Manila] Database connection established successfully
[04-Nov-2025 21:44:24 Asia/Manila] Error getting inventory: SQLSTATE[HY000]: General error: 1 no such table: donors
[04-Nov-2025 21:44:24 Asia/Manila] Error getting inventory count: SQLSTATE[HY000]: General error: 1 no such table: donors
[04-Nov-2025 21:44:24 Asia/Manila] Count error: SQLSTATE[HY000]: General error: 1 no such table: donors
[04-Nov-2025 21:44:24 Asia/Manila] Inventory error: SQLSTATE[HY000]: General error: 1 no such table: donors
[04-Nov-2025 21:44:24 Asia/Manila] Count error: SQLSTATE[HY000]: General error: 1 no such table: donors
[04-Nov-2025 21:44:24 Asia/Manila] Error getting inventory: SQLSTATE[HY000]: General error: 1 no such table: donors
[04-Nov-2025 21:44:24 Asia/Manila] Error getting inventory count: SQLSTATE[HY000]: General error: 1 no such table: donors
[04-Nov-2025 21:44:24 Asia/Manila] Count error: SQLSTATE[HY000]: General error: 1 no such table: donors
[04-Nov-2025 21:44:24 Asia/Manila] Inventory error: SQLSTATE[HY000]: General error: 1 no such table: donors
[04-Nov-2025 21:44:24 Asia/Manila] Count error: SQLSTATE[HY000]: General error: 1 no such table: donors
[04-Nov-2025 21:44:24 Asia/Manila] Error getting inventory: SQLSTATE[HY000]: General error: 1 no such table: donors
[04-Nov-2025 21:44:24 Asia/Manila] Error getting inventory count: SQLSTATE[HY000]: General error: 1 no such table: donors
[04-Nov-2025 21:44:24 Asia/Manila] Error getting inventory: SQLSTATE[HY000]: General error: 1 no such table: donors
[04-Nov-2025 21:44:24 Asia/Manila] Error getting inventory count: SQLSTATE[HY000]: General error: 1 no such table: donors
[04-Nov-2025 21:44:24 Asia/Manila] Error getting inventory: SQLSTATE[HY000]: General error: 1 no such table: donors
[04-Nov-2025 21:44:24 Asia/Manila] Error getting inventory count: SQLSTATE[HY000]: General error: 1 no such table: donors
[04-Nov-2025 21:44:24 Asia/Manila] Count error: SQLSTATE[HY000]: General error: 1 no such table: donors
[04-Nov-2025 21:44:24 Asia/Manila] Inventory error: SQLSTATE[HY000]: General error: 1 no such table: donors
[04-Nov-2025 21:44:24 Asia/Manila] Count error: SQLSTATE[HY000]: General error: 1 no such table: donors
[04-Nov-2025 21:44:24 Asia/Manila] Fallback donors served aggregation failed: SQLSTATE[HY000]: General error: 1 no such table: donors
[04-Nov-2025 21:44:24 Asia/Manila] Error getting inventory: SQLSTATE[HY000]: General error: 1 no such table: donors
[04-Nov-2025 21:44:24 Asia/Manila] Fallback donors served aggregation failed: SQLSTATE[HY000]: General error: 1 no such table: donors
[04-Nov-2025 21:44:24 Asia/Manila] Count error: SQLSTATE[HY000]: General error: 1 no such table: donors
[04-Nov-2025 21:44:24 Asia/Manila] Count error: SQLSTATE[HY000]: General error: 1 no such table: donors
[04-Nov-2025 21:44:24 Asia/Manila] Inventory error: SQLSTATE[HY000]: General error: 1 no such table: donors
[04-Nov-2025 21:44:24 Asia/Manila] Fallback donors served aggregation failed: SQLSTATE[HY000]: General error: 1 no such table: donors
[04-Nov-2025 21:50:26 Asia/Manila] Database connection established successfully
[04-Nov-2025 21:50:26 Asia/Manila] Error getting inventory: SQLSTATE[HY000]: General error: 1 no such table: donors
[04-Nov-2025 21:50:26 Asia/Manila] Error getting inventory count: SQLSTATE[HY000]: General error: 1 no such table: donors
[04-Nov-2025 21:50:26 Asia/Manila] Count error: SQLSTATE[HY000]: General error: 1 no such table: donors
[04-Nov-2025 21:50:26 Asia/Manila] Inventory error: SQLSTATE[HY000]: General error: 1 no such table: donors
[04-Nov-2025 21:50:26 Asia/Manila] Count error: SQLSTATE[HY000]: General error: 1 no such table: donors
[04-Nov-2025 21:50:26 Asia/Manila] Error getting inventory: SQLSTATE[HY000]: General error: 1 no such table: donors
[04-Nov-2025 21:50:26 Asia/Manila] Error getting inventory count: SQLSTATE[HY000]: General error: 1 no such table: donors
[04-Nov-2025 21:50:26 Asia/Manila] Count error: SQLSTATE[HY000]: General error: 1 no such table: donors
[04-Nov-2025 21:50:26 Asia/Manila] Inventory error: SQLSTATE[HY000]: General error: 1 no such table: donors
[04-Nov-2025 21:50:26 Asia/Manila] Count error: SQLSTATE[HY000]: General error: 1 no such table: donors
[04-Nov-2025 21:50:26 Asia/Manila] Error getting inventory: SQLSTATE[HY000]: General error: 1 no such table: donors
[04-Nov-2025 21:50:26 Asia/Manila] Error getting inventory count: SQLSTATE[HY000]: General error: 1 no such table: donors
[04-Nov-2025 21:50:26 Asia/Manila] Error getting inventory: SQLSTATE[HY000]: General error: 1 no such table: donors
[04-Nov-2025 21:50:26 Asia/Manila] Error getting inventory count: SQLSTATE[HY000]: General error: 1 no such table: donors
[04-Nov-2025 21:50:26 Asia/Manila] Error getting inventory: SQLSTATE[HY000]: General error: 1 no such table: donors
[04-Nov-2025 21:50:26 Asia/Manila] Error getting inventory count: SQLSTATE[HY000]: General error: 1 no such table: donors
[04-Nov-2025 21:50:26 Asia/Manila] Count error: SQLSTATE[HY000]: General error: 1 no such table: donors
[04-Nov-2025 21:50:26 Asia/Manila] Inventory error: SQLSTATE[HY000]: General error: 1 no such table: donors
[04-Nov-2025 21:50:26 Asia/Manila] Count error: SQLSTATE[HY000]: General error: 1 no such table: donors
[04-Nov-2025 21:50:26 Asia/Manila] Fallback donors served aggregation failed: SQLSTATE[HY000]: General error: 1 no such table: donors
[04-Nov-2025 21:50:26 Asia/Manila] Error getting inventory: SQLSTATE[HY000]: General error: 1 no such table: donors
[04-Nov-2025 21:50:26 Asia/Manila] Fallback donors served aggregation failed: SQLSTATE[HY000]: General error: 1 no such table: donors
[04-Nov-2025 21:50:26 Asia/Manila] Count error: SQLSTATE[HY000]: General error: 1 no such table: donors
[04-Nov-2025 21:50:26 Asia/Manila] Count error: SQLSTATE[HY000]: General error: 1 no such table: donors
[04-Nov-2025 21:50:26 Asia/Manila] Inventory error: SQLSTATE[HY000]: General error: 1 no such table: donors
[04-Nov-2025 21:50:26 Asia/Manila] Fallback donors served aggregation failed: SQLSTATE[HY000]: General error: 1 no such table: donors
[04-Nov-2025 21:51:16 Asia/Manila] Database connection established successfully
[04-Nov-2025 21:51:45 Asia/Manila] Database connection established successfully
[04-Nov-2025 21:51:45 Asia/Manila] Error getting inventory: SQLSTATE[HY000]: General error: 1 no such table: donors
[04-Nov-2025 21:51:45 Asia/Manila] Error getting inventory count: SQLSTATE[HY000]: General error: 1 no such table: donors
[04-Nov-2025 21:51:45 Asia/Manila] Count error: SQLSTATE[HY000]: General error: 1 no such table: donors
[04-Nov-2025 21:51:45 Asia/Manila] Inventory error: SQLSTATE[HY000]: General error: 1 no such table: donors
[04-Nov-2025 21:51:45 Asia/Manila] Count error: SQLSTATE[HY000]: General error: 1 no such table: donors
[04-Nov-2025 21:51:45 Asia/Manila] Error getting inventory: SQLSTATE[HY000]: General error: 1 no such table: donors
[04-Nov-2025 21:51:45 Asia/Manila] Error getting inventory count: SQLSTATE[HY000]: General error: 1 no such table: donors
[04-Nov-2025 21:51:45 Asia/Manila] Count error: SQLSTATE[HY000]: General error: 1 no such table: donors
[04-Nov-2025 21:51:45 Asia/Manila] Inventory error: SQLSTATE[HY000]: General error: 1 no such table: donors
[04-Nov-2025 21:51:45 Asia/Manila] Count error: SQLSTATE[HY000]: General error: 1 no such table: donors
[04-Nov-2025 21:51:45 Asia/Manila] Error getting inventory: SQLSTATE[HY000]: General error: 1 no such table: donors
[04-Nov-2025 21:51:45 Asia/Manila] Error getting inventory count: SQLSTATE[HY000]: General error: 1 no such table: donors
[04-Nov-2025 21:51:45 Asia/Manila] Error getting inventory: SQLSTATE[HY000]: General error: 1 no such table: donors
[04-Nov-2025 21:51:45 Asia/Manila] Error getting inventory count: SQLSTATE[HY000]: General error: 1 no such table: donors
[04-Nov-2025 21:51:45 Asia/Manila] Error getting inventory: SQLSTATE[HY000]: General error: 1 no such table: donors
[04-Nov-2025 21:51:45 Asia/Manila] Error getting inventory count: SQLSTATE[HY000]: General error: 1 no such table: donors
[04-Nov-2025 21:51:45 Asia/Manila] Count error: SQLSTATE[HY000]: General error: 1 no such table: donors
[04-Nov-2025 21:51:46 Asia/Manila] Inventory error: SQLSTATE[HY000]: General error: 1 no such table: donors
[04-Nov-2025 21:51:46 Asia/Manila] Count error: SQLSTATE[HY000]: General error: 1 no such table: donors
[04-Nov-2025 21:51:46 Asia/Manila] Fallback donors served aggregation failed: SQLSTATE[HY000]: General error: 1 no such table: donors
[04-Nov-2025 21:51:46 Asia/Manila] Error getting inventory: SQLSTATE[HY000]: General error: 1 no such table: donors
[04-Nov-2025 21:51:46 Asia/Manila] Fallback donors served aggregation failed: SQLSTATE[HY000]: General error: 1 no such table: donors
[04-Nov-2025 21:51:46 Asia/Manila] Count error: SQLSTATE[HY000]: General error: 1 no such table: donors
[04-Nov-2025 21:51:46 Asia/Manila] Count error: SQLSTATE[HY000]: General error: 1 no such table: donors
[04-Nov-2025 21:51:46 Asia/Manila] Inventory error: SQLSTATE[HY000]: General error: 1 no such table: donors
[04-Nov-2025 21:51:46 Asia/Manila] Fallback donors served aggregation failed: SQLSTATE[HY000]: General error: 1 no such table: donors
[04-Nov-2025 21:52:34 Asia/Manila] Database connection established successfully
[04-Nov-2025 21:52:34 Asia/Manila] Error getting inventory: SQLSTATE[HY000]: General error: 1 no such table: donors
[04-Nov-2025 21:52:34 Asia/Manila] Error getting inventory count: SQLSTATE[HY000]: General error: 1 no such table: donors
[04-Nov-2025 21:52:34 Asia/Manila] Count error: SQLSTATE[HY000]: General error: 1 no such table: donors
[04-Nov-2025 21:52:34 Asia/Manila] Inventory error: SQLSTATE[HY000]: General error: 1 no such table: donors
[04-Nov-2025 21:52:34 Asia/Manila] Count error: SQLSTATE[HY000]: General error: 1 no such table: donors
[04-Nov-2025 21:52:34 Asia/Manila] Error getting inventory: SQLSTATE[HY000]: General error: 1 no such table: donors
[04-Nov-2025 21:52:34 Asia/Manila] Error getting inventory count: SQLSTATE[HY000]: General error: 1 no such table: donors
[04-Nov-2025 21:52:34 Asia/Manila] Count error: SQLSTATE[HY000]: General error: 1 no such table: donors
[04-Nov-2025 21:52:34 Asia/Manila] Inventory error: SQLSTATE[HY000]: General error: 1 no such table: donors
[04-Nov-2025 21:52:34 Asia/Manila] Count error: SQLSTATE[HY000]: General error: 1 no such table: donors
[04-Nov-2025 21:52:34 Asia/Manila] Error getting inventory: SQLSTATE[HY000]: General error: 1 no such table: donors
[04-Nov-2025 21:52:34 Asia/Manila] Error getting inventory count: SQLSTATE[HY000]: General error: 1 no such table: donors
[04-Nov-2025 21:52:34 Asia/Manila] Error getting inventory: SQLSTATE[HY000]: General error: 1 no such table: donors
[04-Nov-2025 21:52:34 Asia/Manila] Error getting inventory count: SQLSTATE[HY000]: General error: 1 no such table: donors
[04-Nov-2025 21:52:34 Asia/Manila] Error getting inventory: SQLSTATE[HY000]: General error: 1 no such table: donors
[04-Nov-2025 21:52:34 Asia/Manila] Error getting inventory count: SQLSTATE[HY000]: General error: 1 no such table: donors
[04-Nov-2025 21:52:34 Asia/Manila] Count error: SQLSTATE[HY000]: General error: 1 no such table: donors
[04-Nov-2025 21:52:34 Asia/Manila] Inventory error: SQLSTATE[HY000]: General error: 1 no such table: donors
[04-Nov-2025 21:52:34 Asia/Manila] Count error: SQLSTATE[HY000]: General error: 1 no such table: donors
[04-Nov-2025 21:52:34 Asia/Manila] Fallback donors served aggregation failed: SQLSTATE[HY000]: General error: 1 no such table: donors
[04-Nov-2025 21:52:34 Asia/Manila] Error getting inventory: SQLSTATE[HY000]: General error: 1 no such table: donors
[04-Nov-2025 21:52:34 Asia/Manila] Fallback donors served aggregation failed: SQLSTATE[HY000]: General error: 1 no such table: donors
[04-Nov-2025 21:52:34 Asia/Manila] Count error: SQLSTATE[HY000]: General error: 1 no such table: donors
[04-Nov-2025 21:52:34 Asia/Manila] Count error: SQLSTATE[HY000]: General error: 1 no such table: donors
[04-Nov-2025 21:52:34 Asia/Manila] Inventory error: SQLSTATE[HY000]: General error: 1 no such table: donors
[04-Nov-2025 21:52:34 Asia/Manila] Fallback donors served aggregation failed: SQLSTATE[HY000]: General error: 1 no such table: donors
[04-Nov-2025 21:52:34 Asia/Manila] PHP Notice:  session_start(): Ignoring session_start() because a session is already active in C:\xampp\htdocs\blood-donation-pwa-1\admin.php on line 2
[04-Nov-2025 22:09:11 Asia/Manila] Database connection established successfully
[04-Nov-2025 22:09:11 Asia/Manila] Database connection established successfully
[04-Nov-2025 22:09:11 Asia/Manila] Failed to create remember tokens table: SQLSTATE[HY000]: General error: 1 near "'user'": syntax error
[04-Nov-2025 22:10:42 Asia/Manila] Database connection established successfully
[04-Nov-2025 22:10:42 Asia/Manila] PHP Fatal error:  Cannot redeclare getTableStructure() (previously declared in C:\xampp\htdocs\blood-donation-pwa-1\db_inspector.php:4) in C:\xampp\htdocs\blood-donation-pwa-1\db.php on line 185
[04-Nov-2025 22:12:28 Asia/Manila] Database connection established successfully
[04-Nov-2025 22:12:28 Asia/Manila] Database connection established successfully
[04-Nov-2025 22:12:28 Asia/Manila] Database connection established successfully
[04-Nov-2025 22:12:28 Asia/Manila] Failed to create remember tokens table: SQLSTATE[HY000]: General error: 1 near "'user'": syntax error
[04-Nov-2025 22:13:33 Asia/Manila] Database connection established successfully
[04-Nov-2025 22:13:33 Asia/Manila] PHP Fatal error:  Uncaught PDOException: SQLSTATE[HY000]: General error: 1 no such function: DATABASE in C:\xampp\htdocs\blood-donation-pwa-1\database_self_heal.php:41
Stack trace:
#0 C:\xampp\htdocs\blood-donation-pwa-1\database_self_heal.php(41): PDO->query('SELECT DATABASE...')
#1 {main}
  thrown in C:\xampp\htdocs\blood-donation-pwa-1\database_self_heal.php on line 41
[04-Nov-2025 22:13:33 Asia/Manila] Database connection established successfully
[04-Nov-2025 22:13:33 Asia/Manila] Failed to create remember tokens table: SQLSTATE[HY000]: General error: 1 near "'user'": syntax error
[04-Nov-2025 22:14:54 Asia/Manila] Database connection established successfully
[04-Nov-2025 22:14:54 Asia/Manila] PHP Fatal error:  Uncaught PDOException: SQLSTATE[HY000]: General error: 1 no such table: information_schema.tables in C:\xampp\htdocs\blood-donation-pwa-1\database_self_heal.php:66
Stack trace:
#0 C:\xampp\htdocs\blood-donation-pwa-1\database_self_heal.php(66): PDO->prepare('SELECT COUNT(*)...')
#1 C:\xampp\htdocs\blood-donation-pwa-1\database_self_heal.php(91): sh_table_exists(Object(PDO), 'donor_notes', 'main', false)
#2 C:\xampp\htdocs\blood-donation-pwa-1\database_self_heal.php(207): ensureTable(Object(PDO), 'donor_notes', 'CREATE TABLE IF...', Array, 'main', false)
#3 {main}
  thrown in C:\xampp\htdocs\blood-donation-pwa-1\database_self_heal.php on line 66
[04-Nov-2025 22:14:54 Asia/Manila] Database connection established successfully
[04-Nov-2025 22:14:54 Asia/Manila] Failed to create remember tokens table: SQLSTATE[HY000]: General error: 1 near "'user'": syntax error
[04-Nov-2025 22:15:59 Asia/Manila] Database connection established successfully
[04-Nov-2025 22:15:59 Asia/Manila] Database connection established successfully
[04-Nov-2025 22:15:59 Asia/Manila] Failed to create remember tokens table: SQLSTATE[HY000]: General error: 1 near "'user'": syntax error
[04-Nov-2025 22:16:12 Asia/Manila] Database connection established successfully
[04-Nov-2025 22:16:12 Asia/Manila] Database connection established successfully
[04-Nov-2025 22:16:12 Asia/Manila] Failed to create remember tokens table: SQLSTATE[HY000]: General error: 1 near "'user'": syntax error
[04-Nov-2025 22:16:48 Asia/Manila] Database connection established successfully
[04-Nov-2025 22:16:48 Asia/Manila] Error getting inventory: SQLSTATE[HY000]: General error: 1 no such table: blood_inventory
[04-Nov-2025 22:16:48 Asia/Manila] Error getting inventory count: SQLSTATE[HY000]: General error: 1 no such table: blood_inventory
[04-Nov-2025 22:16:48 Asia/Manila] Count error: SQLSTATE[HY000]: General error: 1 no such table: blood_inventory
[04-Nov-2025 22:16:48 Asia/Manila] Inventory error: SQLSTATE[HY000]: General error: 1 near "as": syntax error
[04-Nov-2025 22:16:48 Asia/Manila] Count error: SQLSTATE[HY000]: General error: 1 no such table: blood_inventory
[04-Nov-2025 22:16:48 Asia/Manila] Error getting inventory: SQLSTATE[HY000]: General error: 1 no such table: blood_inventory
[04-Nov-2025 22:16:48 Asia/Manila] Error getting inventory count: SQLSTATE[HY000]: General error: 1 no such table: blood_inventory
[04-Nov-2025 22:16:48 Asia/Manila] Count error: SQLSTATE[HY000]: General error: 1 no such table: blood_inventory
[04-Nov-2025 22:16:48 Asia/Manila] Inventory error: SQLSTATE[HY000]: General error: 1 near "as": syntax error
[04-Nov-2025 22:16:48 Asia/Manila] Count error: SQLSTATE[HY000]: General error: 1 no such table: blood_inventory
[04-Nov-2025 22:16:48 Asia/Manila] Error getting inventory: SQLSTATE[HY000]: General error: 1 no such table: blood_inventory
[04-Nov-2025 22:16:48 Asia/Manila] Error getting inventory count: SQLSTATE[HY000]: General error: 1 no such table: blood_inventory
[04-Nov-2025 22:16:48 Asia/Manila] Count error: SQLSTATE[HY000]: General error: 1 no such table: blood_inventory
[04-Nov-2025 22:16:48 Asia/Manila] Count error: SQLSTATE[HY000]: General error: 1 no such table: blood_inventory
[04-Nov-2025 22:16:48 Asia/Manila] Error getting inventory: SQLSTATE[HY000]: General error: 1 no such table: blood_inventory
[04-Nov-2025 22:16:48 Asia/Manila] Error getting inventory count: SQLSTATE[HY000]: General error: 1 no such table: blood_inventory
[04-Nov-2025 22:16:48 Asia/Manila] Count error: SQLSTATE[HY000]: General error: 1 no such table: blood_inventory
[04-Nov-2025 22:16:48 Asia/Manila] Count error: SQLSTATE[HY000]: General error: 1 no such table: blood_inventory
[04-Nov-2025 22:16:48 Asia/Manila] Error getting inventory: SQLSTATE[HY000]: General error: 1 no such table: blood_inventory
[04-Nov-2025 22:16:48 Asia/Manila] Error getting inventory count: SQLSTATE[HY000]: General error: 1 no such table: blood_inventory
[04-Nov-2025 22:16:48 Asia/Manila] Count error: SQLSTATE[HY000]: General error: 1 no such table: blood_inventory
[04-Nov-2025 22:16:48 Asia/Manila] Inventory error: SQLSTATE[HY000]: General error: 1 near "as": syntax error
[04-Nov-2025 22:16:48 Asia/Manila] Count error: SQLSTATE[HY000]: General error: 1 no such table: blood_inventory
[04-Nov-2025 22:16:48 Asia/Manila] Error getting dashboard summary: SQLSTATE[HY000]: General error: 1 no such table: blood_inventory
[04-Nov-2025 22:16:48 Asia/Manila] Dashboard summary error: SQLSTATE[HY000]: General error: 1 no such table: blood_inventory
[04-Nov-2025 22:16:48 Asia/Manila] Error getting inventory: SQLSTATE[HY000]: General error: 1 no such table: blood_inventory
[04-Nov-2025 22:16:48 Asia/Manila] Error getting dashboard summary: SQLSTATE[HY000]: General error: 1 no such table: blood_inventory
[04-Nov-2025 22:16:48 Asia/Manila] Count error: SQLSTATE[HY000]: General error: 1 no such table: blood_inventory
[04-Nov-2025 22:16:48 Asia/Manila] Count error: SQLSTATE[HY000]: General error: 1 no such table: blood_inventory
[04-Nov-2025 22:16:48 Asia/Manila] Inventory error: SQLSTATE[HY000]: General error: 1 near "as": syntax error
[04-Nov-2025 22:16:48 Asia/Manila] PHP Fatal error:  Uncaught PDOException: SQLSTATE[HY000]: General error: 1 no such table: blood_inventory in C:\xampp\htdocs\blood-donation-pwa-1\tests\inventory_backfill_eligibility.php:19
Stack trace:
#0 C:\xampp\htdocs\blood-donation-pwa-1\tests\inventory_backfill_eligibility.php(19): PDO->query('SELECT COUNT(DI...')
#1 C:\xampp\htdocs\blood-donation-pwa-1\tests\run_all_tests.php(18): require_once('C:\\xampp\\htdocs...')
#2 C:\xampp\htdocs\blood-donation-pwa-1\run_all_tests.php(7): require_once('C:\\xampp\\htdocs...')
#3 {main}
  thrown in C:\xampp\htdocs\blood-donation-pwa-1\tests\inventory_backfill_eligibility.php on line 19
[04-Nov-2025 22:16:48 Asia/Manila] Database connection established successfully
[04-Nov-2025 22:16:48 Asia/Manila] Failed to create remember tokens table: SQLSTATE[HY000]: General error: 1 near "'user'": syntax error
[04-Nov-2025 22:17:46 Asia/Manila] Database connection established successfully
[04-Nov-2025 22:17:46 Asia/Manila] Database connection established successfully
[04-Nov-2025 22:17:46 Asia/Manila] Failed to create remember tokens table: SQLSTATE[HY000]: General error: 1 near "'user'": syntax error
[04-Nov-2025 22:17:55 Asia/Manila] Database connection established successfully
[04-Nov-2025 22:17:55 Asia/Manila] Error getting inventory: SQLSTATE[HY000]: General error: 1 near "'5 day'": syntax error
[04-Nov-2025 22:17:55 Asia/Manila] Inventory error: SQLSTATE[HY000]: General error: 1 near "as": syntax error
[04-Nov-2025 22:17:55 Asia/Manila] Error getting inventory: SQLSTATE[HY000]: General error: 1 near "'5 day'": syntax error
[04-Nov-2025 22:17:55 Asia/Manila] Inventory error: SQLSTATE[HY000]: General error: 1 near "as": syntax error
[04-Nov-2025 22:17:55 Asia/Manila] Error getting inventory: SQLSTATE[HY000]: General error: 1 near "'5 day'": syntax error
[04-Nov-2025 22:17:55 Asia/Manila] Error getting inventory: SQLSTATE[HY000]: General error: 1 near "'5 day'": syntax error
[04-Nov-2025 22:17:55 Asia/Manila] Error getting inventory: SQLSTATE[HY000]: General error: 1 near "'5 day'": syntax error
[04-Nov-2025 22:17:55 Asia/Manila] Inventory error: SQLSTATE[HY000]: General error: 1 near "as": syntax error
[04-Nov-2025 22:17:55 Asia/Manila] Error getting inventory: SQLSTATE[HY000]: General error: 1 near "'5 day'": syntax error
[04-Nov-2025 22:17:55 Asia/Manila] Inventory error: SQLSTATE[HY000]: General error: 1 near "as": syntax error
[04-Nov-2025 22:17:55 Asia/Manila] PHP Notice:  session_start(): Ignoring session_start() because a session is already active in C:\xampp\htdocs\blood-donation-pwa-1\admin.php on line 2
[04-Nov-2025 22:17:55 Asia/Manila] Database connection established successfully
[04-Nov-2025 22:17:55 Asia/Manila] Failed to create remember tokens table: SQLSTATE[HY000]: General error: 1 near "'user'": syntax error
[04-Nov-2025 22:18:14 Asia/Manila] Database connection established successfully
[04-Nov-2025 22:18:14 Asia/Manila] Error getting inventory: SQLSTATE[HY000]: General error: 1 near "'5 day'": syntax error
[04-Nov-2025 22:18:14 Asia/Manila] Inventory error: SQLSTATE[HY000]: General error: 1 near "as": syntax error
[04-Nov-2025 22:18:14 Asia/Manila] Error getting inventory: SQLSTATE[HY000]: General error: 1 near "'5 day'": syntax error
[04-Nov-2025 22:18:14 Asia/Manila] Inventory error: SQLSTATE[HY000]: General error: 1 near "as": syntax error
[04-Nov-2025 22:18:14 Asia/Manila] Error getting inventory: SQLSTATE[HY000]: General error: 1 near "'5 day'": syntax error
[04-Nov-2025 22:18:14 Asia/Manila] Error getting inventory: SQLSTATE[HY000]: General error: 1 near "'5 day'": syntax error
[04-Nov-2025 22:18:14 Asia/Manila] Error getting inventory: SQLSTATE[HY000]: General error: 1 near "'5 day'": syntax error
[04-Nov-2025 22:18:14 Asia/Manila] Inventory error: SQLSTATE[HY000]: General error: 1 near "as": syntax error
[04-Nov-2025 22:18:14 Asia/Manila] Error getting inventory: SQLSTATE[HY000]: General error: 1 near "'5 day'": syntax error
[04-Nov-2025 22:18:14 Asia/Manila] Inventory error: SQLSTATE[HY000]: General error: 1 near "as": syntax error
[04-Nov-2025 22:18:14 Asia/Manila] PHP Notice:  session_start(): Ignoring session_start() because a session is already active in C:\xampp\htdocs\blood-donation-pwa-1\admin.php on line 2
[04-Nov-2025 22:18:39 Asia/Manila] Database connection established successfully
[04-Nov-2025 22:18:39 Asia/Manila] Database connection established successfully
[04-Nov-2025 22:18:39 Asia/Manila] Failed to create remember tokens table: SQLSTATE[HY000]: General error: 1 near "'user'": syntax error
[04-Nov-2025 22:29:03 Asia/Manila] Database connection established successfully
[04-Nov-2025 22:29:23 Asia/Manila] Database connection established successfully
[04-Nov-2025 22:30:00 Asia/Manila] Database connection established successfully
[04-Nov-2025 22:34:37 Asia/Manila] Database connection established successfully
[04-Nov-2025 22:36:39 Asia/Manila] Database connection established successfully
[04-Nov-2025 22:36:39 Asia/Manila] PHP Warning:  Undefined array key "REQUEST_METHOD" in C:\xampp\htdocs\blood-donation-pwa-1\admin-login.php on line 59
[04-Nov-2025 22:37:24 Asia/Manila] Database connection established successfully
[04-Nov-2025 22:37:24 Asia/Manila] PHP Warning:  Undefined array key "REQUEST_METHOD" in C:\xampp\htdocs\blood-donation-pwa-1\admin-login.php on line 59
[04-Nov-2025 22:38:02 Asia/Manila] Database connection established successfully
[04-Nov-2025 22:38:02 Asia/Manila] PHP Warning:  Undefined array key "REQUEST_METHOD" in C:\xampp\htdocs\blood-donation-pwa-1\admin-login.php on line 59
[05-Nov-2025 01:31:19 Asia/Manila] Database connection established successfully
[05-Nov-2025 01:31:20 Asia/Manila] Database connection established successfully
[05-Nov-2025 01:31:20 Asia/Manila] Failed to create remember tokens table: SQLSTATE[HY000]: General error: 1 near "'user'": syntax error
[05-Nov-2025 01:34:55 Asia/Manila] Database connection established successfully
[05-Nov-2025 01:34:55 Asia/Manila] PHP Warning:  Undefined variable $pdo in C:\xampp\htdocs\blood-donation-pwa-1\includes\admin_auth.php on line 47
[05-Nov-2025 01:34:55 Asia/Manila] PHP Fatal error:  Uncaught Error: Call to a member function prepare() on null in C:\xampp\htdocs\blood-donation-pwa-1\db.php:161
Stack trace:
#0 C:\xampp\htdocs\blood-donation-pwa-1\includes\admin_auth.php(47): tableExists(NULL, 'admin_users')
#1 C:\xampp\htdocs\blood-donation-pwa-1\admin\login.php(20): adminLogin('admin', 'admin123')
#2 {main}
  thrown in C:\xampp\htdocs\blood-donation-pwa-1\db.php on line 161
[05-Nov-2025 01:34:55 Asia/Manila] Database connection established successfully
[05-Nov-2025 01:34:55 Asia/Manila] Failed to create remember tokens table: SQLSTATE[HY000]: General error: 1 near "'user'": syntax error
[05-Nov-2025 10:38:44 Asia/Manila] Database connection established successfully
[05-Nov-2025 10:38:44 Asia/Manila] Database connection established successfully
[05-Nov-2025 10:38:44 Asia/Manila] Database connection established successfully
[05-Nov-2025 10:38:44 Asia/Manila] Failed to create remember tokens table: SQLSTATE[HY000]: General error: 1 near "'user'": syntax error
[05-Nov-2025 10:39:58 Asia/Manila] Database connection established successfully
[05-Nov-2025 10:39:58 Asia/Manila] Database connection established successfully
[05-Nov-2025 10:39:58 Asia/Manila] Failed to create remember tokens table: SQLSTATE[HY000]: General error: 1 near "'user'": syntax error
[05-Nov-2025 10:52:26 Asia/Manila] Database connection established successfully
[05-Nov-2025 10:52:26 Asia/Manila] Database connection established successfully
[05-Nov-2025 10:52:26 Asia/Manila] Failed to create remember tokens table: SQLSTATE[HY000]: General error: 1 near "'user'": syntax error
[05-Nov-2025 11:16:22 Asia/Manila] Database connection established successfully
[05-Nov-2025 11:16:22 Asia/Manila] Database connection established successfully
[05-Nov-2025 11:16:22 Asia/Manila] Failed to create remember tokens table: SQLSTATE[HY000]: General error: 1 near "'user'": syntax error
[05-Nov-2025 11:16:56 Asia/Manila] Database connection established successfully
[05-Nov-2025 11:16:56 Asia/Manila] Database connection established successfully
[05-Nov-2025 11:16:56 Asia/Manila] Database connection established successfully
[05-Nov-2025 11:16:56 Asia/Manila] Failed to create remember tokens table: SQLSTATE[HY000]: General error: 1 near "'user'": syntax error
[05-Nov-2025 11:23:21 Asia/Manila] Database connection established successfully
[05-Nov-2025 11:23:21 Asia/Manila] Database connection established successfully
[05-Nov-2025 11:23:21 Asia/Manila] Failed to create remember tokens table: SQLSTATE[HY000]: General error: 1 near "'user'": syntax error
[05-Nov-2025 11:36:06 Asia/Manila] Database connection established successfully
[05-Nov-2025 11:36:06 Asia/Manila] Database connection established successfully
[05-Nov-2025 11:36:06 Asia/Manila] Database connection established successfully
[05-Nov-2025 11:36:06 Asia/Manila] Failed to create remember tokens table: SQLSTATE[HY000]: General error: 1 near "'user'": syntax error
[05-Nov-2025 11:44:58 Asia/Manila] Database connection established successfully
[05-Nov-2025 11:44:58 Asia/Manila] Database connection established successfully
[05-Nov-2025 11:44:58 Asia/Manila] Failed to create remember tokens table: SQLSTATE[HY000]: General error: 1 near "'user'": syntax error
[05-Nov-2025 11:57:07 Asia/Manila] Database connection established successfully
[05-Nov-2025 11:57:07 Asia/Manila] Database connection established successfully
[05-Nov-2025 11:57:07 Asia/Manila] Database connection established successfully
[05-Nov-2025 11:57:07 Asia/Manila] Failed to create remember tokens table: SQLSTATE[HY000]: General error: 1 near "'user'": syntax error
[05-Nov-2025 12:24:00 Asia/Manila] Database connection established successfully
[05-Nov-2025 12:24:00 Asia/Manila] Database connection established successfully
[05-Nov-2025 12:24:00 Asia/Manila] Failed to create remember tokens table: SQLSTATE[HY000]: General error: 1 near "'user'": syntax error
[05-Nov-2025 12:24:34 Asia/Manila] Database connection established successfully
[05-Nov-2025 12:24:34 Asia/Manila] Database connection established successfully
[05-Nov-2025 12:24:34 Asia/Manila] Failed to create remember tokens table: SQLSTATE[HY000]: General error: 1 near "'user'": syntax error
[05-Nov-2025 12:24:42 Asia/Manila] Database connection established successfully
[05-Nov-2025 12:24:42 Asia/Manila] Database connection established successfully
[05-Nov-2025 12:24:42 Asia/Manila] Failed to create remember tokens table: SQLSTATE[HY000]: General error: 1 near "'user'": syntax error
[05-Nov-2025 12:24:49 Asia/Manila] Database connection established successfully
[05-Nov-2025 12:24:49 Asia/Manila] Database connection established successfully
[05-Nov-2025 12:24:50 Asia/Manila] Database connection established successfully
[05-Nov-2025 12:24:50 Asia/Manila] Failed to create remember tokens table: SQLSTATE[HY000]: General error: 1 near "'user'": syntax error
[05-Nov-2025 12:27:02 Asia/Manila] Database connection established successfully
[05-Nov-2025 12:27:02 Asia/Manila] Database connection established successfully
[05-Nov-2025 12:27:02 Asia/Manila] Failed to create remember tokens table: SQLSTATE[HY000]: General error: 1 near "'user'": syntax error
[05-Nov-2025 12:28:05 Asia/Manila] Database connection established successfully
[05-Nov-2025 12:28:05 Asia/Manila] Database connection established successfully
[05-Nov-2025 12:28:05 Asia/Manila] Failed to create remember tokens table: SQLSTATE[HY000]: General error: 1 near "'user'": syntax error
[05-Nov-2025 12:28:36 Asia/Manila] Database connection established successfully
[05-Nov-2025 12:28:36 Asia/Manila] Database connection established successfully
[05-Nov-2025 12:28:37 Asia/Manila] Database connection established successfully
[05-Nov-2025 12:28:37 Asia/Manila] Failed to create remember tokens table: SQLSTATE[HY000]: General error: 1 near "'user'": syntax error
[05-Nov-2025 12:41:56 Asia/Manila] Database connection established successfully
[05-Nov-2025 12:41:56 Asia/Manila] Database connection established successfully
[05-Nov-2025 12:41:56 Asia/Manila] Failed to create remember tokens table: SQLSTATE[HY000]: General error: 1 near "'user'": syntax error
[05-Nov-2025 16:13:37 Asia/Manila] Database connection established successfully
[05-Nov-2025 16:13:37 Asia/Manila] Database connection established successfully
[05-Nov-2025 16:13:37 Asia/Manila] Database connection established successfully
[05-Nov-2025 16:13:37 Asia/Manila] Failed to create remember tokens table: SQLSTATE[HY000]: General error: 1 near "'user'": syntax error
[05-Nov-2025 16:15:32 Asia/Manila] Database connection established successfully
[05-Nov-2025 16:15:32 Asia/Manila] Database connection established successfully
[05-Nov-2025 16:15:32 Asia/Manila] Failed to create remember tokens table: SQLSTATE[HY000]: General error: 1 near "'user'": syntax error
[05-Nov-2025 16:29:25 Asia/Manila] Database connection established successfully
[05-Nov-2025 16:29:25 Asia/Manila] Database connection established successfully
[05-Nov-2025 16:29:25 Asia/Manila] Database connection established successfully
[05-Nov-2025 16:29:25 Asia/Manila] Failed to create remember tokens table: SQLSTATE[HY000]: General error: 1 near "'user'": syntax error
[05-Nov-2025 16:30:02 Asia/Manila] Database connection established successfully
[05-Nov-2025 16:30:02 Asia/Manila] Database connection established successfully
[05-Nov-2025 16:30:02 Asia/Manila] Database connection established successfully
[05-Nov-2025 16:30:02 Asia/Manila] Failed to create remember tokens table: SQLSTATE[HY000]: General error: 1 near "'user'": syntax error
[05-Nov-2025 16:30:03 Asia/Manila] Database connection established successfully
[05-Nov-2025 16:30:03 Asia/Manila] Database connection established successfully
[05-Nov-2025 16:30:03 Asia/Manila] Database connection established successfully
[05-Nov-2025 16:30:03 Asia/Manila] Failed to create remember tokens table: SQLSTATE[HY000]: General error: 1 near "'user'": syntax error
[05-Nov-2025 16:30:11 Asia/Manila] Database connection established successfully
[05-Nov-2025 16:30:11 Asia/Manila] Database connection established successfully
[05-Nov-2025 16:30:11 Asia/Manila] Database connection established successfully
[05-Nov-2025 16:30:11 Asia/Manila] Failed to create remember tokens table: SQLSTATE[HY000]: General error: 1 near "'user'": syntax error
[05-Nov-2025 16:42:09 Asia/Manila] Database connection established successfully
[05-Nov-2025 16:42:09 Asia/Manila] Database connection established successfully
[05-Nov-2025 16:42:09 Asia/Manila] Failed to create remember tokens table: SQLSTATE[HY000]: General error: 1 near "'user'": syntax error
[05-Nov-2025 16:56:11 Asia/Manila] Database connection established successfully
[05-Nov-2025 16:56:11 Asia/Manila] PHP Fatal error:  Uncaught PDOException: SQLSTATE[HY000]: General error: 1 no such table: requests in C:\xampp\htdocs\blood-donation-pwa-1\admin\pages\dashboard_new.php:9
Stack trace:
#0 C:\xampp\htdocs\blood-donation-pwa-1\admin\pages\dashboard_new.php(9): PDO->query('SELECT COUNT(*)...')
#1 C:\xampp\htdocs\blood-donation-pwa-1\admin\dashboard.php(8): require_once('C:\\xampp\\htdocs...')
#2 {main}
  thrown in C:\xampp\htdocs\blood-donation-pwa-1\admin\pages\dashboard_new.php on line 9
[05-Nov-2025 16:56:11 Asia/Manila] Database connection established successfully
[05-Nov-2025 16:56:11 Asia/Manila] Failed to create remember tokens table: SQLSTATE[HY000]: General error: 1 near "'user'": syntax error
[05-Nov-2025 16:57:33 Asia/Manila] Database connection established successfully
[05-Nov-2025 16:57:33 Asia/Manila] PHP Fatal error:  Uncaught PDOException: SQLSTATE[HY000]: General error: 1 no such table: requests in C:\xampp\htdocs\blood-donation-pwa-1\admin\pages\dashboard_new.php:9
Stack trace:
#0 C:\xampp\htdocs\blood-donation-pwa-1\admin\pages\dashboard_new.php(9): PDO->query('SELECT COUNT(*)...')
#1 C:\xampp\htdocs\blood-donation-pwa-1\admin\dashboard.php(8): require_once('C:\\xampp\\htdocs...')
#2 {main}
  thrown in C:\xampp\htdocs\blood-donation-pwa-1\admin\pages\dashboard_new.php on line 9
[05-Nov-2025 16:57:33 Asia/Manila] Database connection established successfully
[05-Nov-2025 16:57:33 Asia/Manila] Failed to create remember tokens table: SQLSTATE[HY000]: General error: 1 near "'user'": syntax error
[05-Nov-2025 16:57:33 Asia/Manila] Database connection established successfully
[05-Nov-2025 16:57:33 Asia/Manila] PHP Fatal error:  Uncaught PDOException: SQLSTATE[HY000]: General error: 1 no such table: requests in C:\xampp\htdocs\blood-donation-pwa-1\admin\pages\dashboard_new.php:9
Stack trace:
#0 C:\xampp\htdocs\blood-donation-pwa-1\admin\pages\dashboard_new.php(9): PDO->query('SELECT COUNT(*)...')
#1 C:\xampp\htdocs\blood-donation-pwa-1\admin\dashboard.php(8): require_once('C:\\xampp\\htdocs...')
#2 {main}
  thrown in C:\xampp\htdocs\blood-donation-pwa-1\admin\pages\dashboard_new.php on line 9
[05-Nov-2025 16:57:34 Asia/Manila] Database connection established successfully
[05-Nov-2025 16:57:34 Asia/Manila] Failed to create remember tokens table: SQLSTATE[HY000]: General error: 1 near "'user'": syntax error
[05-Nov-2025 17:02:25 Asia/Manila] Database connection established successfully
[05-Nov-2025 17:02:25 Asia/Manila] Dashboard stats error: SQLSTATE[HY000]: General error: 1 no such table: requests
[05-Nov-2025 17:02:25 Asia/Manila] Recent donors error: SQLSTATE[HY000]: General error: 1 no such table: users
[05-Nov-2025 17:02:25 Asia/Manila] Recent requests error: SQLSTATE[HY000]: General error: 1 no such table: requests
[05-Nov-2025 17:02:25 Asia/Manila] Database connection established successfully
[05-Nov-2025 17:02:25 Asia/Manila] Failed to create remember tokens table: SQLSTATE[HY000]: General error: 1 near "'user'": syntax error
[06-Nov-2025 01:46:21 Asia/Manila] Database connection established successfully
[06-Nov-2025 01:46:21 Asia/Manila] Failed to create remember tokens table: SQLSTATE[HY000]: General error: 1 near "'user'": syntax error
[06-Nov-2025 01:46:21 Asia/Manila] Database connection established successfully
[06-Nov-2025 01:46:21 Asia/Manila] Failed to create remember tokens table: SQLSTATE[HY000]: General error: 1 near "'user'": syntax error
[06-Nov-2025 01:46:23 Asia/Manila] Database connection established successfully
[06-Nov-2025 01:46:23 Asia/Manila] Failed to create remember tokens table: SQLSTATE[HY000]: General error: 1 near "'user'": syntax error
[06-Nov-2025 01:46:23 Asia/Manila] Database connection established successfully
[06-Nov-2025 01:46:23 Asia/Manila] Failed to create remember tokens table: SQLSTATE[HY000]: General error: 1 near "'user'": syntax error
[06-Nov-2025 01:46:23 Asia/Manila] Database connection established successfully
[06-Nov-2025 01:46:23 Asia/Manila] Failed to create remember tokens table: SQLSTATE[HY000]: General error: 1 near "'user'": syntax error
[07-Nov-2025 05:38:32 Europe/Berlin] DB connect failed for root@localhost:3306/blood_system: SQLSTATE[HY000] [1045] Access denied for user 'root'@'localhost' (using password: NO)
[07-Nov-2025 05:38:32 Europe/Berlin] DB connect failed for root@127.0.0.1:3306/blood_system: SQLSTATE[HY000] [1045] Access denied for user 'root'@'localhost' (using password: NO)
[07-Nov-2025 05:38:32 Europe/Berlin] DB connect failed for root@localhost:3306/blood_system: SQLSTATE[HY000] [1045] Access denied for user 'root'@'localhost' (using password: NO)
[07-Nov-2025 05:38:32 Europe/Berlin] Database connection established successfully
[07-Nov-2025 05:38:32 Europe/Berlin] DB connect failed for root@localhost:3306/blood_system: SQLSTATE[HY000] [1045] Access denied for user 'root'@'localhost' (using password: NO)
[07-Nov-2025 05:38:32 Europe/Berlin] DB connect failed for root@127.0.0.1:3306/blood_system: SQLSTATE[HY000] [1045] Access denied for user 'root'@'localhost' (using password: NO)
[07-Nov-2025 05:38:32 Europe/Berlin] DB connect failed for root@localhost:3306/blood_system: SQLSTATE[HY000] [1045] Access denied for user 'root'@'localhost' (using password: NO)
[07-Nov-2025 05:38:32 Europe/Berlin] Database connection established successfully
[07-Nov-2025 05:38:32 Europe/Berlin] DB connect failed for root@localhost:3306/blood_system: SQLSTATE[HY000] [1045] Access denied for user 'root'@'localhost' (using password: NO)
[07-Nov-2025 05:38:32 Europe/Berlin] DB connect failed for root@127.0.0.1:3306/blood_system: SQLSTATE[HY000] [1045] Access denied for user 'root'@'localhost' (using password: NO)
[07-Nov-2025 05:38:32 Europe/Berlin] DB connect failed for root@localhost:3306/blood_system: SQLSTATE[HY000] [1045] Access denied for user 'root'@'localhost' (using password: NO)
[07-Nov-2025 05:38:32 Europe/Berlin] Database connection established successfully
[07-Nov-2025 05:38:32 Europe/Berlin] DB connect failed for root@localhost:3306/blood_system: SQLSTATE[HY000] [1045] Access denied for user 'root'@'localhost' (using password: NO)
[07-Nov-2025 05:38:32 Europe/Berlin] DB connect failed for root@127.0.0.1:3306/blood_system: SQLSTATE[HY000] [1045] Access denied for user 'root'@'localhost' (using password: NO)
[07-Nov-2025 05:38:32 Europe/Berlin] DB connect failed for root@localhost:3306/blood_system: SQLSTATE[HY000] [1045] Access denied for user 'root'@'localhost' (using password: NO)
[07-Nov-2025 05:38:32 Europe/Berlin] Database connection established successfully
[07-Nov-2025 05:38:33 Europe/Berlin] DB connect failed for root@localhost:3306/blood_system: SQLSTATE[HY000] [1045] Access denied for user 'root'@'localhost' (using password: NO)
[07-Nov-2025 05:38:33 Europe/Berlin] DB connect failed for root@127.0.0.1:3306/blood_system: SQLSTATE[HY000] [1045] Access denied for user 'root'@'localhost' (using password: NO)
[07-Nov-2025 05:38:33 Europe/Berlin] DB connect failed for root@localhost:3306/blood_system: SQLSTATE[HY000] [1045] Access denied for user 'root'@'localhost' (using password: NO)
[07-Nov-2025 05:38:33 Europe/Berlin] Database connection established successfully
[07-Nov-2025 05:38:35 Europe/Berlin] DB connect failed for root@localhost:3306/blood_system: SQLSTATE[HY000] [1045] Access denied for user 'root'@'localhost' (using password: NO)
[07-Nov-2025 05:38:35 Europe/Berlin] DB connect failed for root@127.0.0.1:3306/blood_system: SQLSTATE[HY000] [1045] Access denied for user 'root'@'localhost' (using password: NO)
[07-Nov-2025 05:38:35 Europe/Berlin] DB connect failed for root@localhost:3306/blood_system: SQLSTATE[HY000] [1045] Access denied for user 'root'@'localhost' (using password: NO)
[07-Nov-2025 05:38:35 Europe/Berlin] Database connection established successfully
[07-Nov-2025 05:38:35 Europe/Berlin] DB connect failed for root@localhost:3306/blood_system: SQLSTATE[HY000] [1045] Access denied for user 'root'@'localhost' (using password: NO)
[07-Nov-2025 05:38:35 Europe/Berlin] DB connect failed for root@127.0.0.1:3306/blood_system: SQLSTATE[HY000] [1045] Access denied for user 'root'@'localhost' (using password: NO)
[07-Nov-2025 05:38:35 Europe/Berlin] DB connect failed for root@localhost:3306/blood_system: SQLSTATE[HY000] [1045] Access denied for user 'root'@'localhost' (using password: NO)
[07-Nov-2025 05:38:35 Europe/Berlin] Database connection established successfully
[07-Nov-2025 05:38:35 Europe/Berlin] DB connect failed for root@localhost:3306/blood_system: SQLSTATE[HY000] [1045] Access denied for user 'root'@'localhost' (using password: NO)
[07-Nov-2025 05:38:35 Europe/Berlin] DB connect failed for root@127.0.0.1:3306/blood_system: SQLSTATE[HY000] [1045] Access denied for user 'root'@'localhost' (using password: NO)
[07-Nov-2025 05:38:35 Europe/Berlin] DB connect failed for root@localhost:3306/blood_system: SQLSTATE[HY000] [1045] Access denied for user 'root'@'localhost' (using password: NO)
[07-Nov-2025 05:38:35 Europe/Berlin] Database connection established successfully
[07-Nov-2025 05:38:36 Europe/Berlin] DB connect failed for root@localhost:3306/blood_system: SQLSTATE[HY000] [1045] Access denied for user 'root'@'localhost' (using password: NO)
[07-Nov-2025 05:38:36 Europe/Berlin] DB connect failed for root@127.0.0.1:3306/blood_system: SQLSTATE[HY000] [1045] Access denied for user 'root'@'localhost' (using password: NO)
[07-Nov-2025 05:38:36 Europe/Berlin] DB connect failed for root@localhost:3306/blood_system: SQLSTATE[HY000] [1045] Access denied for user 'root'@'localhost' (using password: NO)
[07-Nov-2025 05:38:36 Europe/Berlin] Database connection established successfully
[07-Nov-2025 05:38:36 Europe/Berlin] DB connect failed for root@localhost:3306/blood_system: SQLSTATE[HY000] [1045] Access denied for user 'root'@'localhost' (using password: NO)
[07-Nov-2025 05:38:36 Europe/Berlin] DB connect failed for root@127.0.0.1:3306/blood_system: SQLSTATE[HY000] [1045] Access denied for user 'root'@'localhost' (using password: NO)
[07-Nov-2025 05:38:36 Europe/Berlin] DB connect failed for root@localhost:3306/blood_system: SQLSTATE[HY000] [1045] Access denied for user 'root'@'localhost' (using password: NO)
[07-Nov-2025 05:38:36 Europe/Berlin] Database connection established successfully
[07-Nov-2025 05:38:36 Europe/Berlin] DB connect failed for root@localhost:3306/blood_system: SQLSTATE[HY000] [1045] Access denied for user 'root'@'localhost' (using password: NO)
[07-Nov-2025 05:38:36 Europe/Berlin] DB connect failed for root@127.0.0.1:3306/blood_system: SQLSTATE[HY000] [1045] Access denied for user 'root'@'localhost' (using password: NO)
[07-Nov-2025 05:38:36 Europe/Berlin] DB connect failed for root@localhost:3306/blood_system: SQLSTATE[HY000] [1045] Access denied for user 'root'@'localhost' (using password: NO)
[07-Nov-2025 05:38:36 Europe/Berlin] Database connection established successfully
[07-Nov-2025 05:38:40 Europe/Berlin] DB connect failed for root@localhost:3306/blood_system: SQLSTATE[HY000] [1045] Access denied for user 'root'@'localhost' (using password: NO)
[07-Nov-2025 05:38:40 Europe/Berlin] DB connect failed for root@127.0.0.1:3306/blood_system: SQLSTATE[HY000] [1045] Access denied for user 'root'@'localhost' (using password: NO)
[07-Nov-2025 05:38:40 Europe/Berlin] DB connect failed for root@localhost:3306/blood_system: SQLSTATE[HY000] [1045] Access denied for user 'root'@'localhost' (using password: NO)
[07-Nov-2025 05:38:40 Europe/Berlin] Database connection established successfully
[07-Nov-2025 05:38:43 Europe/Berlin] DB connect failed for root@localhost:3306/blood_system: SQLSTATE[HY000] [1045] Access denied for user 'root'@'localhost' (using password: NO)
[07-Nov-2025 05:38:43 Europe/Berlin] DB connect failed for root@127.0.0.1:3306/blood_system: SQLSTATE[HY000] [1045] Access denied for user 'root'@'localhost' (using password: NO)
[07-Nov-2025 05:38:43 Europe/Berlin] DB connect failed for root@localhost:3306/blood_system: SQLSTATE[HY000] [1045] Access denied for user 'root'@'localhost' (using password: NO)
[07-Nov-2025 05:38:43 Europe/Berlin] Database connection established successfully
[07-Nov-2025 05:44:00 Europe/Berlin] DB connect failed for root@localhost:3306/blood_system: SQLSTATE[HY000] [1045] Access denied for user 'root'@'localhost' (using password: NO)
[07-Nov-2025 05:44:00 Europe/Berlin] DB connect failed for root@127.0.0.1:3306/blood_system: SQLSTATE[HY000] [1045] Access denied for user 'root'@'localhost' (using password: NO)
[07-Nov-2025 05:44:00 Europe/Berlin] DB connect failed for root@localhost:3306/blood_system: SQLSTATE[HY000] [1045] Access denied for user 'root'@'localhost' (using password: NO)
[07-Nov-2025 05:44:00 Europe/Berlin] Database connection established successfully
[07-Nov-2025 05:44:00 Europe/Berlin] DB connect failed for root@localhost:3306/blood_system: SQLSTATE[HY000] [1045] Access denied for user 'root'@'localhost' (using password: NO)
[07-Nov-2025 05:44:00 Europe/Berlin] DB connect failed for root@127.0.0.1:3306/blood_system: SQLSTATE[HY000] [1045] Access denied for user 'root'@'localhost' (using password: NO)
[07-Nov-2025 05:44:00 Europe/Berlin] DB connect failed for root@localhost:3306/blood_system: SQLSTATE[HY000] [1045] Access denied for user 'root'@'localhost' (using password: NO)
[07-Nov-2025 05:44:00 Europe/Berlin] Database connection established successfully
[07-Nov-2025 05:50:14 Europe/Berlin] DB connect failed for root@localhost:3306/blood_system: SQLSTATE[HY000] [1045] Access denied for user 'root'@'localhost' (using password: NO)
[07-Nov-2025 05:50:14 Europe/Berlin] DB connect failed for root@127.0.0.1:3306/blood_system: SQLSTATE[HY000] [1045] Access denied for user 'root'@'localhost' (using password: NO)
[07-Nov-2025 05:50:14 Europe/Berlin] DB connect failed for root@localhost:3306/blood_system: SQLSTATE[HY000] [1045] Access denied for user 'root'@'localhost' (using password: NO)
[07-Nov-2025 05:50:14 Europe/Berlin] Database connection established successfully
[07-Nov-2025 05:50:14 Europe/Berlin] Error checking if table exists: SQLSTATE[42000]: Syntax error or access violation: 1064 You have an error in your SQL syntax; check the manual that corresponds to your MariaDB server version for the right syntax to use near 'donors_new''' at line 1
[07-Nov-2025 05:50:14 Europe/Berlin] Error getting inventory: SQLSTATE[42000]: Syntax error or access violation: 1064 You have an error in your SQL syntax; check the manual that corresponds to your MariaDB server version for the right syntax to use near 'THEN 1 ELSE 0 END as expiring_soon
                FROM blood_inventory bi
...' at line 8
[07-Nov-2025 05:50:14 Europe/Berlin] Error checking if table exists: SQLSTATE[42000]: Syntax error or access violation: 1064 You have an error in your SQL syntax; check the manual that corresponds to your MariaDB server version for the right syntax to use near 'donors_new''' at line 1
[07-Nov-2025 05:50:14 Europe/Berlin] Inventory error: SQLSTATE[42000]: Syntax error or access violation: 1064 You have an error in your SQL syntax; check the manual that corresponds to your MariaDB server version for the right syntax to use near 'THEN 1 ELSE 0 END as expiring_soon,
                'blood_inventory' as data...' at line 3
[07-Nov-2025 05:50:14 Europe/Berlin] Error checking if table exists: SQLSTATE[42000]: Syntax error or access violation: 1064 You have an error in your SQL syntax; check the manual that corresponds to your MariaDB server version for the right syntax to use near 'donors_new''' at line 1
[07-Nov-2025 05:50:14 Europe/Berlin] Error getting inventory: SQLSTATE[42000]: Syntax error or access violation: 1064 You have an error in your SQL syntax; check the manual that corresponds to your MariaDB server version for the right syntax to use near 'THEN 1 ELSE 0 END as expiring_soon
                FROM blood_inventory bi
...' at line 8
[07-Nov-2025 05:50:14 Europe/Berlin] Error checking if table exists: SQLSTATE[42000]: Syntax error or access violation: 1064 You have an error in your SQL syntax; check the manual that corresponds to your MariaDB server version for the right syntax to use near 'donors_new''' at line 1
[07-Nov-2025 05:50:14 Europe/Berlin] Inventory error: SQLSTATE[42000]: Syntax error or access violation: 1064 You have an error in your SQL syntax; check the manual that corresponds to your MariaDB server version for the right syntax to use near 'THEN 1 ELSE 0 END as expiring_soon,
                'blood_inventory' as data...' at line 3
[07-Nov-2025 05:50:14 Europe/Berlin] Error checking if table exists: SQLSTATE[42000]: Syntax error or access violation: 1064 You have an error in your SQL syntax; check the manual that corresponds to your MariaDB server version for the right syntax to use near 'donors_new''' at line 1
[07-Nov-2025 05:50:14 Europe/Berlin] Error getting inventory: SQLSTATE[42000]: Syntax error or access violation: 1064 You have an error in your SQL syntax; check the manual that corresponds to your MariaDB server version for the right syntax to use near 'THEN 1 ELSE 0 END as expiring_soon
                FROM blood_inventory bi
...' at line 8
[07-Nov-2025 05:50:14 Europe/Berlin] Error checking if table exists: SQLSTATE[42000]: Syntax error or access violation: 1064 You have an error in your SQL syntax; check the manual that corresponds to your MariaDB server version for the right syntax to use near 'donors_new''' at line 1
[07-Nov-2025 05:50:14 Europe/Berlin] Inventory error: SQLSTATE[42000]: Syntax error or access violation: 1064 You have an error in your SQL syntax; check the manual that corresponds to your MariaDB server version for the right syntax to use near 'THEN 1 ELSE 0 END as expiring_soon,
                'blood_inventory' as data...' at line 3
[07-Nov-2025 05:50:14 Europe/Berlin] Error checking if table exists: SQLSTATE[42000]: Syntax error or access violation: 1064 You have an error in your SQL syntax; check the manual that corresponds to your MariaDB server version for the right syntax to use near 'donors_new''' at line 1
[07-Nov-2025 05:50:14 Europe/Berlin] Error getting inventory: SQLSTATE[42000]: Syntax error or access violation: 1064 You have an error in your SQL syntax; check the manual that corresponds to your MariaDB server version for the right syntax to use near 'THEN 1 ELSE 0 END as expiring_soon
                FROM blood_inventory bi
...' at line 8
[07-Nov-2025 05:50:14 Europe/Berlin] Error checking if table exists: SQLSTATE[42000]: Syntax error or access violation: 1064 You have an error in your SQL syntax; check the manual that corresponds to your MariaDB server version for the right syntax to use near 'donors_new''' at line 1
[07-Nov-2025 05:50:14 Europe/Berlin] Inventory error: SQLSTATE[42000]: Syntax error or access violation: 1064 You have an error in your SQL syntax; check the manual that corresponds to your MariaDB server version for the right syntax to use near 'THEN 1 ELSE 0 END as expiring_soon,
                'blood_inventory' as data...' at line 3
[07-Nov-2025 05:50:14 Europe/Berlin] Error checking if table exists: SQLSTATE[42000]: Syntax error or access violation: 1064 You have an error in your SQL syntax; check the manual that corresponds to your MariaDB server version for the right syntax to use near 'donors_new''' at line 1
[07-Nov-2025 05:50:14 Europe/Berlin] Error getting inventory: SQLSTATE[42000]: Syntax error or access violation: 1064 You have an error in your SQL syntax; check the manual that corresponds to your MariaDB server version for the right syntax to use near 'THEN 1 ELSE 0 END as expiring_soon
                FROM blood_inventory bi
...' at line 8
[07-Nov-2025 05:50:14 Europe/Berlin] Error checking if table exists: SQLSTATE[42000]: Syntax error or access violation: 1064 You have an error in your SQL syntax; check the manual that corresponds to your MariaDB server version for the right syntax to use near 'donors_new''' at line 1
[07-Nov-2025 05:50:14 Europe/Berlin] Inventory error: SQLSTATE[42000]: Syntax error or access violation: 1064 You have an error in your SQL syntax; check the manual that corresponds to your MariaDB server version for the right syntax to use near 'THEN 1 ELSE 0 END as expiring_soon,
                'blood_inventory' as data...' at line 3
[07-Nov-2025 05:50:14 Europe/Berlin] Error checking if table exists: SQLSTATE[42000]: Syntax error or access violation: 1064 You have an error in your SQL syntax; check the manual that corresponds to your MariaDB server version for the right syntax to use near 'donors_new''' at line 1
[07-Nov-2025 05:50:14 Europe/Berlin] Error getting inventory: SQLSTATE[42000]: Syntax error or access violation: 1064 You have an error in your SQL syntax; check the manual that corresponds to your MariaDB server version for the right syntax to use near 'THEN 1 ELSE 0 END as expiring_soon
                FROM blood_inventory bi
...' at line 8
[07-Nov-2025 05:50:14 Europe/Berlin] Inventory error: SQLSTATE[42000]: Syntax error or access violation: 1064 You have an error in your SQL syntax; check the manual that corresponds to your MariaDB server version for the right syntax to use near 'THEN 1 ELSE 0 END as expiring_soon,
                'blood_inventory' as data...' at line 3
[07-Nov-2025 05:50:14 Europe/Berlin] PHP Notice:  session_start(): Ignoring session_start() because a session is already active in C:\xampp\htdocs\blood-donation-pwa-1\admin.php on line 12
[07-Nov-2025 05:50:14 Europe/Berlin] PHP Warning:  Cannot modify header information - headers already sent by (output started at C:\xampp\htdocs\blood-donation-pwa-1\tests\inventory_manager_consistency.php:100) in C:\xampp\htdocs\blood-donation-pwa-1\admin.php on line 21
[07-Nov-2025 05:50:14 Europe/Berlin] PHP Warning:  Cannot modify header information - headers already sent by (output started at C:\xampp\htdocs\blood-donation-pwa-1\tests\inventory_manager_consistency.php:100) in C:\xampp\htdocs\blood-donation-pwa-1\admin.php on line 22
[07-Nov-2025 05:50:14 Europe/Berlin] PHP Warning:  Cannot modify header information - headers already sent by (output started at C:\xampp\htdocs\blood-donation-pwa-1\tests\inventory_manager_consistency.php:100) in C:\xampp\htdocs\blood-donation-pwa-1\admin.php on line 23
[07-Nov-2025 05:50:14 Europe/Berlin] PHP Warning:  Cannot modify header information - headers already sent by (output started at C:\xampp\htdocs\blood-donation-pwa-1\tests\inventory_manager_consistency.php:100) in C:\xampp\htdocs\blood-donation-pwa-1\admin.php on line 24
[07-Nov-2025 05:50:14 Europe/Berlin] PHP Warning:  Undefined array key "REQUEST_METHOD" in C:\xampp\htdocs\blood-donation-pwa-1\admin.php on line 79
[07-Nov-2025 05:50:14 Europe/Berlin] PHP Warning:  Constant INCLUDES_PATH already defined in C:\xampp\htdocs\blood-donation-pwa-1\admin.php on line 132
[07-Nov-2025 05:50:14 Europe/Berlin] PHP Warning:  Undefined array key "REQUEST_METHOD" in C:\xampp\htdocs\blood-donation-pwa-1\admin.php on line 138
[07-Nov-2025 05:50:14 Europe/Berlin] Donor not found in approveDonor: 122
[07-Nov-2025 05:50:14 Europe/Berlin] Error approving donor: Donor not found
[07-Nov-2025 05:50:14 Europe/Berlin] Error updating donor status: Donor not found
[07-Nov-2025 05:50:14 Europe/Berlin] Stack trace: #0 C:\xampp\htdocs\blood-donation-pwa-1\tests\test_donor_approval.php(43): updateDonorStatus(Object(PDO), 123, 'rejected', 'Test rejection ...', 1)
#1 C:\xampp\htdocs\blood-donation-pwa-1\tests\run_all_tests.php(41): require_once('C:\\xampp\\htdocs...')
#2 {main}
[07-Nov-2025 05:50:14 Europe/Berlin] Error checking if table exists: SQLSTATE[42000]: Syntax error or access violation: 1064 You have an error in your SQL syntax; check the manual that corresponds to your MariaDB server version for the right syntax to use near 'blood_inventory''' at line 1
[07-Nov-2025 05:50:14 Europe/Berlin] PHP Fatal error:  Cannot redeclare buildPaginationUrl() (previously declared in C:\xampp\htdocs\blood-donation-pwa-1\admin.php:560) in C:\xampp\htdocs\blood-donation-pwa-1\admin.php on line 563
[07-Nov-2025 05:50:48 Europe/Berlin] DB connect failed for root@localhost:3306/blood_system: SQLSTATE[HY000] [1045] Access denied for user 'root'@'localhost' (using password: NO)
[07-Nov-2025 05:50:48 Europe/Berlin] DB connect failed for root@127.0.0.1:3306/blood_system: SQLSTATE[HY000] [1045] Access denied for user 'root'@'localhost' (using password: NO)
[07-Nov-2025 05:50:48 Europe/Berlin] DB connect failed for root@localhost:3306/blood_system: SQLSTATE[HY000] [1045] Access denied for user 'root'@'localhost' (using password: NO)
[07-Nov-2025 05:50:49 Europe/Berlin] Database connection established successfully
[07-Nov-2025 05:50:49 Europe/Berlin] Error checking if table exists: SQLSTATE[42000]: Syntax error or access violation: 1064 You have an error in your SQL syntax; check the manual that corresponds to your MariaDB server version for the right syntax to use near 'donors_new''' at line 1
[07-Nov-2025 05:50:49 Europe/Berlin] Error getting inventory: SQLSTATE[42000]: Syntax error or access violation: 1064 You have an error in your SQL syntax; check the manual that corresponds to your MariaDB server version for the right syntax to use near 'THEN 1 ELSE 0 END as expiring_soon
                FROM blood_inventory bi
...' at line 8
[07-Nov-2025 05:50:49 Europe/Berlin] Error checking if table exists: SQLSTATE[42000]: Syntax error or access violation: 1064 You have an error in your SQL syntax; check the manual that corresponds to your MariaDB server version for the right syntax to use near 'donors_new''' at line 1
[07-Nov-2025 05:50:49 Europe/Berlin] Inventory error: SQLSTATE[42000]: Syntax error or access violation: 1064 You have an error in your SQL syntax; check the manual that corresponds to your MariaDB server version for the right syntax to use near 'THEN 1 ELSE 0 END as expiring_soon,
                'blood_inventory' as data...' at line 3
[07-Nov-2025 05:50:49 Europe/Berlin] Error checking if table exists: SQLSTATE[42000]: Syntax error or access violation: 1064 You have an error in your SQL syntax; check the manual that corresponds to your MariaDB server version for the right syntax to use near 'donors_new''' at line 1
[07-Nov-2025 05:50:49 Europe/Berlin] Error getting inventory: SQLSTATE[42000]: Syntax error or access violation: 1064 You have an error in your SQL syntax; check the manual that corresponds to your MariaDB server version for the right syntax to use near 'THEN 1 ELSE 0 END as expiring_soon
                FROM blood_inventory bi
...' at line 8
[07-Nov-2025 05:50:49 Europe/Berlin] Error checking if table exists: SQLSTATE[42000]: Syntax error or access violation: 1064 You have an error in your SQL syntax; check the manual that corresponds to your MariaDB server version for the right syntax to use near 'donors_new''' at line 1
[07-Nov-2025 05:50:49 Europe/Berlin] Inventory error: SQLSTATE[42000]: Syntax error or access violation: 1064 You have an error in your SQL syntax; check the manual that corresponds to your MariaDB server version for the right syntax to use near 'THEN 1 ELSE 0 END as expiring_soon,
                'blood_inventory' as data...' at line 3
[07-Nov-2025 05:50:49 Europe/Berlin] Error checking if table exists: SQLSTATE[42000]: Syntax error or access violation: 1064 You have an error in your SQL syntax; check the manual that corresponds to your MariaDB server version for the right syntax to use near 'donors_new''' at line 1
[07-Nov-2025 05:50:49 Europe/Berlin] Error getting inventory: SQLSTATE[42000]: Syntax error or access violation: 1064 You have an error in your SQL syntax; check the manual that corresponds to your MariaDB server version for the right syntax to use near 'THEN 1 ELSE 0 END as expiring_soon
                FROM blood_inventory bi
...' at line 8
[07-Nov-2025 05:50:49 Europe/Berlin] Error checking if table exists: SQLSTATE[42000]: Syntax error or access violation: 1064 You have an error in your SQL syntax; check the manual that corresponds to your MariaDB server version for the right syntax to use near 'donors_new''' at line 1
[07-Nov-2025 05:50:49 Europe/Berlin] Inventory error: SQLSTATE[42000]: Syntax error or access violation: 1064 You have an error in your SQL syntax; check the manual that corresponds to your MariaDB server version for the right syntax to use near 'THEN 1 ELSE 0 END as expiring_soon,
                'blood_inventory' as data...' at line 3
[07-Nov-2025 05:50:49 Europe/Berlin] Error checking if table exists: SQLSTATE[42000]: Syntax error or access violation: 1064 You have an error in your SQL syntax; check the manual that corresponds to your MariaDB server version for the right syntax to use near 'donors_new''' at line 1
[07-Nov-2025 05:50:49 Europe/Berlin] Error getting inventory: SQLSTATE[42000]: Syntax error or access violation: 1064 You have an error in your SQL syntax; check the manual that corresponds to your MariaDB server version for the right syntax to use near 'THEN 1 ELSE 0 END as expiring_soon
                FROM blood_inventory bi
...' at line 8
[07-Nov-2025 05:50:49 Europe/Berlin] Error checking if table exists: SQLSTATE[42000]: Syntax error or access violation: 1064 You have an error in your SQL syntax; check the manual that corresponds to your MariaDB server version for the right syntax to use near 'donors_new''' at line 1
[07-Nov-2025 05:50:49 Europe/Berlin] Inventory error: SQLSTATE[42000]: Syntax error or access violation: 1064 You have an error in your SQL syntax; check the manual that corresponds to your MariaDB server version for the right syntax to use near 'THEN 1 ELSE 0 END as expiring_soon,
                'blood_inventory' as data...' at line 3
[07-Nov-2025 05:50:49 Europe/Berlin] Error checking if table exists: SQLSTATE[42000]: Syntax error or access violation: 1064 You have an error in your SQL syntax; check the manual that corresponds to your MariaDB server version for the right syntax to use near 'donors_new''' at line 1
[07-Nov-2025 05:50:49 Europe/Berlin] Error getting inventory: SQLSTATE[42000]: Syntax error or access violation: 1064 You have an error in your SQL syntax; check the manual that corresponds to your MariaDB server version for the right syntax to use near 'THEN 1 ELSE 0 END as expiring_soon
                FROM blood_inventory bi
...' at line 8
[07-Nov-2025 05:50:49 Europe/Berlin] Error checking if table exists: SQLSTATE[42000]: Syntax error or access violation: 1064 You have an error in your SQL syntax; check the manual that corresponds to your MariaDB server version for the right syntax to use near 'donors_new''' at line 1
[07-Nov-2025 05:50:49 Europe/Berlin] Inventory error: SQLSTATE[42000]: Syntax error or access violation: 1064 You have an error in your SQL syntax; check the manual that corresponds to your MariaDB server version for the right syntax to use near 'THEN 1 ELSE 0 END as expiring_soon,
                'blood_inventory' as data...' at line 3
[07-Nov-2025 05:50:49 Europe/Berlin] Error checking if table exists: SQLSTATE[42000]: Syntax error or access violation: 1064 You have an error in your SQL syntax; check the manual that corresponds to your MariaDB server version for the right syntax to use near 'donors_new''' at line 1
[07-Nov-2025 05:50:49 Europe/Berlin] Error getting inventory: SQLSTATE[42000]: Syntax error or access violation: 1064 You have an error in your SQL syntax; check the manual that corresponds to your MariaDB server version for the right syntax to use near 'THEN 1 ELSE 0 END as expiring_soon
                FROM blood_inventory bi
...' at line 8
[07-Nov-2025 05:50:49 Europe/Berlin] Inventory error: SQLSTATE[42000]: Syntax error or access violation: 1064 You have an error in your SQL syntax; check the manual that corresponds to your MariaDB server version for the right syntax to use near 'THEN 1 ELSE 0 END as expiring_soon,
                'blood_inventory' as data...' at line 3
[07-Nov-2025 05:50:49 Europe/Berlin] PHP Notice:  session_start(): Ignoring session_start() because a session is already active in C:\xampp\htdocs\blood-donation-pwa-1\admin.php on line 12
[07-Nov-2025 05:50:49 Europe/Berlin] PHP Warning:  Cannot modify header information - headers already sent by (output started at C:\xampp\htdocs\blood-donation-pwa-1\tests\inventory_manager_consistency.php:100) in C:\xampp\htdocs\blood-donation-pwa-1\admin.php on line 21
[07-Nov-2025 05:50:49 Europe/Berlin] PHP Warning:  Cannot modify header information - headers already sent by (output started at C:\xampp\htdocs\blood-donation-pwa-1\tests\inventory_manager_consistency.php:100) in C:\xampp\htdocs\blood-donation-pwa-1\admin.php on line 22
[07-Nov-2025 05:50:49 Europe/Berlin] PHP Warning:  Cannot modify header information - headers already sent by (output started at C:\xampp\htdocs\blood-donation-pwa-1\tests\inventory_manager_consistency.php:100) in C:\xampp\htdocs\blood-donation-pwa-1\admin.php on line 23
[07-Nov-2025 05:50:49 Europe/Berlin] PHP Warning:  Cannot modify header information - headers already sent by (output started at C:\xampp\htdocs\blood-donation-pwa-1\tests\inventory_manager_consistency.php:100) in C:\xampp\htdocs\blood-donation-pwa-1\admin.php on line 24
[07-Nov-2025 05:50:49 Europe/Berlin] PHP Warning:  Undefined array key "REQUEST_METHOD" in C:\xampp\htdocs\blood-donation-pwa-1\admin.php on line 79
[07-Nov-2025 05:50:49 Europe/Berlin] PHP Warning:  Constant INCLUDES_PATH already defined in C:\xampp\htdocs\blood-donation-pwa-1\admin.php on line 132
[07-Nov-2025 05:50:49 Europe/Berlin] PHP Warning:  Undefined array key "REQUEST_METHOD" in C:\xampp\htdocs\blood-donation-pwa-1\admin.php on line 138
[07-Nov-2025 05:50:49 Europe/Berlin] Donor not found in approveDonor: 124
[07-Nov-2025 05:50:49 Europe/Berlin] Error approving donor: Donor not found
[07-Nov-2025 05:50:49 Europe/Berlin] Error updating donor status: Donor not found
[07-Nov-2025 05:50:49 Europe/Berlin] Stack trace: #0 C:\xampp\htdocs\blood-donation-pwa-1\tests\test_donor_approval.php(43): updateDonorStatus(Object(PDO), 125, 'rejected', 'Test rejection ...', 1)
#1 C:\xampp\htdocs\blood-donation-pwa-1\tests\run_all_tests.php(41): require_once('C:\\xampp\\htdocs...')
#2 {main}
[07-Nov-2025 05:50:49 Europe/Berlin] Error checking if table exists: SQLSTATE[42000]: Syntax error or access violation: 1064 You have an error in your SQL syntax; check the manual that corresponds to your MariaDB server version for the right syntax to use near 'blood_inventory''' at line 1
[07-Nov-2025 05:50:49 Europe/Berlin] Error checking if table exists: SQLSTATE[42000]: Syntax error or access violation: 1064 You have an error in your SQL syntax; check the manual that corresponds to your MariaDB server version for the right syntax to use near 'donors_new''' at line 1
[07-Nov-2025 05:50:49 Europe/Berlin] Error checking if table exists: SQLSTATE[42000]: Syntax error or access violation: 1064 You have an error in your SQL syntax; check the manual that corresponds to your MariaDB server version for the right syntax to use near 'donors_new''' at line 1
[07-Nov-2025 05:50:49 Europe/Berlin] Error getting inventory: SQLSTATE[42000]: Syntax error or access violation: 1064 You have an error in your SQL syntax; check the manual that corresponds to your MariaDB server version for the right syntax to use near 'THEN 1 ELSE 0 END as expiring_soon
                FROM blood_inventory bi
...' at line 8
[07-Nov-2025 05:50:49 Europe/Berlin] Inventory error: SQLSTATE[42000]: Syntax error or access violation: 1064 You have an error in your SQL syntax; check the manual that corresponds to your MariaDB server version for the right syntax to use near 'THEN 1 ELSE 0 END as expiring_soon,
                'blood_inventory' as data...' at line 3
[07-Nov-2025 05:50:49 Europe/Berlin] Error checking if table exists: SQLSTATE[42000]: Syntax error or access violation: 1064 You have an error in your SQL syntax; check the manual that corresponds to your MariaDB server version for the right syntax to use near 'donors_new''' at line 1
[07-Nov-2025 05:50:49 Europe/Berlin] Error checking if table exists: SQLSTATE[42000]: Syntax error or access violation: 1064 You have an error in your SQL syntax; check the manual that corresponds to your MariaDB server version for the right syntax to use near 'donors_new''' at line 1
[07-Nov-2025 05:50:49 Europe/Berlin] Error getting inventory: SQLSTATE[42000]: Syntax error or access violation: 1064 You have an error in your SQL syntax; check the manual that corresponds to your MariaDB server version for the right syntax to use near 'THEN 1 ELSE 0 END as expiring_soon
                FROM blood_inventory bi
...' at line 8
[07-Nov-2025 05:50:49 Europe/Berlin] Inventory error: SQLSTATE[42000]: Syntax error or access violation: 1064 You have an error in your SQL syntax; check the manual that corresponds to your MariaDB server version for the right syntax to use near 'THEN 1 ELSE 0 END as expiring_soon,
                'blood_inventory' as data...' at line 3
[07-Nov-2025 05:50:49 Europe/Berlin] Error checking if table exists: SQLSTATE[42000]: Syntax error or access violation: 1064 You have an error in your SQL syntax; check the manual that corresponds to your MariaDB server version for the right syntax to use near 'donors_new''' at line 1
[07-Nov-2025 05:50:49 Europe/Berlin] Error checking if table exists: SQLSTATE[42000]: Syntax error or access violation: 1064 You have an error in your SQL syntax; check the manual that corresponds to your MariaDB server version for the right syntax to use near 'donors_new''' at line 1
[07-Nov-2025 05:50:49 Europe/Berlin] Error getting inventory: SQLSTATE[42000]: Syntax error or access violation: 1064 You have an error in your SQL syntax; check the manual that corresponds to your MariaDB server version for the right syntax to use near 'THEN 1 ELSE 0 END as expiring_soon
                FROM blood_inventory bi
...' at line 8
[07-Nov-2025 05:50:49 Europe/Berlin] Inventory error: SQLSTATE[42000]: Syntax error or access violation: 1064 You have an error in your SQL syntax; check the manual that corresponds to your MariaDB server version for the right syntax to use near 'THEN 1 ELSE 0 END as expiring_soon,
                'blood_inventory' as data...' at line 3
[07-Nov-2025 05:50:49 Europe/Berlin] Error checking if table exists: SQLSTATE[42000]: Syntax error or access violation: 1064 You have an error in your SQL syntax; check the manual that corresponds to your MariaDB server version for the right syntax to use near 'donors_new''' at line 1
[07-Nov-2025 05:50:49 Europe/Berlin] Error checking if table exists: SQLSTATE[42000]: Syntax error or access violation: 1064 You have an error in your SQL syntax; check the manual that corresponds to your MariaDB server version for the right syntax to use near 'donors_new''' at line 1
[07-Nov-2025 05:50:49 Europe/Berlin] Error getting inventory: SQLSTATE[42000]: Syntax error or access violation: 1064 You have an error in your SQL syntax; check the manual that corresponds to your MariaDB server version for the right syntax to use near 'THEN 1 ELSE 0 END as expiring_soon
                FROM blood_inventory bi
...' at line 8
[07-Nov-2025 05:50:49 Europe/Berlin] Inventory error: SQLSTATE[42000]: Syntax error or access violation: 1064 You have an error in your SQL syntax; check the manual that corresponds to your MariaDB server version for the right syntax to use near 'THEN 1 ELSE 0 END as expiring_soon,
                'blood_inventory' as data...' at line 3
[07-Nov-2025 05:50:49 Europe/Berlin] PHP Fatal error:  Cannot redeclare dbDriver() (previously declared in C:\xampp\htdocs\blood-donation-pwa-1\tests\admin_blood_types_list.php:48) in C:\xampp\htdocs\blood-donation-pwa-1\tests\pending_donors_unknown_ui.php on line 31
[07-Nov-2025 05:51:30 Europe/Berlin] DB connect failed for root@localhost:3306/blood_system: SQLSTATE[HY000] [1045] Access denied for user 'root'@'localhost' (using password: NO)
[07-Nov-2025 05:51:30 Europe/Berlin] DB connect failed for root@127.0.0.1:3306/blood_system: SQLSTATE[HY000] [1045] Access denied for user 'root'@'localhost' (using password: NO)
[07-Nov-2025 05:51:30 Europe/Berlin] DB connect failed for root@localhost:3306/blood_system: SQLSTATE[HY000] [1045] Access denied for user 'root'@'localhost' (using password: NO)
[07-Nov-2025 05:51:30 Europe/Berlin] Database connection established successfully
[07-Nov-2025 05:51:30 Europe/Berlin] Error checking if table exists: SQLSTATE[42000]: Syntax error or access violation: 1064 You have an error in your SQL syntax; check the manual that corresponds to your MariaDB server version for the right syntax to use near 'donors_new''' at line 1
[07-Nov-2025 05:51:30 Europe/Berlin] Error getting inventory: SQLSTATE[42000]: Syntax error or access violation: 1064 You have an error in your SQL syntax; check the manual that corresponds to your MariaDB server version for the right syntax to use near 'THEN 1 ELSE 0 END as expiring_soon
                FROM blood_inventory bi
...' at line 8
[07-Nov-2025 05:51:30 Europe/Berlin] Error checking if table exists: SQLSTATE[42000]: Syntax error or access violation: 1064 You have an error in your SQL syntax; check the manual that corresponds to your MariaDB server version for the right syntax to use near 'donors_new''' at line 1
[07-Nov-2025 05:51:30 Europe/Berlin] Inventory error: SQLSTATE[42000]: Syntax error or access violation: 1064 You have an error in your SQL syntax; check the manual that corresponds to your MariaDB server version for the right syntax to use near 'THEN 1 ELSE 0 END as expiring_soon,
                'blood_inventory' as data...' at line 3
[07-Nov-2025 05:51:30 Europe/Berlin] Error checking if table exists: SQLSTATE[42000]: Syntax error or access violation: 1064 You have an error in your SQL syntax; check the manual that corresponds to your MariaDB server version for the right syntax to use near 'donors_new''' at line 1
[07-Nov-2025 05:51:30 Europe/Berlin] Error getting inventory: SQLSTATE[42000]: Syntax error or access violation: 1064 You have an error in your SQL syntax; check the manual that corresponds to your MariaDB server version for the right syntax to use near 'THEN 1 ELSE 0 END as expiring_soon
                FROM blood_inventory bi
...' at line 8
[07-Nov-2025 05:51:30 Europe/Berlin] Error checking if table exists: SQLSTATE[42000]: Syntax error or access violation: 1064 You have an error in your SQL syntax; check the manual that corresponds to your MariaDB server version for the right syntax to use near 'donors_new''' at line 1
[07-Nov-2025 05:51:30 Europe/Berlin] Inventory error: SQLSTATE[42000]: Syntax error or access violation: 1064 You have an error in your SQL syntax; check the manual that corresponds to your MariaDB server version for the right syntax to use near 'THEN 1 ELSE 0 END as expiring_soon,
                'blood_inventory' as data...' at line 3
[07-Nov-2025 05:51:30 Europe/Berlin] Error checking if table exists: SQLSTATE[42000]: Syntax error or access violation: 1064 You have an error in your SQL syntax; check the manual that corresponds to your MariaDB server version for the right syntax to use near 'donors_new''' at line 1
[07-Nov-2025 05:51:30 Europe/Berlin] Error getting inventory: SQLSTATE[42000]: Syntax error or access violation: 1064 You have an error in your SQL syntax; check the manual that corresponds to your MariaDB server version for the right syntax to use near 'THEN 1 ELSE 0 END as expiring_soon
                FROM blood_inventory bi
...' at line 8
[07-Nov-2025 05:51:30 Europe/Berlin] Error checking if table exists: SQLSTATE[42000]: Syntax error or access violation: 1064 You have an error in your SQL syntax; check the manual that corresponds to your MariaDB server version for the right syntax to use near 'donors_new''' at line 1
[07-Nov-2025 05:51:30 Europe/Berlin] Inventory error: SQLSTATE[42000]: Syntax error or access violation: 1064 You have an error in your SQL syntax; check the manual that corresponds to your MariaDB server version for the right syntax to use near 'THEN 1 ELSE 0 END as expiring_soon,
                'blood_inventory' as data...' at line 3
[07-Nov-2025 05:51:30 Europe/Berlin] Error checking if table exists: SQLSTATE[42000]: Syntax error or access violation: 1064 You have an error in your SQL syntax; check the manual that corresponds to your MariaDB server version for the right syntax to use near 'donors_new''' at line 1
[07-Nov-2025 05:51:31 Europe/Berlin] Error getting inventory: SQLSTATE[42000]: Syntax error or access violation: 1064 You have an error in your SQL syntax; check the manual that corresponds to your MariaDB server version for the right syntax to use near 'THEN 1 ELSE 0 END as expiring_soon
                FROM blood_inventory bi
...' at line 8
[07-Nov-2025 05:51:31 Europe/Berlin] Error checking if table exists: SQLSTATE[42000]: Syntax error or access violation: 1064 You have an error in your SQL syntax; check the manual that corresponds to your MariaDB server version for the right syntax to use near 'donors_new''' at line 1
[07-Nov-2025 05:51:31 Europe/Berlin] Inventory error: SQLSTATE[42000]: Syntax error or access violation: 1064 You have an error in your SQL syntax; check the manual that corresponds to your MariaDB server version for the right syntax to use near 'THEN 1 ELSE 0 END as expiring_soon,
                'blood_inventory' as data...' at line 3
[07-Nov-2025 05:51:31 Europe/Berlin] Error checking if table exists: SQLSTATE[42000]: Syntax error or access violation: 1064 You have an error in your SQL syntax; check the manual that corresponds to your MariaDB server version for the right syntax to use near 'donors_new''' at line 1
[07-Nov-2025 05:51:31 Europe/Berlin] Error getting inventory: SQLSTATE[42000]: Syntax error or access violation: 1064 You have an error in your SQL syntax; check the manual that corresponds to your MariaDB server version for the right syntax to use near 'THEN 1 ELSE 0 END as expiring_soon
                FROM blood_inventory bi
...' at line 8
[07-Nov-2025 05:51:31 Europe/Berlin] Error checking if table exists: SQLSTATE[42000]: Syntax error or access violation: 1064 You have an error in your SQL syntax; check the manual that corresponds to your MariaDB server version for the right syntax to use near 'donors_new''' at line 1
[07-Nov-2025 05:51:31 Europe/Berlin] Inventory error: SQLSTATE[42000]: Syntax error or access violation: 1064 You have an error in your SQL syntax; check the manual that corresponds to your MariaDB server version for the right syntax to use near 'THEN 1 ELSE 0 END as expiring_soon,
                'blood_inventory' as data...' at line 3
[07-Nov-2025 05:51:31 Europe/Berlin] Error checking if table exists: SQLSTATE[42000]: Syntax error or access violation: 1064 You have an error in your SQL syntax; check the manual that corresponds to your MariaDB server version for the right syntax to use near 'donors_new''' at line 1
[07-Nov-2025 05:51:31 Europe/Berlin] Error getting inventory: SQLSTATE[42000]: Syntax error or access violation: 1064 You have an error in your SQL syntax; check the manual that corresponds to your MariaDB server version for the right syntax to use near 'THEN 1 ELSE 0 END as expiring_soon
                FROM blood_inventory bi
...' at line 8
[07-Nov-2025 05:51:31 Europe/Berlin] Inventory error: SQLSTATE[42000]: Syntax error or access violation: 1064 You have an error in your SQL syntax; check the manual that corresponds to your MariaDB server version for the right syntax to use near 'THEN 1 ELSE 0 END as expiring_soon,
                'blood_inventory' as data...' at line 3
[07-Nov-2025 05:51:31 Europe/Berlin] PHP Notice:  session_start(): Ignoring session_start() because a session is already active in C:\xampp\htdocs\blood-donation-pwa-1\admin.php on line 12
[07-Nov-2025 05:51:31 Europe/Berlin] PHP Warning:  Cannot modify header information - headers already sent by (output started at C:\xampp\htdocs\blood-donation-pwa-1\tests\inventory_manager_consistency.php:100) in C:\xampp\htdocs\blood-donation-pwa-1\admin.php on line 21
[07-Nov-2025 05:51:31 Europe/Berlin] PHP Warning:  Cannot modify header information - headers already sent by (output started at C:\xampp\htdocs\blood-donation-pwa-1\tests\inventory_manager_consistency.php:100) in C:\xampp\htdocs\blood-donation-pwa-1\admin.php on line 22
[07-Nov-2025 05:51:31 Europe/Berlin] PHP Warning:  Cannot modify header information - headers already sent by (output started at C:\xampp\htdocs\blood-donation-pwa-1\tests\inventory_manager_consistency.php:100) in C:\xampp\htdocs\blood-donation-pwa-1\admin.php on line 23
[07-Nov-2025 05:51:31 Europe/Berlin] PHP Warning:  Cannot modify header information - headers already sent by (output started at C:\xampp\htdocs\blood-donation-pwa-1\tests\inventory_manager_consistency.php:100) in C:\xampp\htdocs\blood-donation-pwa-1\admin.php on line 24
[07-Nov-2025 05:51:31 Europe/Berlin] PHP Warning:  Undefined array key "REQUEST_METHOD" in C:\xampp\htdocs\blood-donation-pwa-1\admin.php on line 79
[07-Nov-2025 05:51:31 Europe/Berlin] PHP Warning:  Constant INCLUDES_PATH already defined in C:\xampp\htdocs\blood-donation-pwa-1\admin.php on line 132
[07-Nov-2025 05:51:31 Europe/Berlin] PHP Warning:  Undefined array key "REQUEST_METHOD" in C:\xampp\htdocs\blood-donation-pwa-1\admin.php on line 138
[07-Nov-2025 05:51:31 Europe/Berlin] Donor not found in approveDonor: 126
[07-Nov-2025 05:51:31 Europe/Berlin] Error approving donor: Donor not found
[07-Nov-2025 05:51:31 Europe/Berlin] Error updating donor status: Donor not found
[07-Nov-2025 05:51:31 Europe/Berlin] Stack trace: #0 C:\xampp\htdocs\blood-donation-pwa-1\tests\test_donor_approval.php(43): updateDonorStatus(Object(PDO), 127, 'rejected', 'Test rejection ...', 1)
#1 C:\xampp\htdocs\blood-donation-pwa-1\tests\run_all_tests.php(41): require_once('C:\\xampp\\htdocs...')
#2 {main}
[07-Nov-2025 05:51:31 Europe/Berlin] Error checking if table exists: SQLSTATE[42000]: Syntax error or access violation: 1064 You have an error in your SQL syntax; check the manual that corresponds to your MariaDB server version for the right syntax to use near 'blood_inventory''' at line 1
[07-Nov-2025 05:51:31 Europe/Berlin] Error checking if table exists: SQLSTATE[42000]: Syntax error or access violation: 1064 You have an error in your SQL syntax; check the manual that corresponds to your MariaDB server version for the right syntax to use near 'donors_new''' at line 1
[07-Nov-2025 05:51:31 Europe/Berlin] Error checking if table exists: SQLSTATE[42000]: Syntax error or access violation: 1064 You have an error in your SQL syntax; check the manual that corresponds to your MariaDB server version for the right syntax to use near 'donors_new''' at line 1
[07-Nov-2025 05:51:31 Europe/Berlin] Error getting inventory: SQLSTATE[42000]: Syntax error or access violation: 1064 You have an error in your SQL syntax; check the manual that corresponds to your MariaDB server version for the right syntax to use near 'THEN 1 ELSE 0 END as expiring_soon
                FROM blood_inventory bi
...' at line 8
[07-Nov-2025 05:51:31 Europe/Berlin] Inventory error: SQLSTATE[42000]: Syntax error or access violation: 1064 You have an error in your SQL syntax; check the manual that corresponds to your MariaDB server version for the right syntax to use near 'THEN 1 ELSE 0 END as expiring_soon,
                'blood_inventory' as data...' at line 3
[07-Nov-2025 05:51:31 Europe/Berlin] Error checking if table exists: SQLSTATE[42000]: Syntax error or access violation: 1064 You have an error in your SQL syntax; check the manual that corresponds to your MariaDB server version for the right syntax to use near 'donors_new''' at line 1
[07-Nov-2025 05:51:31 Europe/Berlin] Error checking if table exists: SQLSTATE[42000]: Syntax error or access violation: 1064 You have an error in your SQL syntax; check the manual that corresponds to your MariaDB server version for the right syntax to use near 'donors_new''' at line 1
[07-Nov-2025 05:51:31 Europe/Berlin] Error getting inventory: SQLSTATE[42000]: Syntax error or access violation: 1064 You have an error in your SQL syntax; check the manual that corresponds to your MariaDB server version for the right syntax to use near 'THEN 1 ELSE 0 END as expiring_soon
                FROM blood_inventory bi
...' at line 8
[07-Nov-2025 05:51:31 Europe/Berlin] Inventory error: SQLSTATE[42000]: Syntax error or access violation: 1064 You have an error in your SQL syntax; check the manual that corresponds to your MariaDB server version for the right syntax to use near 'THEN 1 ELSE 0 END as expiring_soon,
                'blood_inventory' as data...' at line 3
[07-Nov-2025 05:51:31 Europe/Berlin] Error checking if table exists: SQLSTATE[42000]: Syntax error or access violation: 1064 You have an error in your SQL syntax; check the manual that corresponds to your MariaDB server version for the right syntax to use near 'donors_new''' at line 1
[07-Nov-2025 05:51:31 Europe/Berlin] Error checking if table exists: SQLSTATE[42000]: Syntax error or access violation: 1064 You have an error in your SQL syntax; check the manual that corresponds to your MariaDB server version for the right syntax to use near 'donors_new''' at line 1
[07-Nov-2025 05:51:31 Europe/Berlin] Error getting inventory: SQLSTATE[42000]: Syntax error or access violation: 1064 You have an error in your SQL syntax; check the manual that corresponds to your MariaDB server version for the right syntax to use near 'THEN 1 ELSE 0 END as expiring_soon
                FROM blood_inventory bi
...' at line 8
[07-Nov-2025 05:51:31 Europe/Berlin] Inventory error: SQLSTATE[42000]: Syntax error or access violation: 1064 You have an error in your SQL syntax; check the manual that corresponds to your MariaDB server version for the right syntax to use near 'THEN 1 ELSE 0 END as expiring_soon,
                'blood_inventory' as data...' at line 3
[07-Nov-2025 05:51:31 Europe/Berlin] Error checking if table exists: SQLSTATE[42000]: Syntax error or access violation: 1064 You have an error in your SQL syntax; check the manual that corresponds to your MariaDB server version for the right syntax to use near 'donors_new''' at line 1
[07-Nov-2025 05:51:31 Europe/Berlin] Error checking if table exists: SQLSTATE[42000]: Syntax error or access violation: 1064 You have an error in your SQL syntax; check the manual that corresponds to your MariaDB server version for the right syntax to use near 'donors_new''' at line 1
[07-Nov-2025 05:51:31 Europe/Berlin] Error getting inventory: SQLSTATE[42000]: Syntax error or access violation: 1064 You have an error in your SQL syntax; check the manual that corresponds to your MariaDB server version for the right syntax to use near 'THEN 1 ELSE 0 END as expiring_soon
                FROM blood_inventory bi
...' at line 8
[07-Nov-2025 05:51:31 Europe/Berlin] Inventory error: SQLSTATE[42000]: Syntax error or access violation: 1064 You have an error in your SQL syntax; check the manual that corresponds to your MariaDB server version for the right syntax to use near 'THEN 1 ELSE 0 END as expiring_soon,
                'blood_inventory' as data...' at line 3
[07-Nov-2025 05:51:31 Europe/Berlin] Error checking if table exists: SQLSTATE[42000]: Syntax error or access violation: 1064 You have an error in your SQL syntax; check the manual that corresponds to your MariaDB server version for the right syntax to use near 'donors''' at line 1
[07-Nov-2025 05:51:31 Europe/Berlin] Error checking if table exists: SQLSTATE[42000]: Syntax error or access violation: 1064 You have an error in your SQL syntax; check the manual that corresponds to your MariaDB server version for the right syntax to use near 'donors_new''' at line 1
[07-Nov-2025 06:45:57 Europe/Berlin] DB connect failed for root@localhost:3306/blood_system: SQLSTATE[HY000] [1045] Access denied for user 'root'@'localhost' (using password: NO)
[07-Nov-2025 06:45:57 Europe/Berlin] DB connect failed for root@127.0.0.1:3306/blood_system: SQLSTATE[HY000] [1045] Access denied for user 'root'@'localhost' (using password: NO)
[07-Nov-2025 06:45:57 Europe/Berlin] DB connect failed for root@localhost:3306/blood_system: SQLSTATE[HY000] [1045] Access denied for user 'root'@'localhost' (using password: NO)
[07-Nov-2025 06:45:57 Europe/Berlin] Database connection established successfully
[07-Nov-2025 06:45:57 Europe/Berlin] Error checking if table exists: SQLSTATE[42000]: Syntax error or access violation: 1064 You have an error in your SQL syntax; check the manual that corresponds to your MariaDB server version for the right syntax to use near 'donors_new''' at line 1
[07-Nov-2025 06:45:57 Europe/Berlin] Error getting inventory: SQLSTATE[42000]: Syntax error or access violation: 1064 You have an error in your SQL syntax; check the manual that corresponds to your MariaDB server version for the right syntax to use near 'THEN 1 ELSE 0 END as expiring_soon
                FROM blood_inventory bi
...' at line 8
[07-Nov-2025 06:45:57 Europe/Berlin] Error checking if table exists: SQLSTATE[42000]: Syntax error or access violation: 1064 You have an error in your SQL syntax; check the manual that corresponds to your MariaDB server version for the right syntax to use near 'donors_new''' at line 1
[07-Nov-2025 06:45:57 Europe/Berlin] Inventory error: SQLSTATE[42000]: Syntax error or access violation: 1064 You have an error in your SQL syntax; check the manual that corresponds to your MariaDB server version for the right syntax to use near 'THEN 1 ELSE 0 END as expiring_soon,
                'blood_inventory' as data...' at line 3
[07-Nov-2025 06:45:57 Europe/Berlin] Error checking if table exists: SQLSTATE[42000]: Syntax error or access violation: 1064 You have an error in your SQL syntax; check the manual that corresponds to your MariaDB server version for the right syntax to use near 'donors_new''' at line 1
[07-Nov-2025 06:45:57 Europe/Berlin] Error getting inventory: SQLSTATE[42000]: Syntax error or access violation: 1064 You have an error in your SQL syntax; check the manual that corresponds to your MariaDB server version for the right syntax to use near 'THEN 1 ELSE 0 END as expiring_soon
                FROM blood_inventory bi
...' at line 8
[07-Nov-2025 06:45:57 Europe/Berlin] Error checking if table exists: SQLSTATE[42000]: Syntax error or access violation: 1064 You have an error in your SQL syntax; check the manual that corresponds to your MariaDB server version for the right syntax to use near 'donors_new''' at line 1
[07-Nov-2025 06:45:57 Europe/Berlin] Inventory error: SQLSTATE[42000]: Syntax error or access violation: 1064 You have an error in your SQL syntax; check the manual that corresponds to your MariaDB server version for the right syntax to use near 'THEN 1 ELSE 0 END as expiring_soon,
                'blood_inventory' as data...' at line 3
[07-Nov-2025 06:45:57 Europe/Berlin] Error checking if table exists: SQLSTATE[42000]: Syntax error or access violation: 1064 You have an error in your SQL syntax; check the manual that corresponds to your MariaDB server version for the right syntax to use near 'donors_new''' at line 1
[07-Nov-2025 06:45:57 Europe/Berlin] Error getting inventory: SQLSTATE[42000]: Syntax error or access violation: 1064 You have an error in your SQL syntax; check the manual that corresponds to your MariaDB server version for the right syntax to use near 'THEN 1 ELSE 0 END as expiring_soon
                FROM blood_inventory bi
...' at line 8
[07-Nov-2025 06:45:57 Europe/Berlin] Error checking if table exists: SQLSTATE[42000]: Syntax error or access violation: 1064 You have an error in your SQL syntax; check the manual that corresponds to your MariaDB server version for the right syntax to use near 'donors_new''' at line 1
[07-Nov-2025 06:45:57 Europe/Berlin] Inventory error: SQLSTATE[42000]: Syntax error or access violation: 1064 You have an error in your SQL syntax; check the manual that corresponds to your MariaDB server version for the right syntax to use near 'THEN 1 ELSE 0 END as expiring_soon,
                'blood_inventory' as data...' at line 3
[07-Nov-2025 06:45:57 Europe/Berlin] Error checking if table exists: SQLSTATE[42000]: Syntax error or access violation: 1064 You have an error in your SQL syntax; check the manual that corresponds to your MariaDB server version for the right syntax to use near 'donors_new''' at line 1
[07-Nov-2025 06:45:57 Europe/Berlin] Error getting inventory: SQLSTATE[42000]: Syntax error or access violation: 1064 You have an error in your SQL syntax; check the manual that corresponds to your MariaDB server version for the right syntax to use near 'THEN 1 ELSE 0 END as expiring_soon
                FROM blood_inventory bi
...' at line 8
[07-Nov-2025 06:45:57 Europe/Berlin] Error checking if table exists: SQLSTATE[42000]: Syntax error or access violation: 1064 You have an error in your SQL syntax; check the manual that corresponds to your MariaDB server version for the right syntax to use near 'donors_new''' at line 1
[07-Nov-2025 06:45:57 Europe/Berlin] Inventory error: SQLSTATE[42000]: Syntax error or access violation: 1064 You have an error in your SQL syntax; check the manual that corresponds to your MariaDB server version for the right syntax to use near 'THEN 1 ELSE 0 END as expiring_soon,
                'blood_inventory' as data...' at line 3
[07-Nov-2025 06:45:57 Europe/Berlin] Error checking if table exists: SQLSTATE[42000]: Syntax error or access violation: 1064 You have an error in your SQL syntax; check the manual that corresponds to your MariaDB server version for the right syntax to use near 'donors_new''' at line 1
[07-Nov-2025 06:45:57 Europe/Berlin] Error getting inventory: SQLSTATE[42000]: Syntax error or access violation: 1064 You have an error in your SQL syntax; check the manual that corresponds to your MariaDB server version for the right syntax to use near 'THEN 1 ELSE 0 END as expiring_soon
                FROM blood_inventory bi
...' at line 8
[07-Nov-2025 06:45:57 Europe/Berlin] Error checking if table exists: SQLSTATE[42000]: Syntax error or access violation: 1064 You have an error in your SQL syntax; check the manual that corresponds to your MariaDB server version for the right syntax to use near 'donors_new''' at line 1
[07-Nov-2025 06:45:57 Europe/Berlin] Inventory error: SQLSTATE[42000]: Syntax error or access violation: 1064 You have an error in your SQL syntax; check the manual that corresponds to your MariaDB server version for the right syntax to use near 'THEN 1 ELSE 0 END as expiring_soon,
                'blood_inventory' as data...' at line 3
[07-Nov-2025 06:45:57 Europe/Berlin] Error checking if table exists: SQLSTATE[42000]: Syntax error or access violation: 1064 You have an error in your SQL syntax; check the manual that corresponds to your MariaDB server version for the right syntax to use near 'donors_new''' at line 1
[07-Nov-2025 06:45:57 Europe/Berlin] Error getting inventory: SQLSTATE[42000]: Syntax error or access violation: 1064 You have an error in your SQL syntax; check the manual that corresponds to your MariaDB server version for the right syntax to use near 'THEN 1 ELSE 0 END as expiring_soon
                FROM blood_inventory bi
...' at line 8
[07-Nov-2025 06:45:57 Europe/Berlin] Inventory error: SQLSTATE[42000]: Syntax error or access violation: 1064 You have an error in your SQL syntax; check the manual that corresponds to your MariaDB server version for the right syntax to use near 'THEN 1 ELSE 0 END as expiring_soon,
                'blood_inventory' as data...' at line 3
[07-Nov-2025 06:45:57 Europe/Berlin] PHP Notice:  session_start(): Ignoring session_start() because a session is already active in C:\xampp\htdocs\blood-donation-pwa-1\admin.php on line 12
[07-Nov-2025 06:45:57 Europe/Berlin] PHP Warning:  Cannot modify header information - headers already sent by (output started at C:\xampp\htdocs\blood-donation-pwa-1\tests\inventory_manager_consistency.php:100) in C:\xampp\htdocs\blood-donation-pwa-1\admin.php on line 21
[07-Nov-2025 06:45:57 Europe/Berlin] PHP Warning:  Cannot modify header information - headers already sent by (output started at C:\xampp\htdocs\blood-donation-pwa-1\tests\inventory_manager_consistency.php:100) in C:\xampp\htdocs\blood-donation-pwa-1\admin.php on line 22
[07-Nov-2025 06:45:57 Europe/Berlin] PHP Warning:  Cannot modify header information - headers already sent by (output started at C:\xampp\htdocs\blood-donation-pwa-1\tests\inventory_manager_consistency.php:100) in C:\xampp\htdocs\blood-donation-pwa-1\admin.php on line 23
[07-Nov-2025 06:45:57 Europe/Berlin] PHP Warning:  Cannot modify header information - headers already sent by (output started at C:\xampp\htdocs\blood-donation-pwa-1\tests\inventory_manager_consistency.php:100) in C:\xampp\htdocs\blood-donation-pwa-1\admin.php on line 24
[07-Nov-2025 06:45:57 Europe/Berlin] PHP Warning:  Undefined array key "REQUEST_METHOD" in C:\xampp\htdocs\blood-donation-pwa-1\admin.php on line 79
[07-Nov-2025 06:45:57 Europe/Berlin] PHP Warning:  Constant INCLUDES_PATH already defined in C:\xampp\htdocs\blood-donation-pwa-1\admin.php on line 132
[07-Nov-2025 06:45:57 Europe/Berlin] PHP Warning:  Undefined array key "REQUEST_METHOD" in C:\xampp\htdocs\blood-donation-pwa-1\admin.php on line 138
[07-Nov-2025 06:45:57 Europe/Berlin] Donor not found in approveDonor: 128
[07-Nov-2025 06:45:57 Europe/Berlin] Error approving donor: Donor not found
[07-Nov-2025 06:45:57 Europe/Berlin] Error updating donor status: Donor not found
[07-Nov-2025 06:45:57 Europe/Berlin] Stack trace: #0 C:\xampp\htdocs\blood-donation-pwa-1\tests\test_donor_approval.php(43): updateDonorStatus(Object(PDO), 129, 'rejected', 'Test rejection ...', 1)
#1 C:\xampp\htdocs\blood-donation-pwa-1\tests\run_all_tests.php(41): require_once('C:\\xampp\\htdocs...')
#2 {main}
[07-Nov-2025 06:45:57 Europe/Berlin] Error checking if table exists: SQLSTATE[42000]: Syntax error or access violation: 1064 You have an error in your SQL syntax; check the manual that corresponds to your MariaDB server version for the right syntax to use near 'blood_inventory''' at line 1
[07-Nov-2025 06:45:57 Europe/Berlin] Error checking if table exists: SQLSTATE[42000]: Syntax error or access violation: 1064 You have an error in your SQL syntax; check the manual that corresponds to your MariaDB server version for the right syntax to use near 'donors_new''' at line 1
[07-Nov-2025 06:45:57 Europe/Berlin] Error checking if table exists: SQLSTATE[42000]: Syntax error or access violation: 1064 You have an error in your SQL syntax; check the manual that corresponds to your MariaDB server version for the right syntax to use near 'donors_new''' at line 1
[07-Nov-2025 06:45:57 Europe/Berlin] Error getting inventory: SQLSTATE[42000]: Syntax error or access violation: 1064 You have an error in your SQL syntax; check the manual that corresponds to your MariaDB server version for the right syntax to use near 'THEN 1 ELSE 0 END as expiring_soon
                FROM blood_inventory bi
...' at line 8
[07-Nov-2025 06:45:57 Europe/Berlin] Inventory error: SQLSTATE[42000]: Syntax error or access violation: 1064 You have an error in your SQL syntax; check the manual that corresponds to your MariaDB server version for the right syntax to use near 'THEN 1 ELSE 0 END as expiring_soon,
                'blood_inventory' as data...' at line 3
[07-Nov-2025 06:45:57 Europe/Berlin] Error checking if table exists: SQLSTATE[42000]: Syntax error or access violation: 1064 You have an error in your SQL syntax; check the manual that corresponds to your MariaDB server version for the right syntax to use near 'donors_new''' at line 1
[07-Nov-2025 06:45:57 Europe/Berlin] Error checking if table exists: SQLSTATE[42000]: Syntax error or access violation: 1064 You have an error in your SQL syntax; check the manual that corresponds to your MariaDB server version for the right syntax to use near 'donors_new''' at line 1
[07-Nov-2025 06:45:57 Europe/Berlin] Error getting inventory: SQLSTATE[42000]: Syntax error or access violation: 1064 You have an error in your SQL syntax; check the manual that corresponds to your MariaDB server version for the right syntax to use near 'THEN 1 ELSE 0 END as expiring_soon
                FROM blood_inventory bi
...' at line 8
[07-Nov-2025 06:45:57 Europe/Berlin] Inventory error: SQLSTATE[42000]: Syntax error or access violation: 1064 You have an error in your SQL syntax; check the manual that corresponds to your MariaDB server version for the right syntax to use near 'THEN 1 ELSE 0 END as expiring_soon,
                'blood_inventory' as data...' at line 3
[07-Nov-2025 06:45:57 Europe/Berlin] Error checking if table exists: SQLSTATE[42000]: Syntax error or access violation: 1064 You have an error in your SQL syntax; check the manual that corresponds to your MariaDB server version for the right syntax to use near 'donors_new''' at line 1
[07-Nov-2025 06:45:57 Europe/Berlin] Error checking if table exists: SQLSTATE[42000]: Syntax error or access violation: 1064 You have an error in your SQL syntax; check the manual that corresponds to your MariaDB server version for the right syntax to use near 'donors_new''' at line 1
[07-Nov-2025 06:45:57 Europe/Berlin] Error getting inventory: SQLSTATE[42000]: Syntax error or access violation: 1064 You have an error in your SQL syntax; check the manual that corresponds to your MariaDB server version for the right syntax to use near 'THEN 1 ELSE 0 END as expiring_soon
                FROM blood_inventory bi
...' at line 8
[07-Nov-2025 06:45:57 Europe/Berlin] Inventory error: SQLSTATE[42000]: Syntax error or access violation: 1064 You have an error in your SQL syntax; check the manual that corresponds to your MariaDB server version for the right syntax to use near 'THEN 1 ELSE 0 END as expiring_soon,
                'blood_inventory' as data...' at line 3
[07-Nov-2025 06:45:57 Europe/Berlin] Error checking if table exists: SQLSTATE[42000]: Syntax error or access violation: 1064 You have an error in your SQL syntax; check the manual that corresponds to your MariaDB server version for the right syntax to use near 'donors_new''' at line 1
[07-Nov-2025 06:45:57 Europe/Berlin] Error checking if table exists: SQLSTATE[42000]: Syntax error or access violation: 1064 You have an error in your SQL syntax; check the manual that corresponds to your MariaDB server version for the right syntax to use near 'donors_new''' at line 1
[07-Nov-2025 06:45:57 Europe/Berlin] Error getting inventory: SQLSTATE[42000]: Syntax error or access violation: 1064 You have an error in your SQL syntax; check the manual that corresponds to your MariaDB server version for the right syntax to use near 'THEN 1 ELSE 0 END as expiring_soon
                FROM blood_inventory bi
...' at line 8
[07-Nov-2025 06:45:57 Europe/Berlin] Inventory error: SQLSTATE[42000]: Syntax error or access violation: 1064 You have an error in your SQL syntax; check the manual that corresponds to your MariaDB server version for the right syntax to use near 'THEN 1 ELSE 0 END as expiring_soon,
                'blood_inventory' as data...' at line 3
[07-Nov-2025 06:45:57 Europe/Berlin] Error checking if table exists: SQLSTATE[42000]: Syntax error or access violation: 1064 You have an error in your SQL syntax; check the manual that corresponds to your MariaDB server version for the right syntax to use near 'donors''' at line 1
[07-Nov-2025 06:45:57 Europe/Berlin] Error checking if table exists: SQLSTATE[42000]: Syntax error or access violation: 1064 You have an error in your SQL syntax; check the manual that corresponds to your MariaDB server version for the right syntax to use near 'donors_new''' at line 1
[07-Nov-2025 06:46:26 Europe/Berlin] DB connect failed for root@localhost:3306/blood_system: SQLSTATE[HY000] [1045] Access denied for user 'root'@'localhost' (using password: NO)
[07-Nov-2025 06:46:26 Europe/Berlin] DB connect failed for root@127.0.0.1:3306/blood_system: SQLSTATE[HY000] [1045] Access denied for user 'root'@'localhost' (using password: NO)
[07-Nov-2025 06:46:26 Europe/Berlin] DB connect failed for root@localhost:3306/blood_system: SQLSTATE[HY000] [1045] Access denied for user 'root'@'localhost' (using password: NO)
[07-Nov-2025 06:46:26 Europe/Berlin] Database connection established successfully
[07-Nov-2025 06:47:02 Europe/Berlin] DB connect failed for root@localhost:3306/blood_system: SQLSTATE[HY000] [1045] Access denied for user 'root'@'localhost' (using password: NO)
[07-Nov-2025 06:47:02 Europe/Berlin] DB connect failed for root@127.0.0.1:3306/blood_system: SQLSTATE[HY000] [1045] Access denied for user 'root'@'localhost' (using password: NO)
[07-Nov-2025 06:47:02 Europe/Berlin] DB connect failed for root@localhost:3306/blood_system: SQLSTATE[HY000] [1045] Access denied for user 'root'@'localhost' (using password: NO)
[07-Nov-2025 06:47:02 Europe/Berlin] Database connection established successfully
[07-Nov-2025 06:47:02 Europe/Berlin] Error checking if table exists: SQLSTATE[42000]: Syntax error or access violation: 1064 You have an error in your SQL syntax; check the manual that corresponds to your MariaDB server version for the right syntax to use near 'donors''' at line 1
[07-Nov-2025 06:47:02 Europe/Berlin] Error checking if table exists: SQLSTATE[42000]: Syntax error or access violation: 1064 You have an error in your SQL syntax; check the manual that corresponds to your MariaDB server version for the right syntax to use near 'donors_new''' at line 1
[07-Nov-2025 06:47:02 Europe/Berlin] DB connect failed for root@localhost:3306/blood_system: SQLSTATE[HY000] [1045] Access denied for user 'root'@'localhost' (using password: NO)
[07-Nov-2025 06:47:02 Europe/Berlin] DB connect failed for root@127.0.0.1:3306/blood_system: SQLSTATE[HY000] [1045] Access denied for user 'root'@'localhost' (using password: NO)
[07-Nov-2025 06:47:02 Europe/Berlin] DB connect failed for root@localhost:3306/blood_system: SQLSTATE[HY000] [1045] Access denied for user 'root'@'localhost' (using password: NO)
[07-Nov-2025 06:47:02 Europe/Berlin] Database connection established successfully
[07-Nov-2025 06:50:44 Europe/Berlin] DB connect failed for root@localhost:3306/blood_system: SQLSTATE[HY000] [1045] Access denied for user 'root'@'localhost' (using password: NO)
[07-Nov-2025 06:50:44 Europe/Berlin] DB connect failed for root@127.0.0.1:3306/blood_system: SQLSTATE[HY000] [1045] Access denied for user 'root'@'localhost' (using password: NO)
[07-Nov-2025 06:50:44 Europe/Berlin] DB connect failed for root@localhost:3306/blood_system: SQLSTATE[HY000] [1045] Access denied for user 'root'@'localhost' (using password: NO)
[07-Nov-2025 06:50:44 Europe/Berlin] Database connection established successfully
[07-Nov-2025 06:50:44 Europe/Berlin] Error checking if table exists: SQLSTATE[42000]: Syntax error or access violation: 1064 You have an error in your SQL syntax; check the manual that corresponds to your MariaDB server version for the right syntax to use near 'donors_new''' at line 1
[07-Nov-2025 06:50:44 Europe/Berlin] Error getting inventory: SQLSTATE[42000]: Syntax error or access violation: 1064 You have an error in your SQL syntax; check the manual that corresponds to your MariaDB server version for the right syntax to use near 'THEN 1 ELSE 0 END as expiring_soon
                FROM blood_inventory bi
...' at line 8
[07-Nov-2025 06:50:44 Europe/Berlin] Error checking if table exists: SQLSTATE[42000]: Syntax error or access violation: 1064 You have an error in your SQL syntax; check the manual that corresponds to your MariaDB server version for the right syntax to use near 'donors_new''' at line 1
[07-Nov-2025 06:50:44 Europe/Berlin] Inventory error: SQLSTATE[42000]: Syntax error or access violation: 1064 You have an error in your SQL syntax; check the manual that corresponds to your MariaDB server version for the right syntax to use near 'THEN 1 ELSE 0 END as expiring_soon,
                'blood_inventory' as data...' at line 3
[07-Nov-2025 06:50:44 Europe/Berlin] Error checking if table exists: SQLSTATE[42000]: Syntax error or access violation: 1064 You have an error in your SQL syntax; check the manual that corresponds to your MariaDB server version for the right syntax to use near 'donors_new''' at line 1
[07-Nov-2025 06:50:44 Europe/Berlin] Error getting inventory: SQLSTATE[42000]: Syntax error or access violation: 1064 You have an error in your SQL syntax; check the manual that corresponds to your MariaDB server version for the right syntax to use near 'THEN 1 ELSE 0 END as expiring_soon
                FROM blood_inventory bi
...' at line 8
[07-Nov-2025 06:50:44 Europe/Berlin] Error checking if table exists: SQLSTATE[42000]: Syntax error or access violation: 1064 You have an error in your SQL syntax; check the manual that corresponds to your MariaDB server version for the right syntax to use near 'donors_new''' at line 1
[07-Nov-2025 06:50:44 Europe/Berlin] Inventory error: SQLSTATE[42000]: Syntax error or access violation: 1064 You have an error in your SQL syntax; check the manual that corresponds to your MariaDB server version for the right syntax to use near 'THEN 1 ELSE 0 END as expiring_soon,
                'blood_inventory' as data...' at line 3
[07-Nov-2025 06:50:44 Europe/Berlin] Error checking if table exists: SQLSTATE[42000]: Syntax error or access violation: 1064 You have an error in your SQL syntax; check the manual that corresponds to your MariaDB server version for the right syntax to use near 'donors_new''' at line 1
[07-Nov-2025 06:50:44 Europe/Berlin] Error getting inventory: SQLSTATE[42000]: Syntax error or access violation: 1064 You have an error in your SQL syntax; check the manual that corresponds to your MariaDB server version for the right syntax to use near 'THEN 1 ELSE 0 END as expiring_soon
                FROM blood_inventory bi
...' at line 8
[07-Nov-2025 06:50:44 Europe/Berlin] Error checking if table exists: SQLSTATE[42000]: Syntax error or access violation: 1064 You have an error in your SQL syntax; check the manual that corresponds to your MariaDB server version for the right syntax to use near 'donors_new''' at line 1
[07-Nov-2025 06:50:44 Europe/Berlin] Inventory error: SQLSTATE[42000]: Syntax error or access violation: 1064 You have an error in your SQL syntax; check the manual that corresponds to your MariaDB server version for the right syntax to use near 'THEN 1 ELSE 0 END as expiring_soon,
                'blood_inventory' as data...' at line 3
[07-Nov-2025 06:50:44 Europe/Berlin] Error checking if table exists: SQLSTATE[42000]: Syntax error or access violation: 1064 You have an error in your SQL syntax; check the manual that corresponds to your MariaDB server version for the right syntax to use near 'donors_new''' at line 1
[07-Nov-2025 06:50:44 Europe/Berlin] Error getting inventory: SQLSTATE[42000]: Syntax error or access violation: 1064 You have an error in your SQL syntax; check the manual that corresponds to your MariaDB server version for the right syntax to use near 'THEN 1 ELSE 0 END as expiring_soon
                FROM blood_inventory bi
...' at line 8
[07-Nov-2025 06:50:44 Europe/Berlin] Error checking if table exists: SQLSTATE[42000]: Syntax error or access violation: 1064 You have an error in your SQL syntax; check the manual that corresponds to your MariaDB server version for the right syntax to use near 'donors_new''' at line 1
[07-Nov-2025 06:50:44 Europe/Berlin] Inventory error: SQLSTATE[42000]: Syntax error or access violation: 1064 You have an error in your SQL syntax; check the manual that corresponds to your MariaDB server version for the right syntax to use near 'THEN 1 ELSE 0 END as expiring_soon,
                'blood_inventory' as data...' at line 3
[07-Nov-2025 06:50:44 Europe/Berlin] Error checking if table exists: SQLSTATE[42000]: Syntax error or access violation: 1064 You have an error in your SQL syntax; check the manual that corresponds to your MariaDB server version for the right syntax to use near 'donors_new''' at line 1
[07-Nov-2025 06:50:44 Europe/Berlin] Error getting inventory: SQLSTATE[42000]: Syntax error or access violation: 1064 You have an error in your SQL syntax; check the manual that corresponds to your MariaDB server version for the right syntax to use near 'THEN 1 ELSE 0 END as expiring_soon
                FROM blood_inventory bi
...' at line 8
[07-Nov-2025 06:50:44 Europe/Berlin] Error checking if table exists: SQLSTATE[42000]: Syntax error or access violation: 1064 You have an error in your SQL syntax; check the manual that corresponds to your MariaDB server version for the right syntax to use near 'donors_new''' at line 1
[07-Nov-2025 06:50:44 Europe/Berlin] Inventory error: SQLSTATE[42000]: Syntax error or access violation: 1064 You have an error in your SQL syntax; check the manual that corresponds to your MariaDB server version for the right syntax to use near 'THEN 1 ELSE 0 END as expiring_soon,
                'blood_inventory' as data...' at line 3
[07-Nov-2025 06:50:44 Europe/Berlin] Error checking if table exists: SQLSTATE[42000]: Syntax error or access violation: 1064 You have an error in your SQL syntax; check the manual that corresponds to your MariaDB server version for the right syntax to use near 'donors_new''' at line 1
[07-Nov-2025 06:50:44 Europe/Berlin] Error getting inventory: SQLSTATE[42000]: Syntax error or access violation: 1064 You have an error in your SQL syntax; check the manual that corresponds to your MariaDB server version for the right syntax to use near 'THEN 1 ELSE 0 END as expiring_soon
                FROM blood_inventory bi
...' at line 8
[07-Nov-2025 06:50:44 Europe/Berlin] Inventory error: SQLSTATE[42000]: Syntax error or access violation: 1064 You have an error in your SQL syntax; check the manual that corresponds to your MariaDB server version for the right syntax to use near 'THEN 1 ELSE 0 END as expiring_soon,
                'blood_inventory' as data...' at line 3
[07-Nov-2025 06:50:44 Europe/Berlin] PHP Notice:  session_start(): Ignoring session_start() because a session is already active in C:\xampp\htdocs\blood-donation-pwa-1\admin.php on line 12
[07-Nov-2025 06:50:44 Europe/Berlin] PHP Warning:  Cannot modify header information - headers already sent by (output started at C:\xampp\htdocs\blood-donation-pwa-1\tests\inventory_manager_consistency.php:100) in C:\xampp\htdocs\blood-donation-pwa-1\admin.php on line 21
[07-Nov-2025 06:50:44 Europe/Berlin] PHP Warning:  Cannot modify header information - headers already sent by (output started at C:\xampp\htdocs\blood-donation-pwa-1\tests\inventory_manager_consistency.php:100) in C:\xampp\htdocs\blood-donation-pwa-1\admin.php on line 22
[07-Nov-2025 06:50:44 Europe/Berlin] PHP Warning:  Cannot modify header information - headers already sent by (output started at C:\xampp\htdocs\blood-donation-pwa-1\tests\inventory_manager_consistency.php:100) in C:\xampp\htdocs\blood-donation-pwa-1\admin.php on line 23
[07-Nov-2025 06:50:44 Europe/Berlin] PHP Warning:  Cannot modify header information - headers already sent by (output started at C:\xampp\htdocs\blood-donation-pwa-1\tests\inventory_manager_consistency.php:100) in C:\xampp\htdocs\blood-donation-pwa-1\admin.php on line 24
[07-Nov-2025 06:50:44 Europe/Berlin] PHP Warning:  Undefined array key "REQUEST_METHOD" in C:\xampp\htdocs\blood-donation-pwa-1\admin.php on line 79
[07-Nov-2025 06:50:44 Europe/Berlin] PHP Warning:  Constant INCLUDES_PATH already defined in C:\xampp\htdocs\blood-donation-pwa-1\admin.php on line 132
[07-Nov-2025 06:50:44 Europe/Berlin] PHP Warning:  Undefined array key "REQUEST_METHOD" in C:\xampp\htdocs\blood-donation-pwa-1\admin.php on line 138
[07-Nov-2025 06:50:44 Europe/Berlin] Donor not found in approveDonor: 130
[07-Nov-2025 06:50:44 Europe/Berlin] Error approving donor: Donor not found
[07-Nov-2025 06:50:44 Europe/Berlin] Error updating donor status: Donor not found
[07-Nov-2025 06:50:44 Europe/Berlin] Stack trace: #0 C:\xampp\htdocs\blood-donation-pwa-1\tests\test_donor_approval.php(43): updateDonorStatus(Object(PDO), 131, 'rejected', 'Test rejection ...', 1)
#1 C:\xampp\htdocs\blood-donation-pwa-1\tests\run_all_tests.php(41): require_once('C:\\xampp\\htdocs...')
#2 {main}
[07-Nov-2025 06:50:44 Europe/Berlin] Error checking if table exists: SQLSTATE[42000]: Syntax error or access violation: 1064 You have an error in your SQL syntax; check the manual that corresponds to your MariaDB server version for the right syntax to use near 'blood_inventory''' at line 1
[07-Nov-2025 06:50:44 Europe/Berlin] Error checking if table exists: SQLSTATE[42000]: Syntax error or access violation: 1064 You have an error in your SQL syntax; check the manual that corresponds to your MariaDB server version for the right syntax to use near 'donors_new''' at line 1
[07-Nov-2025 06:50:44 Europe/Berlin] Error checking if table exists: SQLSTATE[42000]: Syntax error or access violation: 1064 You have an error in your SQL syntax; check the manual that corresponds to your MariaDB server version for the right syntax to use near 'donors_new''' at line 1
[07-Nov-2025 06:50:44 Europe/Berlin] Error getting inventory: SQLSTATE[42000]: Syntax error or access violation: 1064 You have an error in your SQL syntax; check the manual that corresponds to your MariaDB server version for the right syntax to use near 'THEN 1 ELSE 0 END as expiring_soon
                FROM blood_inventory bi
...' at line 8
[07-Nov-2025 06:50:44 Europe/Berlin] Inventory error: SQLSTATE[42000]: Syntax error or access violation: 1064 You have an error in your SQL syntax; check the manual that corresponds to your MariaDB server version for the right syntax to use near 'THEN 1 ELSE 0 END as expiring_soon,
                'blood_inventory' as data...' at line 3
[07-Nov-2025 06:50:44 Europe/Berlin] Error checking if table exists: SQLSTATE[42000]: Syntax error or access violation: 1064 You have an error in your SQL syntax; check the manual that corresponds to your MariaDB server version for the right syntax to use near 'donors_new''' at line 1
[07-Nov-2025 06:50:44 Europe/Berlin] Error checking if table exists: SQLSTATE[42000]: Syntax error or access violation: 1064 You have an error in your SQL syntax; check the manual that corresponds to your MariaDB server version for the right syntax to use near 'donors_new''' at line 1
[07-Nov-2025 06:50:44 Europe/Berlin] Error getting inventory: SQLSTATE[42000]: Syntax error or access violation: 1064 You have an error in your SQL syntax; check the manual that corresponds to your MariaDB server version for the right syntax to use near 'THEN 1 ELSE 0 END as expiring_soon
                FROM blood_inventory bi
...' at line 8
[07-Nov-2025 06:50:44 Europe/Berlin] Inventory error: SQLSTATE[42000]: Syntax error or access violation: 1064 You have an error in your SQL syntax; check the manual that corresponds to your MariaDB server version for the right syntax to use near 'THEN 1 ELSE 0 END as expiring_soon,
                'blood_inventory' as data...' at line 3
[07-Nov-2025 06:50:44 Europe/Berlin] Error checking if table exists: SQLSTATE[42000]: Syntax error or access violation: 1064 You have an error in your SQL syntax; check the manual that corresponds to your MariaDB server version for the right syntax to use near 'donors_new''' at line 1
[07-Nov-2025 06:50:44 Europe/Berlin] Error checking if table exists: SQLSTATE[42000]: Syntax error or access violation: 1064 You have an error in your SQL syntax; check the manual that corresponds to your MariaDB server version for the right syntax to use near 'donors_new''' at line 1
[07-Nov-2025 06:50:44 Europe/Berlin] Error getting inventory: SQLSTATE[42000]: Syntax error or access violation: 1064 You have an error in your SQL syntax; check the manual that corresponds to your MariaDB server version for the right syntax to use near 'THEN 1 ELSE 0 END as expiring_soon
                FROM blood_inventory bi
...' at line 8
[07-Nov-2025 06:50:44 Europe/Berlin] Inventory error: SQLSTATE[42000]: Syntax error or access violation: 1064 You have an error in your SQL syntax; check the manual that corresponds to your MariaDB server version for the right syntax to use near 'THEN 1 ELSE 0 END as expiring_soon,
                'blood_inventory' as data...' at line 3
[07-Nov-2025 06:50:44 Europe/Berlin] Error checking if table exists: SQLSTATE[42000]: Syntax error or access violation: 1064 You have an error in your SQL syntax; check the manual that corresponds to your MariaDB server version for the right syntax to use near 'donors_new''' at line 1
[07-Nov-2025 06:50:44 Europe/Berlin] Error checking if table exists: SQLSTATE[42000]: Syntax error or access violation: 1064 You have an error in your SQL syntax; check the manual that corresponds to your MariaDB server version for the right syntax to use near 'donors_new''' at line 1
[07-Nov-2025 06:50:44 Europe/Berlin] Error getting inventory: SQLSTATE[42000]: Syntax error or access violation: 1064 You have an error in your SQL syntax; check the manual that corresponds to your MariaDB server version for the right syntax to use near 'THEN 1 ELSE 0 END as expiring_soon
                FROM blood_inventory bi
...' at line 8
[07-Nov-2025 06:50:44 Europe/Berlin] Inventory error: SQLSTATE[42000]: Syntax error or access violation: 1064 You have an error in your SQL syntax; check the manual that corresponds to your MariaDB server version for the right syntax to use near 'THEN 1 ELSE 0 END as expiring_soon,
                'blood_inventory' as data...' at line 3
[07-Nov-2025 06:50:44 Europe/Berlin] Error checking if table exists: SQLSTATE[42000]: Syntax error or access violation: 1064 You have an error in your SQL syntax; check the manual that corresponds to your MariaDB server version for the right syntax to use near 'donors''' at line 1
[07-Nov-2025 06:50:44 Europe/Berlin] Error checking if table exists: SQLSTATE[42000]: Syntax error or access violation: 1064 You have an error in your SQL syntax; check the manual that corresponds to your MariaDB server version for the right syntax to use near 'donors_new''' at line 1
[07-Nov-2025 06:51:06 Europe/Berlin] DB connect failed for root@localhost:3306/blood_system: SQLSTATE[HY000] [1045] Access denied for user 'root'@'localhost' (using password: NO)
[07-Nov-2025 06:51:06 Europe/Berlin] DB connect failed for root@127.0.0.1:3306/blood_system: SQLSTATE[HY000] [1045] Access denied for user 'root'@'localhost' (using password: NO)
[07-Nov-2025 06:51:06 Europe/Berlin] DB connect failed for root@localhost:3306/blood_system: SQLSTATE[HY000] [1045] Access denied for user 'root'@'localhost' (using password: NO)
[07-Nov-2025 06:51:06 Europe/Berlin] Database connection established successfully
[07-Nov-2025 06:51:42 Europe/Berlin] DB connect failed for root@localhost:3306/blood_system: SQLSTATE[HY000] [1045] Access denied for user 'root'@'localhost' (using password: NO)
[07-Nov-2025 06:51:42 Europe/Berlin] DB connect failed for root@127.0.0.1:3306/blood_system: SQLSTATE[HY000] [1045] Access denied for user 'root'@'localhost' (using password: NO)
[07-Nov-2025 06:51:42 Europe/Berlin] DB connect failed for root@localhost:3306/blood_system: SQLSTATE[HY000] [1045] Access denied for user 'root'@'localhost' (using password: NO)
[07-Nov-2025 06:51:42 Europe/Berlin] Database connection established successfully
[07-Nov-2025 06:51:42 Europe/Berlin] Error checking if table exists: SQLSTATE[42000]: Syntax error or access violation: 1064 You have an error in your SQL syntax; check the manual that corresponds to your MariaDB server version for the right syntax to use near 'donors''' at line 1
[07-Nov-2025 06:51:42 Europe/Berlin] Error checking if table exists: SQLSTATE[42000]: Syntax error or access violation: 1064 You have an error in your SQL syntax; check the manual that corresponds to your MariaDB server version for the right syntax to use near 'donors_new''' at line 1
[07-Nov-2025 06:51:42 Europe/Berlin] DB connect failed for root@localhost:3306/blood_system: SQLSTATE[HY000] [1045] Access denied for user 'root'@'localhost' (using password: NO)
[07-Nov-2025 06:51:42 Europe/Berlin] DB connect failed for root@127.0.0.1:3306/blood_system: SQLSTATE[HY000] [1045] Access denied for user 'root'@'localhost' (using password: NO)
[07-Nov-2025 06:51:42 Europe/Berlin] DB connect failed for root@localhost:3306/blood_system: SQLSTATE[HY000] [1045] Access denied for user 'root'@'localhost' (using password: NO)
[07-Nov-2025 06:51:42 Europe/Berlin] Database connection established successfully
[07-Nov-2025 06:56:36 Europe/Berlin] DB connect failed for root@localhost:3306/blood_system: SQLSTATE[HY000] [1045] Access denied for user 'root'@'localhost' (using password: NO)
[07-Nov-2025 06:56:36 Europe/Berlin] DB connect failed for root@127.0.0.1:3306/blood_system: SQLSTATE[HY000] [1045] Access denied for user 'root'@'localhost' (using password: NO)
[07-Nov-2025 06:56:36 Europe/Berlin] DB connect failed for root@localhost:3306/blood_system: SQLSTATE[HY000] [1045] Access denied for user 'root'@'localhost' (using password: NO)
[07-Nov-2025 06:56:36 Europe/Berlin] Database connection established successfully
[07-Nov-2025 06:56:36 Europe/Berlin] PHP Warning:  Constant INCLUDES_PATH already defined in C:\xampp\htdocs\blood-donation-pwa-1\admin.php on line 132
[07-Nov-2025 06:56:37 Europe/Berlin] DB connect failed for root@localhost:3306/blood_system: SQLSTATE[HY000] [1045] Access denied for user 'root'@'localhost' (using password: NO)
[07-Nov-2025 06:56:37 Europe/Berlin] DB connect failed for root@127.0.0.1:3306/blood_system: SQLSTATE[HY000] [1045] Access denied for user 'root'@'localhost' (using password: NO)
[07-Nov-2025 06:56:37 Europe/Berlin] DB connect failed for root@localhost:3306/blood_system: SQLSTATE[HY000] [1045] Access denied for user 'root'@'localhost' (using password: NO)
[07-Nov-2025 06:56:37 Europe/Berlin] Database connection established successfully
[07-Nov-2025 06:56:43 Europe/Berlin] DB connect failed for root@localhost:3306/blood_system: SQLSTATE[HY000] [1045] Access denied for user 'root'@'localhost' (using password: NO)
[07-Nov-2025 06:56:43 Europe/Berlin] DB connect failed for root@127.0.0.1:3306/blood_system: SQLSTATE[HY000] [1045] Access denied for user 'root'@'localhost' (using password: NO)
[07-Nov-2025 06:56:43 Europe/Berlin] DB connect failed for root@localhost:3306/blood_system: SQLSTATE[HY000] [1045] Access denied for user 'root'@'localhost' (using password: NO)
[07-Nov-2025 06:56:43 Europe/Berlin] Database connection established successfully
[07-Nov-2025 06:56:43 Europe/Berlin] Error checking if table exists: SQLSTATE[42000]: Syntax error or access violation: 1064 You have an error in your SQL syntax; check the manual that corresponds to your MariaDB server version for the right syntax to use near 'donors''' at line 1
[07-Nov-2025 06:56:43 Europe/Berlin] Error checking if table exists: SQLSTATE[42000]: Syntax error or access violation: 1064 You have an error in your SQL syntax; check the manual that corresponds to your MariaDB server version for the right syntax to use near 'donors_new''' at line 1
[07-Nov-2025 06:56:43 Europe/Berlin] DB connect failed for root@localhost:3306/blood_system: SQLSTATE[HY000] [1045] Access denied for user 'root'@'localhost' (using password: NO)
[07-Nov-2025 06:56:43 Europe/Berlin] DB connect failed for root@127.0.0.1:3306/blood_system: SQLSTATE[HY000] [1045] Access denied for user 'root'@'localhost' (using password: NO)
[07-Nov-2025 06:56:43 Europe/Berlin] DB connect failed for root@localhost:3306/blood_system: SQLSTATE[HY000] [1045] Access denied for user 'root'@'localhost' (using password: NO)
[07-Nov-2025 06:56:43 Europe/Berlin] Database connection established successfully
[07-Nov-2025 07:03:02 Europe/Berlin] DB connect failed for root@localhost:3306/blood_system: SQLSTATE[HY000] [1045] Access denied for user 'root'@'localhost' (using password: NO)
[07-Nov-2025 07:03:02 Europe/Berlin] DB connect failed for root@127.0.0.1:3306/blood_system: SQLSTATE[HY000] [1045] Access denied for user 'root'@'localhost' (using password: NO)
[07-Nov-2025 07:03:02 Europe/Berlin] DB connect failed for root@localhost:3306/blood_system: SQLSTATE[HY000] [1045] Access denied for user 'root'@'localhost' (using password: NO)
[07-Nov-2025 07:03:02 Europe/Berlin] Database connection established successfully
[07-Nov-2025 07:03:02 Europe/Berlin] PHP Warning:  Constant INCLUDES_PATH already defined in C:\xampp\htdocs\blood-donation-pwa-1\admin.php on line 132
[07-Nov-2025 07:03:02 Europe/Berlin] DB connect failed for root@localhost:3306/blood_system: SQLSTATE[HY000] [1045] Access denied for user 'root'@'localhost' (using password: NO)
[07-Nov-2025 07:03:02 Europe/Berlin] DB connect failed for root@127.0.0.1:3306/blood_system: SQLSTATE[HY000] [1045] Access denied for user 'root'@'localhost' (using password: NO)
[07-Nov-2025 07:03:02 Europe/Berlin] DB connect failed for root@localhost:3306/blood_system: SQLSTATE[HY000] [1045] Access denied for user 'root'@'localhost' (using password: NO)
[07-Nov-2025 07:03:02 Europe/Berlin] Database connection established successfully
[07-Nov-2025 07:03:08 Europe/Berlin] DB connect failed for root@localhost:3306/blood_system: SQLSTATE[HY000] [1045] Access denied for user 'root'@'localhost' (using password: NO)
[07-Nov-2025 07:03:08 Europe/Berlin] DB connect failed for root@127.0.0.1:3306/blood_system: SQLSTATE[HY000] [1045] Access denied for user 'root'@'localhost' (using password: NO)
[07-Nov-2025 07:03:08 Europe/Berlin] DB connect failed for root@localhost:3306/blood_system: SQLSTATE[HY000] [1045] Access denied for user 'root'@'localhost' (using password: NO)
[07-Nov-2025 07:03:08 Europe/Berlin] Database connection established successfully
[07-Nov-2025 07:03:08 Europe/Berlin] Error checking if table exists: SQLSTATE[42000]: Syntax error or access violation: 1064 You have an error in your SQL syntax; check the manual that corresponds to your MariaDB server version for the right syntax to use near 'donors''' at line 1
[07-Nov-2025 07:03:08 Europe/Berlin] Error checking if table exists: SQLSTATE[42000]: Syntax error or access violation: 1064 You have an error in your SQL syntax; check the manual that corresponds to your MariaDB server version for the right syntax to use near 'donors_new''' at line 1
[07-Nov-2025 07:03:08 Europe/Berlin] DB connect failed for root@localhost:3306/blood_system: SQLSTATE[HY000] [1045] Access denied for user 'root'@'localhost' (using password: NO)
[07-Nov-2025 07:03:08 Europe/Berlin] DB connect failed for root@127.0.0.1:3306/blood_system: SQLSTATE[HY000] [1045] Access denied for user 'root'@'localhost' (using password: NO)
[07-Nov-2025 07:03:08 Europe/Berlin] DB connect failed for root@localhost:3306/blood_system: SQLSTATE[HY000] [1045] Access denied for user 'root'@'localhost' (using password: NO)
[07-Nov-2025 07:03:08 Europe/Berlin] Database connection established successfully
[07-Nov-2025 07:30:58 Europe/Berlin] DB connect failed for root@localhost:3306/blood_system: SQLSTATE[HY000] [1045] Access denied for user 'root'@'localhost' (using password: NO)
[07-Nov-2025 07:30:58 Europe/Berlin] DB connect failed for root@127.0.0.1:3306/blood_system: SQLSTATE[HY000] [1045] Access denied for user 'root'@'localhost' (using password: NO)
[07-Nov-2025 07:30:58 Europe/Berlin] DB connect failed for root@localhost:3306/blood_system: SQLSTATE[HY000] [1045] Access denied for user 'root'@'localhost' (using password: NO)
[07-Nov-2025 07:30:58 Europe/Berlin] Database connection established successfully
[07-Nov-2025 07:30:58 Europe/Berlin] Error checking if table exists: SQLSTATE[42000]: Syntax error or access violation: 1064 You have an error in your SQL syntax; check the manual that corresponds to your MariaDB server version for the right syntax to use near 'donors''' at line 1
[07-Nov-2025 07:30:58 Europe/Berlin] Error checking if table exists: SQLSTATE[42000]: Syntax error or access violation: 1064 You have an error in your SQL syntax; check the manual that corresponds to your MariaDB server version for the right syntax to use near 'donors_new''' at line 1
[07-Nov-2025 07:30:58 Europe/Berlin] DB connect failed for root@localhost:3306/blood_system: SQLSTATE[HY000] [1045] Access denied for user 'root'@'localhost' (using password: NO)
[07-Nov-2025 07:30:58 Europe/Berlin] DB connect failed for root@127.0.0.1:3306/blood_system: SQLSTATE[HY000] [1045] Access denied for user 'root'@'localhost' (using password: NO)
[07-Nov-2025 07:30:58 Europe/Berlin] DB connect failed for root@localhost:3306/blood_system: SQLSTATE[HY000] [1045] Access denied for user 'root'@'localhost' (using password: NO)
[07-Nov-2025 07:30:58 Europe/Berlin] Database connection established successfully
[07-Nov-2025 07:31:04 Europe/Berlin] DB connect failed for root@localhost:3306/blood_system: SQLSTATE[HY000] [1045] Access denied for user 'root'@'localhost' (using password: NO)
[07-Nov-2025 07:31:04 Europe/Berlin] DB connect failed for root@127.0.0.1:3306/blood_system: SQLSTATE[HY000] [1045] Access denied for user 'root'@'localhost' (using password: NO)
[07-Nov-2025 07:31:04 Europe/Berlin] DB connect failed for root@localhost:3306/blood_system: SQLSTATE[HY000] [1045] Access denied for user 'root'@'localhost' (using password: NO)
[07-Nov-2025 07:31:04 Europe/Berlin] Database connection established successfully
[07-Nov-2025 07:31:04 Europe/Berlin] PHP Warning:  Constant INCLUDES_PATH already defined in C:\xampp\htdocs\blood-donation-pwa-1\admin.php on line 134
[07-Nov-2025 07:31:04 Europe/Berlin] DB connect failed for root@localhost:3306/blood_system: SQLSTATE[HY000] [1045] Access denied for user 'root'@'localhost' (using password: NO)
[07-Nov-2025 07:31:04 Europe/Berlin] DB connect failed for root@127.0.0.1:3306/blood_system: SQLSTATE[HY000] [1045] Access denied for user 'root'@'localhost' (using password: NO)
[07-Nov-2025 07:31:04 Europe/Berlin] DB connect failed for root@localhost:3306/blood_system: SQLSTATE[HY000] [1045] Access denied for user 'root'@'localhost' (using password: NO)
[07-Nov-2025 07:31:04 Europe/Berlin] Database connection established successfully
[07-Nov-2025 07:40:27 Europe/Berlin] DB connect failed for root@localhost:3306/blood_system: SQLSTATE[HY000] [1045] Access denied for user 'root'@'localhost' (using password: NO)
[07-Nov-2025 07:40:27 Europe/Berlin] DB connect failed for root@127.0.0.1:3306/blood_system: SQLSTATE[HY000] [1045] Access denied for user 'root'@'localhost' (using password: NO)
[07-Nov-2025 07:40:27 Europe/Berlin] DB connect failed for root@localhost:3306/blood_system: SQLSTATE[HY000] [1045] Access denied for user 'root'@'localhost' (using password: NO)
[07-Nov-2025 07:40:27 Europe/Berlin] Database connection established successfully
[07-Nov-2025 07:40:27 Europe/Berlin] Error checking if table exists: SQLSTATE[42000]: Syntax error or access violation: 1064 You have an error in your SQL syntax; check the manual that corresponds to your MariaDB server version for the right syntax to use near 'donors''' at line 1
[07-Nov-2025 07:40:27 Europe/Berlin] Error checking if table exists: SQLSTATE[42000]: Syntax error or access violation: 1064 You have an error in your SQL syntax; check the manual that corresponds to your MariaDB server version for the right syntax to use near 'donors_new''' at line 1
[07-Nov-2025 07:40:27 Europe/Berlin] DB connect failed for root@localhost:3306/blood_system: SQLSTATE[HY000] [1045] Access denied for user 'root'@'localhost' (using password: NO)
[07-Nov-2025 07:40:27 Europe/Berlin] DB connect failed for root@127.0.0.1:3306/blood_system: SQLSTATE[HY000] [1045] Access denied for user 'root'@'localhost' (using password: NO)
[07-Nov-2025 07:40:27 Europe/Berlin] DB connect failed for root@localhost:3306/blood_system: SQLSTATE[HY000] [1045] Access denied for user 'root'@'localhost' (using password: NO)
[07-Nov-2025 07:40:27 Europe/Berlin] Database connection established successfully
[07-Nov-2025 07:41:04 Europe/Berlin] DB connect failed for root@localhost:3306/blood_system: SQLSTATE[HY000] [1045] Access denied for user 'root'@'localhost' (using password: NO)
[07-Nov-2025 07:41:04 Europe/Berlin] DB connect failed for root@127.0.0.1:3306/blood_system: SQLSTATE[HY000] [1045] Access denied for user 'root'@'localhost' (using password: NO)
[07-Nov-2025 07:41:04 Europe/Berlin] DB connect failed for root@localhost:3306/blood_system: SQLSTATE[HY000] [1045] Access denied for user 'root'@'localhost' (using password: NO)
[07-Nov-2025 07:41:04 Europe/Berlin] Database connection established successfully
[07-Nov-2025 07:41:04 Europe/Berlin] Error checking if table exists: SQLSTATE[42000]: Syntax error or access violation: 1064 You have an error in your SQL syntax; check the manual that corresponds to your MariaDB server version for the right syntax to use near 'donors''' at line 1
[07-Nov-2025 07:41:04 Europe/Berlin] Error checking if table exists: SQLSTATE[42000]: Syntax error or access violation: 1064 You have an error in your SQL syntax; check the manual that corresponds to your MariaDB server version for the right syntax to use near 'donors_new''' at line 1
[07-Nov-2025 07:41:04 Europe/Berlin] DB connect failed for root@localhost:3306/blood_system: SQLSTATE[HY000] [1045] Access denied for user 'root'@'localhost' (using password: NO)
[07-Nov-2025 07:41:04 Europe/Berlin] DB connect failed for root@127.0.0.1:3306/blood_system: SQLSTATE[HY000] [1045] Access denied for user 'root'@'localhost' (using password: NO)
[07-Nov-2025 07:41:04 Europe/Berlin] DB connect failed for root@localhost:3306/blood_system: SQLSTATE[HY000] [1045] Access denied for user 'root'@'localhost' (using password: NO)
[07-Nov-2025 07:41:04 Europe/Berlin] Database connection established successfully
[07-Nov-2025 08:02:32 Europe/Berlin] DB connect failed for root@localhost:3306/blood_system: SQLSTATE[HY000] [1045] Access denied for user 'root'@'localhost' (using password: NO)
[07-Nov-2025 08:02:32 Europe/Berlin] DB connect failed for root@127.0.0.1:3306/blood_system: SQLSTATE[HY000] [1045] Access denied for user 'root'@'localhost' (using password: NO)
[07-Nov-2025 08:02:32 Europe/Berlin] DB connect failed for root@localhost:3306/blood_system: SQLSTATE[HY000] [1045] Access denied for user 'root'@'localhost' (using password: NO)
[07-Nov-2025 08:02:32 Europe/Berlin] Database connection established successfully
[07-Nov-2025 08:02:33 Europe/Berlin] DB connect failed for root@localhost:3306/blood_system: SQLSTATE[HY000] [1045] Access denied for user 'root'@'localhost' (using password: NO)
[07-Nov-2025 08:02:33 Europe/Berlin] DB connect failed for root@127.0.0.1:3306/blood_system: SQLSTATE[HY000] [1045] Access denied for user 'root'@'localhost' (using password: NO)
[07-Nov-2025 08:02:33 Europe/Berlin] DB connect failed for root@localhost:3306/blood_system: SQLSTATE[HY000] [1045] Access denied for user 'root'@'localhost' (using password: NO)
[07-Nov-2025 08:02:33 Europe/Berlin] Database connection established successfully
[07-Nov-2025 08:04:52 Europe/Berlin] DB connect failed for root@localhost:3306/blood_system: SQLSTATE[HY000] [1045] Access denied for user 'root'@'localhost' (using password: NO)
[07-Nov-2025 08:04:52 Europe/Berlin] DB connect failed for root@127.0.0.1:3306/blood_system: SQLSTATE[HY000] [1045] Access denied for user 'root'@'localhost' (using password: NO)
[07-Nov-2025 08:04:52 Europe/Berlin] DB connect failed for root@localhost:3306/blood_system: SQLSTATE[HY000] [1045] Access denied for user 'root'@'localhost' (using password: NO)
[07-Nov-2025 08:04:52 Europe/Berlin] Database connection established successfully
[07-Nov-2025 08:04:52 Europe/Berlin] PHP Warning:  Constant INCLUDES_PATH already defined in C:\xampp\htdocs\blood-donation-pwa-1\admin.php on line 134
[07-Nov-2025 08:04:52 Europe/Berlin] DB connect failed for root@localhost:3306/blood_system: SQLSTATE[HY000] [1045] Access denied for user 'root'@'localhost' (using password: NO)
[07-Nov-2025 08:04:52 Europe/Berlin] DB connect failed for root@127.0.0.1:3306/blood_system: SQLSTATE[HY000] [1045] Access denied for user 'root'@'localhost' (using password: NO)
[07-Nov-2025 08:04:52 Europe/Berlin] DB connect failed for root@localhost:3306/blood_system: SQLSTATE[HY000] [1045] Access denied for user 'root'@'localhost' (using password: NO)
[07-Nov-2025 08:04:52 Europe/Berlin] Database connection established successfully
[07-Nov-2025 08:11:18 Europe/Berlin] DB connect failed for root@localhost:3306/blood_system: SQLSTATE[HY000] [1045] Access denied for user 'root'@'localhost' (using password: NO)
[07-Nov-2025 08:11:18 Europe/Berlin] DB connect failed for root@127.0.0.1:3306/blood_system: SQLSTATE[HY000] [1045] Access denied for user 'root'@'localhost' (using password: NO)
[07-Nov-2025 08:11:18 Europe/Berlin] DB connect failed for root@localhost:3306/blood_system: SQLSTATE[HY000] [1045] Access denied for user 'root'@'localhost' (using password: NO)
[07-Nov-2025 08:11:19 Europe/Berlin] Database connection established successfully
[07-Nov-2025 08:11:19 Europe/Berlin] PHP Warning:  Constant INCLUDES_PATH already defined in C:\xampp\htdocs\blood-donation-pwa-1\admin.php on line 134
[07-Nov-2025 08:12:39 Europe/Berlin] DB connect failed for root@localhost:3306/blood_system: SQLSTATE[HY000] [1045] Access denied for user 'root'@'localhost' (using password: NO)
[07-Nov-2025 08:12:39 Europe/Berlin] DB connect failed for root@127.0.0.1:3306/blood_system: SQLSTATE[HY000] [1045] Access denied for user 'root'@'localhost' (using password: NO)
[07-Nov-2025 08:12:39 Europe/Berlin] DB connect failed for root@localhost:3306/blood_system: SQLSTATE[HY000] [1045] Access denied for user 'root'@'localhost' (using password: NO)
[07-Nov-2025 08:12:39 Europe/Berlin] Database connection established successfully
[07-Nov-2025 08:12:39 Europe/Berlin] PHP Warning:  Constant INCLUDES_PATH already defined in C:\xampp\htdocs\blood-donation-pwa-1\admin.php on line 134
[07-Nov-2025 08:12:40 Europe/Berlin] DB connect failed for root@localhost:3306/blood_system: SQLSTATE[HY000] [1045] Access denied for user 'root'@'localhost' (using password: NO)
[07-Nov-2025 08:12:40 Europe/Berlin] DB connect failed for root@127.0.0.1:3306/blood_system: SQLSTATE[HY000] [1045] Access denied for user 'root'@'localhost' (using password: NO)
[07-Nov-2025 08:12:40 Europe/Berlin] DB connect failed for root@localhost:3306/blood_system: SQLSTATE[HY000] [1045] Access denied for user 'root'@'localhost' (using password: NO)
[07-Nov-2025 08:12:40 Europe/Berlin] Database connection established successfully
[07-Nov-2025 09:16:58 Europe/Berlin] DB connect failed for root@localhost:3306/blood_system: SQLSTATE[HY000] [1045] Access denied for user 'root'@'localhost' (using password: NO)
[07-Nov-2025 09:16:58 Europe/Berlin] DB connect failed for root@127.0.0.1:3306/blood_system: SQLSTATE[HY000] [1045] Access denied for user 'root'@'localhost' (using password: NO)
[07-Nov-2025 09:16:58 Europe/Berlin] DB connect failed for root@localhost:3306/blood_system: SQLSTATE[HY000] [1045] Access denied for user 'root'@'localhost' (using password: NO)
[07-Nov-2025 09:16:58 Europe/Berlin] Database connection established successfully
[07-Nov-2025 09:16:58 Europe/Berlin] DB connect failed for root@localhost:3306/blood_system: SQLSTATE[HY000] [1045] Access denied for user 'root'@'localhost' (using password: NO)
[07-Nov-2025 09:16:58 Europe/Berlin] DB connect failed for root@127.0.0.1:3306/blood_system: SQLSTATE[HY000] [1045] Access denied for user 'root'@'localhost' (using password: NO)
[07-Nov-2025 09:16:58 Europe/Berlin] DB connect failed for root@localhost:3306/blood_system: SQLSTATE[HY000] [1045] Access denied for user 'root'@'localhost' (using password: NO)
[07-Nov-2025 09:16:58 Europe/Berlin] Database connection established successfully
[07-Nov-2025 09:16:58 Europe/Berlin] DB connect failed for root@localhost:3306/blood_system: SQLSTATE[HY000] [1045] Access denied for user 'root'@'localhost' (using password: NO)
[07-Nov-2025 09:16:58 Europe/Berlin] DB connect failed for root@127.0.0.1:3306/blood_system: SQLSTATE[HY000] [1045] Access denied for user 'root'@'localhost' (using password: NO)
[07-Nov-2025 09:16:58 Europe/Berlin] DB connect failed for root@localhost:3306/blood_system: SQLSTATE[HY000] [1045] Access denied for user 'root'@'localhost' (using password: NO)
[07-Nov-2025 09:16:58 Europe/Berlin] Database connection established successfully
[07-Nov-2025 09:35:35 Europe/Berlin] DB connect failed for root@localhost:3306/blood_system: SQLSTATE[HY000] [1045] Access denied for user 'root'@'localhost' (using password: NO)
[07-Nov-2025 09:35:35 Europe/Berlin] DB connect failed for root@127.0.0.1:3306/blood_system: SQLSTATE[HY000] [1045] Access denied for user 'root'@'localhost' (using password: NO)
[07-Nov-2025 09:35:35 Europe/Berlin] DB connect failed for root@localhost:3306/blood_system: SQLSTATE[HY000] [1045] Access denied for user 'root'@'localhost' (using password: NO)
[07-Nov-2025 09:35:35 Europe/Berlin] Database connection established successfully
[07-Nov-2025 09:35:35 Europe/Berlin] PHP Warning:  Constant INCLUDES_PATH already defined in C:\xampp\htdocs\blood-donation-pwa-1\admin.php on line 134
[07-Nov-2025 09:35:35 Europe/Berlin] DB connect failed for root@localhost:3306/blood_system: SQLSTATE[HY000] [1045] Access denied for user 'root'@'localhost' (using password: NO)
[07-Nov-2025 09:35:35 Europe/Berlin] DB connect failed for root@127.0.0.1:3306/blood_system: SQLSTATE[HY000] [1045] Access denied for user 'root'@'localhost' (using password: NO)
[07-Nov-2025 09:35:35 Europe/Berlin] DB connect failed for root@localhost:3306/blood_system: SQLSTATE[HY000] [1045] Access denied for user 'root'@'localhost' (using password: NO)
[07-Nov-2025 09:35:35 Europe/Berlin] Database connection established successfully
[07-Nov-2025 09:36:41 Europe/Berlin] DB connect failed for root@localhost:3306/blood_system: SQLSTATE[HY000] [1045] Access denied for user 'root'@'localhost' (using password: NO)
[07-Nov-2025 09:36:41 Europe/Berlin] DB connect failed for root@127.0.0.1:3306/blood_system: SQLSTATE[HY000] [1045] Access denied for user 'root'@'localhost' (using password: NO)
[07-Nov-2025 09:36:41 Europe/Berlin] DB connect failed for root@localhost:3306/blood_system: SQLSTATE[HY000] [1045] Access denied for user 'root'@'localhost' (using password: NO)
[07-Nov-2025 09:36:41 Europe/Berlin] Database connection established successfully
[07-Nov-2025 09:36:41 Europe/Berlin] DB connect failed for root@localhost:3306/blood_system: SQLSTATE[HY000] [1045] Access denied for user 'root'@'localhost' (using password: NO)
[07-Nov-2025 09:36:41 Europe/Berlin] DB connect failed for root@127.0.0.1:3306/blood_system: SQLSTATE[HY000] [1045] Access denied for user 'root'@'localhost' (using password: NO)
[07-Nov-2025 09:36:41 Europe/Berlin] DB connect failed for root@localhost:3306/blood_system: SQLSTATE[HY000] [1045] Access denied for user 'root'@'localhost' (using password: NO)
[07-Nov-2025 09:36:41 Europe/Berlin] Database connection established successfully
[07-Nov-2025 09:36:47 Europe/Berlin] DB connect failed for root@localhost:3306/blood_system: SQLSTATE[HY000] [1045] Access denied for user 'root'@'localhost' (using password: NO)
[07-Nov-2025 09:36:47 Europe/Berlin] DB connect failed for root@127.0.0.1:3306/blood_system: SQLSTATE[HY000] [1045] Access denied for user 'root'@'localhost' (using password: NO)
[07-Nov-2025 09:36:47 Europe/Berlin] DB connect failed for root@localhost:3306/blood_system: SQLSTATE[HY000] [1045] Access denied for user 'root'@'localhost' (using password: NO)
[07-Nov-2025 09:36:47 Europe/Berlin] Database connection established successfully
[07-Nov-2025 16:36:47 Asia/Manila] PHP Warning:  Undefined array key "status" in C:\xampp\htdocs\blood-donation-pwa-1\includes\admin-tabs.php on line 708
[07-Nov-2025 09:36:47 Europe/Berlin] DB connect failed for root@localhost:3306/blood_system: SQLSTATE[HY000] [1045] Access denied for user 'root'@'localhost' (using password: NO)
[07-Nov-2025 09:36:47 Europe/Berlin] DB connect failed for root@127.0.0.1:3306/blood_system: SQLSTATE[HY000] [1045] Access denied for user 'root'@'localhost' (using password: NO)
[07-Nov-2025 09:36:47 Europe/Berlin] DB connect failed for root@localhost:3306/blood_system: SQLSTATE[HY000] [1045] Access denied for user 'root'@'localhost' (using password: NO)
[07-Nov-2025 09:36:47 Europe/Berlin] Database connection established successfully
[07-Nov-2025 12:04:57 Europe/Berlin] DB connect failed for root@localhost:3306/blood_system: SQLSTATE[HY000] [1045] Access denied for user 'root'@'localhost' (using password: NO)
[07-Nov-2025 12:04:57 Europe/Berlin] DB connect failed for root@127.0.0.1:3306/blood_system: SQLSTATE[HY000] [1045] Access denied for user 'root'@'localhost' (using password: NO)
[07-Nov-2025 12:04:57 Europe/Berlin] DB connect failed for root@localhost:3306/blood_system: SQLSTATE[HY000] [1045] Access denied for user 'root'@'localhost' (using password: NO)
[07-Nov-2025 12:04:57 Europe/Berlin] Database connection established successfully
[07-Nov-2025 12:04:58 Europe/Berlin] DB connect failed for root@localhost:3306/blood_system: SQLSTATE[HY000] [1045] Access denied for user 'root'@'localhost' (using password: NO)
[07-Nov-2025 12:04:58 Europe/Berlin] DB connect failed for root@127.0.0.1:3306/blood_system: SQLSTATE[HY000] [1045] Access denied for user 'root'@'localhost' (using password: NO)
[07-Nov-2025 12:04:58 Europe/Berlin] DB connect failed for root@localhost:3306/blood_system: SQLSTATE[HY000] [1045] Access denied for user 'root'@'localhost' (using password: NO)
[07-Nov-2025 12:04:58 Europe/Berlin] Database connection established successfully
[07-Nov-2025 12:05:17 Europe/Berlin] DB connect failed for root@localhost:3306/blood_system: SQLSTATE[HY000] [1045] Access denied for user 'root'@'localhost' (using password: NO)
[07-Nov-2025 12:05:17 Europe/Berlin] DB connect failed for root@127.0.0.1:3306/blood_system: SQLSTATE[HY000] [1045] Access denied for user 'root'@'localhost' (using password: NO)
[07-Nov-2025 12:05:17 Europe/Berlin] DB connect failed for root@localhost:3306/blood_system: SQLSTATE[HY000] [1045] Access denied for user 'root'@'localhost' (using password: NO)
[07-Nov-2025 12:05:17 Europe/Berlin] Database connection established successfully
[07-Nov-2025 12:36:06 Europe/Berlin] DB connect failed for root@localhost:3306/blood_system: SQLSTATE[HY000] [1045] Access denied for user 'root'@'localhost' (using password: NO)
[07-Nov-2025 12:36:06 Europe/Berlin] DB connect failed for root@127.0.0.1:3306/blood_system: SQLSTATE[HY000] [1045] Access denied for user 'root'@'localhost' (using password: NO)
[07-Nov-2025 12:36:06 Europe/Berlin] DB connect failed for root@localhost:3306/blood_system: SQLSTATE[HY000] [1045] Access denied for user 'root'@'localhost' (using password: NO)
[07-Nov-2025 12:36:06 Europe/Berlin] Database connection established successfully
[07-Nov-2025 19:36:06 Asia/Manila] Error checking if table exists: SQLSTATE[42000]: Syntax error or access violation: 1064 You have an error in your SQL syntax; check the manual that corresponds to your MariaDB server version for the right syntax to use near 'donors_new''' at line 1
[07-Nov-2025 19:36:06 Asia/Manila] PHP Warning:  Undefined array key "status" in C:\xampp\htdocs\blood-donation-pwa-1\includes\admin-tabs.php on line 724
[07-Nov-2025 12:36:06 Europe/Berlin] DB connect failed for root@localhost:3306/blood_system: SQLSTATE[HY000] [1045] Access denied for user 'root'@'localhost' (using password: NO)
[07-Nov-2025 12:36:06 Europe/Berlin] DB connect failed for root@127.0.0.1:3306/blood_system: SQLSTATE[HY000] [1045] Access denied for user 'root'@'localhost' (using password: NO)
[07-Nov-2025 12:36:06 Europe/Berlin] DB connect failed for root@localhost:3306/blood_system: SQLSTATE[HY000] [1045] Access denied for user 'root'@'localhost' (using password: NO)
[07-Nov-2025 12:36:06 Europe/Berlin] Database connection established successfully
[07-Nov-2025 12:57:20 Europe/Berlin] DB connect failed for root@localhost:3306/blood_system: SQLSTATE[HY000] [1045] Access denied for user 'root'@'localhost' (using password: NO)
[07-Nov-2025 12:57:20 Europe/Berlin] DB connect failed for root@127.0.0.1:3306/blood_system: SQLSTATE[HY000] [1045] Access denied for user 'root'@'localhost' (using password: NO)
[07-Nov-2025 12:57:20 Europe/Berlin] DB connect failed for root@localhost:3306/blood_system: SQLSTATE[HY000] [1045] Access denied for user 'root'@'localhost' (using password: NO)
[07-Nov-2025 12:57:20 Europe/Berlin] Database connection established successfully
[07-Nov-2025 12:57:21 Europe/Berlin] DB connect failed for root@localhost:3306/blood_system: SQLSTATE[HY000] [1045] Access denied for user 'root'@'localhost' (using password: NO)
[07-Nov-2025 12:57:21 Europe/Berlin] DB connect failed for root@127.0.0.1:3306/blood_system: SQLSTATE[HY000] [1045] Access denied for user 'root'@'localhost' (using password: NO)
[07-Nov-2025 12:57:21 Europe/Berlin] DB connect failed for root@localhost:3306/blood_system: SQLSTATE[HY000] [1045] Access denied for user 'root'@'localhost' (using password: NO)
[07-Nov-2025 12:57:21 Europe/Berlin] Database connection established successfully
[07-Nov-2025 13:13:16 Europe/Berlin] DB connect failed for root@localhost:3306/blood_system: SQLSTATE[HY000] [1045] Access denied for user 'root'@'localhost' (using password: NO)
[07-Nov-2025 13:13:16 Europe/Berlin] DB connect failed for root@127.0.0.1:3306/blood_system: SQLSTATE[HY000] [1045] Access denied for user 'root'@'localhost' (using password: NO)
[07-Nov-2025 13:13:16 Europe/Berlin] DB connect failed for root@localhost:3306/blood_system: SQLSTATE[HY000] [1045] Access denied for user 'root'@'localhost' (using password: NO)
[07-Nov-2025 13:13:16 Europe/Berlin] Database connection established successfully
[07-Nov-2025 13:26:31 Europe/Berlin] DB connect failed for root@localhost:3306/blood_system: SQLSTATE[HY000] [1045] Access denied for user 'root'@'localhost' (using password: NO)
[07-Nov-2025 13:26:31 Europe/Berlin] DB connect failed for root@127.0.0.1:3306/blood_system: SQLSTATE[HY000] [1045] Access denied for user 'root'@'localhost' (using password: NO)
[07-Nov-2025 13:26:31 Europe/Berlin] DB connect failed for root@localhost:3306/blood_system: SQLSTATE[HY000] [1045] Access denied for user 'root'@'localhost' (using password: NO)
[07-Nov-2025 13:26:31 Europe/Berlin] Database connection established successfully
[07-Nov-2025 13:51:12 Europe/Berlin] DB connect failed for root@localhost:3306/blood_system: SQLSTATE[HY000] [1045] Access denied for user 'root'@'localhost' (using password: NO)
[07-Nov-2025 13:51:12 Europe/Berlin] DB connect failed for root@127.0.0.1:3306/blood_system: SQLSTATE[HY000] [1045] Access denied for user 'root'@'localhost' (using password: NO)
[07-Nov-2025 13:51:12 Europe/Berlin] DB connect failed for root@localhost:3306/blood_system: SQLSTATE[HY000] [1045] Access denied for user 'root'@'localhost' (using password: NO)
[07-Nov-2025 13:51:12 Europe/Berlin] Database connection established successfully
[07-Nov-2025 13:51:12 Europe/Berlin] DB connect failed for root@localhost:3306/blood_system: SQLSTATE[HY000] [1045] Access denied for user 'root'@'localhost' (using password: NO)
[07-Nov-2025 13:51:12 Europe/Berlin] DB connect failed for root@127.0.0.1:3306/blood_system: SQLSTATE[HY000] [1045] Access denied for user 'root'@'localhost' (using password: NO)
[07-Nov-2025 13:51:12 Europe/Berlin] DB connect failed for root@localhost:3306/blood_system: SQLSTATE[HY000] [1045] Access denied for user 'root'@'localhost' (using password: NO)
[07-Nov-2025 13:51:12 Europe/Berlin] Database connection established successfully
[07-Nov-2025 14:01:26 Europe/Berlin] DB connect failed for root@localhost:3306/blood_system: SQLSTATE[HY000] [1045] Access denied for user 'root'@'localhost' (using password: NO)
[07-Nov-2025 14:01:26 Europe/Berlin] DB connect failed for root@127.0.0.1:3306/blood_system: SQLSTATE[HY000] [1045] Access denied for user 'root'@'localhost' (using password: NO)
[07-Nov-2025 14:01:26 Europe/Berlin] DB connect failed for root@localhost:3306/blood_system: SQLSTATE[HY000] [1045] Access denied for user 'root'@'localhost' (using password: NO)
[07-Nov-2025 14:01:26 Europe/Berlin] Database connection established successfully
[07-Nov-2025 14:01:27 Europe/Berlin] DB connect failed for root@localhost:3306/blood_system: SQLSTATE[HY000] [1045] Access denied for user 'root'@'localhost' (using password: NO)
[07-Nov-2025 14:01:27 Europe/Berlin] DB connect failed for root@127.0.0.1:3306/blood_system: SQLSTATE[HY000] [1045] Access denied for user 'root'@'localhost' (using password: NO)
[07-Nov-2025 14:01:27 Europe/Berlin] DB connect failed for root@localhost:3306/blood_system: SQLSTATE[HY000] [1045] Access denied for user 'root'@'localhost' (using password: NO)
[07-Nov-2025 14:01:27 Europe/Berlin] Database connection established successfully
[07-Nov-2025 16:13:17 Europe/Berlin] DB connect failed for root@localhost:3306/blood_system: SQLSTATE[HY000] [1045] Access denied for user 'root'@'localhost' (using password: NO)
[07-Nov-2025 16:13:17 Europe/Berlin] DB connect failed for root@127.0.0.1:3306/blood_system: SQLSTATE[HY000] [1045] Access denied for user 'root'@'localhost' (using password: NO)
[07-Nov-2025 16:13:17 Europe/Berlin] DB connect failed for root@localhost:3306/blood_system: SQLSTATE[HY000] [1045] Access denied for user 'root'@'localhost' (using password: NO)
[07-Nov-2025 16:13:17 Europe/Berlin] Database connection established successfully
[07-Nov-2025 16:23:33 Europe/Berlin] DB connect failed for root@localhost:3306/blood_system: SQLSTATE[HY000] [1045] Access denied for user 'root'@'localhost' (using password: NO)
[07-Nov-2025 16:23:33 Europe/Berlin] DB connect failed for root@127.0.0.1:3306/blood_system: SQLSTATE[HY000] [1045] Access denied for user 'root'@'localhost' (using password: NO)
[07-Nov-2025 16:23:33 Europe/Berlin] DB connect failed for root@localhost:3306/blood_system: SQLSTATE[HY000] [1045] Access denied for user 'root'@'localhost' (using password: NO)
[07-Nov-2025 16:23:33 Europe/Berlin] Database connection established successfully
[07-Nov-2025 16:23:33 Europe/Berlin] DB connect failed for root@localhost:3306/blood_system: SQLSTATE[HY000] [1045] Access denied for user 'root'@'localhost' (using password: NO)
[07-Nov-2025 16:23:33 Europe/Berlin] DB connect failed for root@127.0.0.1:3306/blood_system: SQLSTATE[HY000] [1045] Access denied for user 'root'@'localhost' (using password: NO)
[07-Nov-2025 16:23:33 Europe/Berlin] DB connect failed for root@localhost:3306/blood_system: SQLSTATE[HY000] [1045] Access denied for user 'root'@'localhost' (using password: NO)
[07-Nov-2025 16:23:33 Europe/Berlin] Database connection established successfully
[07-Nov-2025 16:37:10 Europe/Berlin] DB connect failed for root@localhost:3306/blood_system: SQLSTATE[HY000] [1045] Access denied for user 'root'@'localhost' (using password: NO)
[07-Nov-2025 16:37:10 Europe/Berlin] DB connect failed for root@127.0.0.1:3306/blood_system: SQLSTATE[HY000] [1045] Access denied for user 'root'@'localhost' (using password: NO)
[07-Nov-2025 16:37:10 Europe/Berlin] DB connect failed for root@localhost:3306/blood_system: SQLSTATE[HY000] [1045] Access denied for user 'root'@'localhost' (using password: NO)
[07-Nov-2025 16:37:10 Europe/Berlin] Database connection established successfully
[07-Nov-2025 16:37:10 Europe/Berlin] DB connect failed for root@localhost:3306/blood_system: SQLSTATE[HY000] [1045] Access denied for user 'root'@'localhost' (using password: NO)
[07-Nov-2025 16:37:10 Europe/Berlin] DB connect failed for root@127.0.0.1:3306/blood_system: SQLSTATE[HY000] [1045] Access denied for user 'root'@'localhost' (using password: NO)
[07-Nov-2025 16:37:10 Europe/Berlin] DB connect failed for root@localhost:3306/blood_system: SQLSTATE[HY000] [1045] Access denied for user 'root'@'localhost' (using password: NO)
[07-Nov-2025 16:37:10 Europe/Berlin] Database connection established successfully
[07-Nov-2025 16:58:45 Europe/Berlin] DB connect failed for root@localhost:3306/blood_system: SQLSTATE[HY000] [1045] Access denied for user 'root'@'localhost' (using password: NO)
[07-Nov-2025 16:58:45 Europe/Berlin] DB connect failed for root@127.0.0.1:3306/blood_system: SQLSTATE[HY000] [1045] Access denied for user 'root'@'localhost' (using password: NO)
[07-Nov-2025 16:58:45 Europe/Berlin] DB connect failed for root@localhost:3306/blood_system: SQLSTATE[HY000] [1045] Access denied for user 'root'@'localhost' (using password: NO)
[07-Nov-2025 16:58:45 Europe/Berlin] Database connection established successfully
[07-Nov-2025 16:58:45 Europe/Berlin] DB connect failed for root@localhost:3306/blood_system: SQLSTATE[HY000] [1045] Access denied for user 'root'@'localhost' (using password: NO)
[07-Nov-2025 16:58:45 Europe/Berlin] DB connect failed for root@127.0.0.1:3306/blood_system: SQLSTATE[HY000] [1045] Access denied for user 'root'@'localhost' (using password: NO)
[07-Nov-2025 16:58:45 Europe/Berlin] DB connect failed for root@localhost:3306/blood_system: SQLSTATE[HY000] [1045] Access denied for user 'root'@'localhost' (using password: NO)
[07-Nov-2025 16:58:45 Europe/Berlin] Database connection established successfully
[07-Nov-2025 16:58:52 Europe/Berlin] DB connect failed for root@localhost:3306/blood_system: SQLSTATE[HY000] [1045] Access denied for user 'root'@'localhost' (using password: NO)
[07-Nov-2025 16:58:52 Europe/Berlin] DB connect failed for root@127.0.0.1:3306/blood_system: SQLSTATE[HY000] [1045] Access denied for user 'root'@'localhost' (using password: NO)
[07-Nov-2025 16:58:52 Europe/Berlin] DB connect failed for root@localhost:3306/blood_system: SQLSTATE[HY000] [1045] Access denied for user 'root'@'localhost' (using password: NO)
[07-Nov-2025 16:58:52 Europe/Berlin] Database connection established successfully
[07-Nov-2025 16:58:52 Europe/Berlin] DB connect failed for root@localhost:3306/blood_system: SQLSTATE[HY000] [1045] Access denied for user 'root'@'localhost' (using password: NO)
[07-Nov-2025 16:58:52 Europe/Berlin] DB connect failed for root@127.0.0.1:3306/blood_system: SQLSTATE[HY000] [1045] Access denied for user 'root'@'localhost' (using password: NO)
[07-Nov-2025 16:58:52 Europe/Berlin] DB connect failed for root@localhost:3306/blood_system: SQLSTATE[HY000] [1045] Access denied for user 'root'@'localhost' (using password: NO)
[07-Nov-2025 16:58:52 Europe/Berlin] Database connection established successfully
[07-Nov-2025 16:59:01 Europe/Berlin] DB connect failed for root@localhost:3306/blood_system: SQLSTATE[HY000] [1045] Access denied for user 'root'@'localhost' (using password: NO)
[07-Nov-2025 16:59:01 Europe/Berlin] DB connect failed for root@127.0.0.1:3306/blood_system: SQLSTATE[HY000] [1045] Access denied for user 'root'@'localhost' (using password: NO)
[07-Nov-2025 16:59:01 Europe/Berlin] DB connect failed for root@localhost:3306/blood_system: SQLSTATE[HY000] [1045] Access denied for user 'root'@'localhost' (using password: NO)
[07-Nov-2025 16:59:01 Europe/Berlin] Database connection established successfully
[07-Nov-2025 17:16:20 Europe/Berlin] DB connect failed for root@localhost:3306/blood_system: SQLSTATE[HY000] [1045] Access denied for user 'root'@'localhost' (using password: NO)
[07-Nov-2025 17:16:20 Europe/Berlin] DB connect failed for root@127.0.0.1:3306/blood_system: SQLSTATE[HY000] [1045] Access denied for user 'root'@'localhost' (using password: NO)
[07-Nov-2025 17:16:20 Europe/Berlin] DB connect failed for root@localhost:3306/blood_system: SQLSTATE[HY000] [1045] Access denied for user 'root'@'localhost' (using password: NO)
[07-Nov-2025 17:16:20 Europe/Berlin] Database connection established successfully
[07-Nov-2025 17:16:20 Europe/Berlin] DB connect failed for root@localhost:3306/blood_system: SQLSTATE[HY000] [1045] Access denied for user 'root'@'localhost' (using password: NO)
[07-Nov-2025 17:16:20 Europe/Berlin] DB connect failed for root@127.0.0.1:3306/blood_system: SQLSTATE[HY000] [1045] Access denied for user 'root'@'localhost' (using password: NO)
[07-Nov-2025 17:16:20 Europe/Berlin] DB connect failed for root@localhost:3306/blood_system: SQLSTATE[HY000] [1045] Access denied for user 'root'@'localhost' (using password: NO)
[07-Nov-2025 17:16:20 Europe/Berlin] Database connection established successfully
[07-Nov-2025 17:16:51 Europe/Berlin] DB connect failed for root@localhost:3306/blood_system: SQLSTATE[HY000] [1045] Access denied for user 'root'@'localhost' (using password: NO)
[07-Nov-2025 17:16:51 Europe/Berlin] DB connect failed for root@127.0.0.1:3306/blood_system: SQLSTATE[HY000] [1045] Access denied for user 'root'@'localhost' (using password: NO)
[07-Nov-2025 17:16:51 Europe/Berlin] DB connect failed for root@localhost:3306/blood_system: SQLSTATE[HY000] [1045] Access denied for user 'root'@'localhost' (using password: NO)
[07-Nov-2025 17:16:51 Europe/Berlin] Database connection established successfully
[07-Nov-2025 17:16:52 Europe/Berlin] DB connect failed for root@localhost:3306/blood_system: SQLSTATE[HY000] [1045] Access denied for user 'root'@'localhost' (using password: NO)
[07-Nov-2025 17:16:52 Europe/Berlin] DB connect failed for root@127.0.0.1:3306/blood_system: SQLSTATE[HY000] [1045] Access denied for user 'root'@'localhost' (using password: NO)
[07-Nov-2025 17:16:52 Europe/Berlin] DB connect failed for root@localhost:3306/blood_system: SQLSTATE[HY000] [1045] Access denied for user 'root'@'localhost' (using password: NO)
[07-Nov-2025 17:16:52 Europe/Berlin] Database connection established successfully
[07-Nov-2025 18:06:40 Europe/Berlin] DB connect failed for root@localhost:3306/blood_system: SQLSTATE[HY000] [1045] Access denied for user 'root'@'localhost' (using password: NO)
[07-Nov-2025 18:06:40 Europe/Berlin] DB connect failed for root@127.0.0.1:3306/blood_system: SQLSTATE[HY000] [1045] Access denied for user 'root'@'localhost' (using password: NO)
[07-Nov-2025 18:06:40 Europe/Berlin] DB connect failed for root@localhost:3306/blood_system: SQLSTATE[HY000] [1045] Access denied for user 'root'@'localhost' (using password: NO)
[07-Nov-2025 18:06:40 Europe/Berlin] Database connection established successfully
[08-Nov-2025 08:52:43 Europe/Berlin] DB connect failed for root@localhost:3306/blood_system: SQLSTATE[HY000] [1045] Access denied for user 'root'@'localhost' (using password: NO)
[08-Nov-2025 08:52:43 Europe/Berlin] DB connect failed for root@127.0.0.1:3306/blood_system: SQLSTATE[HY000] [1045] Access denied for user 'root'@'localhost' (using password: NO)
[08-Nov-2025 08:52:43 Europe/Berlin] DB connect failed for root@localhost:3306/blood_system: SQLSTATE[HY000] [1045] Access denied for user 'root'@'localhost' (using password: NO)
[08-Nov-2025 08:52:43 Europe/Berlin] Database connection established successfully
[08-Nov-2025 08:52:44 Europe/Berlin] DB connect failed for root@localhost:3306/blood_system: SQLSTATE[HY000] [1045] Access denied for user 'root'@'localhost' (using password: NO)
[08-Nov-2025 08:52:44 Europe/Berlin] DB connect failed for root@127.0.0.1:3306/blood_system: SQLSTATE[HY000] [1045] Access denied for user 'root'@'localhost' (using password: NO)
[08-Nov-2025 08:52:44 Europe/Berlin] DB connect failed for root@localhost:3306/blood_system: SQLSTATE[HY000] [1045] Access denied for user 'root'@'localhost' (using password: NO)
[08-Nov-2025 08:52:44 Europe/Berlin] Database connection established successfully
[08-Nov-2025 09:43:03 Europe/Berlin] DB connect failed for root@localhost:3306/blood_system: SQLSTATE[HY000] [1045] Access denied for user 'root'@'localhost' (using password: NO)
[08-Nov-2025 09:43:03 Europe/Berlin] DB connect failed for root@127.0.0.1:3306/blood_system: SQLSTATE[HY000] [1045] Access denied for user 'root'@'localhost' (using password: NO)
[08-Nov-2025 09:43:03 Europe/Berlin] DB connect failed for root@localhost:3306/blood_system: SQLSTATE[HY000] [1045] Access denied for user 'root'@'localhost' (using password: NO)
[08-Nov-2025 09:43:03 Europe/Berlin] Database connection established successfully
[08-Nov-2025 09:43:40 Europe/Berlin] DB connect failed for root@localhost:3306/blood_system: SQLSTATE[HY000] [1045] Access denied for user 'root'@'localhost' (using password: NO)
[08-Nov-2025 09:43:40 Europe/Berlin] DB connect failed for root@127.0.0.1:3306/blood_system: SQLSTATE[HY000] [1045] Access denied for user 'root'@'localhost' (using password: NO)
[08-Nov-2025 09:43:40 Europe/Berlin] DB connect failed for root@localhost:3306/blood_system: SQLSTATE[HY000] [1045] Access denied for user 'root'@'localhost' (using password: NO)
[08-Nov-2025 09:43:40 Europe/Berlin] Database connection established successfully
[08-Nov-2025 09:43:41 Europe/Berlin] DB connect failed for root@localhost:3306/blood_system: SQLSTATE[HY000] [1045] Access denied for user 'root'@'localhost' (using password: NO)
[08-Nov-2025 09:43:41 Europe/Berlin] DB connect failed for root@127.0.0.1:3306/blood_system: SQLSTATE[HY000] [1045] Access denied for user 'root'@'localhost' (using password: NO)
[08-Nov-2025 09:43:41 Europe/Berlin] DB connect failed for root@localhost:3306/blood_system: SQLSTATE[HY000] [1045] Access denied for user 'root'@'localhost' (using password: NO)
[08-Nov-2025 09:43:41 Europe/Berlin] Database connection established successfully
[08-Nov-2025 13:15:49 Europe/Berlin] DB connect failed for root@localhost:3306/blood_system: SQLSTATE[HY000] [1045] Access denied for user 'root'@'localhost' (using password: NO)
[08-Nov-2025 13:15:49 Europe/Berlin] DB connect failed for root@127.0.0.1:3306/blood_system: SQLSTATE[HY000] [1045] Access denied for user 'root'@'localhost' (using password: NO)
[08-Nov-2025 13:15:49 Europe/Berlin] DB connect failed for root@localhost:3306/blood_system: SQLSTATE[HY000] [1045] Access denied for user 'root'@'localhost' (using password: NO)
[08-Nov-2025 13:15:49 Europe/Berlin] Database connection established successfully
[08-Nov-2025 13:15:55 Europe/Berlin] DB connect failed for root@localhost:3306/blood_system: SQLSTATE[HY000] [1045] Access denied for user 'root'@'localhost' (using password: NO)
[08-Nov-2025 13:15:55 Europe/Berlin] DB connect failed for root@127.0.0.1:3306/blood_system: SQLSTATE[HY000] [1045] Access denied for user 'root'@'localhost' (using password: NO)
[08-Nov-2025 13:15:55 Europe/Berlin] DB connect failed for root@localhost:3306/blood_system: SQLSTATE[HY000] [1045] Access denied for user 'root'@'localhost' (using password: NO)
[08-Nov-2025 13:15:55 Europe/Berlin] Database connection established successfully
[08-Nov-2025 13:39:18 Europe/Berlin] DB connect failed for root@localhost:3306/blood_system: SQLSTATE[HY000] [1045] Access denied for user 'root'@'localhost' (using password: NO)
[08-Nov-2025 13:39:18 Europe/Berlin] DB connect failed for root@127.0.0.1:3306/blood_system: SQLSTATE[HY000] [1045] Access denied for user 'root'@'localhost' (using password: NO)
[08-Nov-2025 13:39:18 Europe/Berlin] DB connect failed for root@localhost:3306/blood_system: SQLSTATE[HY000] [1045] Access denied for user 'root'@'localhost' (using password: NO)
[08-Nov-2025 13:39:18 Europe/Berlin] Database connection established successfully
[08-Nov-2025 13:39:18 Europe/Berlin] DB connect failed for root@localhost:3306/blood_system: SQLSTATE[HY000] [1045] Access denied for user 'root'@'localhost' (using password: NO)
[08-Nov-2025 13:39:18 Europe/Berlin] DB connect failed for root@127.0.0.1:3306/blood_system: SQLSTATE[HY000] [1045] Access denied for user 'root'@'localhost' (using password: NO)
[08-Nov-2025 13:39:18 Europe/Berlin] DB connect failed for root@localhost:3306/blood_system: SQLSTATE[HY000] [1045] Access denied for user 'root'@'localhost' (using password: NO)
[08-Nov-2025 13:39:18 Europe/Berlin] Database connection established successfully
[08-Nov-2025 13:39:53 Europe/Berlin] DB connect failed for root@localhost:3306/blood_system: SQLSTATE[HY000] [1045] Access denied for user 'root'@'localhost' (using password: NO)
[08-Nov-2025 13:39:53 Europe/Berlin] DB connect failed for root@127.0.0.1:3306/blood_system: SQLSTATE[HY000] [1045] Access denied for user 'root'@'localhost' (using password: NO)
[08-Nov-2025 13:39:53 Europe/Berlin] DB connect failed for root@localhost:3306/blood_system: SQLSTATE[HY000] [1045] Access denied for user 'root'@'localhost' (using password: NO)
[08-Nov-2025 13:39:53 Europe/Berlin] Database connection established successfully
[08-Nov-2025 13:43:27 Europe/Berlin] DB connect failed for root@localhost:3306/blood_system: SQLSTATE[HY000] [1045] Access denied for user 'root'@'localhost' (using password: NO)
[08-Nov-2025 13:43:27 Europe/Berlin] DB connect failed for root@127.0.0.1:3306/blood_system: SQLSTATE[HY000] [1045] Access denied for user 'root'@'localhost' (using password: NO)
[08-Nov-2025 13:43:27 Europe/Berlin] DB connect failed for root@localhost:3306/blood_system: SQLSTATE[HY000] [1045] Access denied for user 'root'@'localhost' (using password: NO)
[08-Nov-2025 13:43:27 Europe/Berlin] Database connection established successfully
[08-Nov-2025 13:43:28 Europe/Berlin] DB connect failed for root@localhost:3306/blood_system: SQLSTATE[HY000] [1045] Access denied for user 'root'@'localhost' (using password: NO)
[08-Nov-2025 13:43:28 Europe/Berlin] DB connect failed for root@127.0.0.1:3306/blood_system: SQLSTATE[HY000] [1045] Access denied for user 'root'@'localhost' (using password: NO)
[08-Nov-2025 13:43:28 Europe/Berlin] DB connect failed for root@localhost:3306/blood_system: SQLSTATE[HY000] [1045] Access denied for user 'root'@'localhost' (using password: NO)
[08-Nov-2025 13:43:28 Europe/Berlin] Database connection established successfully
[08-Nov-2025 13:54:30 Europe/Berlin] DB connect failed for root@localhost:3306/blood_system: SQLSTATE[HY000] [1045] Access denied for user 'root'@'localhost' (using password: NO)
[08-Nov-2025 13:54:30 Europe/Berlin] DB connect failed for root@127.0.0.1:3306/blood_system: SQLSTATE[HY000] [1045] Access denied for user 'root'@'localhost' (using password: NO)
[08-Nov-2025 13:54:30 Europe/Berlin] DB connect failed for root@localhost:3306/blood_system: SQLSTATE[HY000] [1045] Access denied for user 'root'@'localhost' (using password: NO)
[08-Nov-2025 13:54:30 Europe/Berlin] Database connection established successfully
[08-Nov-2025 13:54:30 Europe/Berlin] DB connect failed for root@localhost:3306/blood_system: SQLSTATE[HY000] [1045] Access denied for user 'root'@'localhost' (using password: NO)
[08-Nov-2025 13:54:30 Europe/Berlin] DB connect failed for root@127.0.0.1:3306/blood_system: SQLSTATE[HY000] [1045] Access denied for user 'root'@'localhost' (using password: NO)
[08-Nov-2025 13:54:30 Europe/Berlin] DB connect failed for root@localhost:3306/blood_system: SQLSTATE[HY000] [1045] Access denied for user 'root'@'localhost' (using password: NO)
[08-Nov-2025 13:54:30 Europe/Berlin] Database connection established successfully
[08-Nov-2025 13:54:36 Europe/Berlin] DB connect failed for root@localhost:3306/blood_system: SQLSTATE[HY000] [1045] Access denied for user 'root'@'localhost' (using password: NO)
[08-Nov-2025 13:54:36 Europe/Berlin] DB connect failed for root@127.0.0.1:3306/blood_system: SQLSTATE[HY000] [1045] Access denied for user 'root'@'localhost' (using password: NO)
[08-Nov-2025 13:54:36 Europe/Berlin] DB connect failed for root@localhost:3306/blood_system: SQLSTATE[HY000] [1045] Access denied for user 'root'@'localhost' (using password: NO)
[08-Nov-2025 13:54:36 Europe/Berlin] Database connection established successfully
[08-Nov-2025 15:05:23 Europe/Berlin] DB connect failed for root@localhost:3306/blood_system: SQLSTATE[HY000] [1045] Access denied for user 'root'@'localhost' (using password: NO)
[08-Nov-2025 15:05:23 Europe/Berlin] DB connect failed for root@127.0.0.1:3306/blood_system: SQLSTATE[HY000] [1045] Access denied for user 'root'@'localhost' (using password: NO)
[08-Nov-2025 15:05:23 Europe/Berlin] DB connect failed for root@localhost:3306/blood_system: SQLSTATE[HY000] [1045] Access denied for user 'root'@'localhost' (using password: NO)
[08-Nov-2025 15:05:23 Europe/Berlin] Database connection established successfully
[08-Nov-2025 15:05:23 Europe/Berlin] DB connect failed for root@localhost:3306/blood_system: SQLSTATE[HY000] [1045] Access denied for user 'root'@'localhost' (using password: NO)
[08-Nov-2025 15:05:23 Europe/Berlin] DB connect failed for root@127.0.0.1:3306/blood_system: SQLSTATE[HY000] [1045] Access denied for user 'root'@'localhost' (using password: NO)
[08-Nov-2025 15:05:23 Europe/Berlin] DB connect failed for root@localhost:3306/blood_system: SQLSTATE[HY000] [1045] Access denied for user 'root'@'localhost' (using password: NO)
[08-Nov-2025 15:05:23 Europe/Berlin] Database connection established successfully
[08-Nov-2025 15:06:40 Europe/Berlin] DB connect failed for root@localhost:3306/blood_system: SQLSTATE[HY000] [1045] Access denied for user 'root'@'localhost' (using password: NO)
[08-Nov-2025 15:06:40 Europe/Berlin] DB connect failed for root@127.0.0.1:3306/blood_system: SQLSTATE[HY000] [1045] Access denied for user 'root'@'localhost' (using password: NO)
[08-Nov-2025 15:06:40 Europe/Berlin] DB connect failed for root@localhost:3306/blood_system: SQLSTATE[HY000] [1045] Access denied for user 'root'@'localhost' (using password: NO)
[08-Nov-2025 15:06:40 Europe/Berlin] Database connection established successfully
[08-Nov-2025 15:06:40 Europe/Berlin] DB connect failed for root@localhost:3306/blood_system: SQLSTATE[HY000] [1045] Access denied for user 'root'@'localhost' (using password: NO)
[08-Nov-2025 15:06:40 Europe/Berlin] DB connect failed for root@127.0.0.1:3306/blood_system: SQLSTATE[HY000] [1045] Access denied for user 'root'@'localhost' (using password: NO)
[08-Nov-2025 15:06:40 Europe/Berlin] DB connect failed for root@localhost:3306/blood_system: SQLSTATE[HY000] [1045] Access denied for user 'root'@'localhost' (using password: NO)
[08-Nov-2025 15:06:40 Europe/Berlin] Database connection established successfully
[08-Nov-2025 15:19:45 Europe/Berlin] DB connect failed for root@localhost:3306/blood_system: SQLSTATE[HY000] [1045] Access denied for user 'root'@'localhost' (using password: NO)
[08-Nov-2025 15:19:45 Europe/Berlin] DB connect failed for root@127.0.0.1:3306/blood_system: SQLSTATE[HY000] [1045] Access denied for user 'root'@'localhost' (using password: NO)
[08-Nov-2025 15:19:45 Europe/Berlin] DB connect failed for root@localhost:3306/blood_system: SQLSTATE[HY000] [1045] Access denied for user 'root'@'localhost' (using password: NO)
[08-Nov-2025 15:19:45 Europe/Berlin] Database connection established successfully
[08-Nov-2025 15:19:45 Europe/Berlin] DB connect failed for root@localhost:3306/blood_system: SQLSTATE[HY000] [1045] Access denied for user 'root'@'localhost' (using password: NO)
[08-Nov-2025 15:19:45 Europe/Berlin] DB connect failed for root@127.0.0.1:3306/blood_system: SQLSTATE[HY000] [1045] Access denied for user 'root'@'localhost' (using password: NO)
[08-Nov-2025 15:19:45 Europe/Berlin] DB connect failed for root@localhost:3306/blood_system: SQLSTATE[HY000] [1045] Access denied for user 'root'@'localhost' (using password: NO)
[08-Nov-2025 15:19:45 Europe/Berlin] Database connection established successfully
[08-Nov-2025 15:31:50 Europe/Berlin] DB connect failed for root@localhost:3306/blood_system: SQLSTATE[HY000] [1045] Access denied for user 'root'@'localhost' (using password: NO)
[08-Nov-2025 15:31:50 Europe/Berlin] DB connect failed for root@127.0.0.1:3306/blood_system: SQLSTATE[HY000] [1045] Access denied for user 'root'@'localhost' (using password: NO)
[08-Nov-2025 15:31:50 Europe/Berlin] DB connect failed for root@localhost:3306/blood_system: SQLSTATE[HY000] [1045] Access denied for user 'root'@'localhost' (using password: NO)
[08-Nov-2025 15:31:50 Europe/Berlin] Database connection established successfully
[08-Nov-2025 15:31:50 Europe/Berlin] DB connect failed for root@localhost:3306/blood_system: SQLSTATE[HY000] [1045] Access denied for user 'root'@'localhost' (using password: NO)
[08-Nov-2025 15:31:50 Europe/Berlin] DB connect failed for root@127.0.0.1:3306/blood_system: SQLSTATE[HY000] [1045] Access denied for user 'root'@'localhost' (using password: NO)
[08-Nov-2025 15:31:50 Europe/Berlin] DB connect failed for root@localhost:3306/blood_system: SQLSTATE[HY000] [1045] Access denied for user 'root'@'localhost' (using password: NO)
[08-Nov-2025 15:31:50 Europe/Berlin] Database connection established successfully
[08-Nov-2025 15:50:21 Europe/Berlin] DB connect failed for root@localhost:3306/blood_system: SQLSTATE[HY000] [1045] Access denied for user 'root'@'localhost' (using password: NO)
[08-Nov-2025 15:50:21 Europe/Berlin] DB connect failed for root@127.0.0.1:3306/blood_system: SQLSTATE[HY000] [1045] Access denied for user 'root'@'localhost' (using password: NO)
[08-Nov-2025 15:50:21 Europe/Berlin] DB connect failed for root@localhost:3306/blood_system: SQLSTATE[HY000] [1045] Access denied for user 'root'@'localhost' (using password: NO)
[08-Nov-2025 15:50:21 Europe/Berlin] Database connection established successfully
[08-Nov-2025 15:50:21 Europe/Berlin] DB connect failed for root@localhost:3306/blood_system: SQLSTATE[HY000] [1045] Access denied for user 'root'@'localhost' (using password: NO)
[08-Nov-2025 15:50:21 Europe/Berlin] DB connect failed for root@127.0.0.1:3306/blood_system: SQLSTATE[HY000] [1045] Access denied for user 'root'@'localhost' (using password: NO)
[08-Nov-2025 15:50:21 Europe/Berlin] DB connect failed for root@localhost:3306/blood_system: SQLSTATE[HY000] [1045] Access denied for user 'root'@'localhost' (using password: NO)
[08-Nov-2025 15:50:21 Europe/Berlin] Database connection established successfully
[08-Nov-2025 16:12:34 Europe/Berlin] DB connect failed for root@localhost:3306/blood_system: SQLSTATE[HY000] [1045] Access denied for user 'root'@'localhost' (using password: NO)
[08-Nov-2025 16:12:34 Europe/Berlin] DB connect failed for root@127.0.0.1:3306/blood_system: SQLSTATE[HY000] [1045] Access denied for user 'root'@'localhost' (using password: NO)
[08-Nov-2025 16:12:34 Europe/Berlin] DB connect failed for root@localhost:3306/blood_system: SQLSTATE[HY000] [1045] Access denied for user 'root'@'localhost' (using password: NO)
[08-Nov-2025 16:12:34 Europe/Berlin] Database connection established successfully
[08-Nov-2025 16:12:34 Europe/Berlin] DB connect failed for root@localhost:3306/blood_system: SQLSTATE[HY000] [1045] Access denied for user 'root'@'localhost' (using password: NO)
[08-Nov-2025 16:12:34 Europe/Berlin] DB connect failed for root@127.0.0.1:3306/blood_system: SQLSTATE[HY000] [1045] Access denied for user 'root'@'localhost' (using password: NO)
[08-Nov-2025 16:12:34 Europe/Berlin] DB connect failed for root@localhost:3306/blood_system: SQLSTATE[HY000] [1045] Access denied for user 'root'@'localhost' (using password: NO)
[08-Nov-2025 16:12:34 Europe/Berlin] Database connection established successfully
[08-Nov-2025 16:49:20 Europe/Berlin] DB connect failed for root@localhost:3306/blood_system: SQLSTATE[HY000] [1045] Access denied for user 'root'@'localhost' (using password: NO)
[08-Nov-2025 16:49:20 Europe/Berlin] DB connect failed for root@127.0.0.1:3306/blood_system: SQLSTATE[HY000] [1045] Access denied for user 'root'@'localhost' (using password: NO)
[08-Nov-2025 16:49:20 Europe/Berlin] DB connect failed for root@localhost:3306/blood_system: SQLSTATE[HY000] [1045] Access denied for user 'root'@'localhost' (using password: NO)
[08-Nov-2025 16:49:20 Europe/Berlin] Database connection established successfully
[08-Nov-2025 16:49:20 Europe/Berlin] DB connect failed for root@localhost:3306/blood_system: SQLSTATE[HY000] [1045] Access denied for user 'root'@'localhost' (using password: NO)
[08-Nov-2025 16:49:20 Europe/Berlin] DB connect failed for root@127.0.0.1:3306/blood_system: SQLSTATE[HY000] [1045] Access denied for user 'root'@'localhost' (using password: NO)
[08-Nov-2025 16:49:20 Europe/Berlin] DB connect failed for root@localhost:3306/blood_system: SQLSTATE[HY000] [1045] Access denied for user 'root'@'localhost' (using password: NO)
[08-Nov-2025 16:49:20 Europe/Berlin] Database connection established successfully
[08-Nov-2025 17:30:59 Europe/Berlin] DB connect failed for root@localhost:3306/blood_system: SQLSTATE[HY000] [1045] Access denied for user 'root'@'localhost' (using password: NO)
[08-Nov-2025 17:30:59 Europe/Berlin] DB connect failed for root@127.0.0.1:3306/blood_system: SQLSTATE[HY000] [1045] Access denied for user 'root'@'localhost' (using password: NO)
[08-Nov-2025 17:30:59 Europe/Berlin] DB connect failed for root@localhost:3306/blood_system: SQLSTATE[HY000] [1045] Access denied for user 'root'@'localhost' (using password: NO)
[08-Nov-2025 17:30:59 Europe/Berlin] Database connection established successfully
[08-Nov-2025 17:35:53 Europe/Berlin] DB connect failed for root@localhost:3306/blood_system: SQLSTATE[HY000] [1045] Access denied for user 'root'@'localhost' (using password: NO)
[08-Nov-2025 17:35:53 Europe/Berlin] DB connect failed for root@127.0.0.1:3306/blood_system: SQLSTATE[HY000] [1045] Access denied for user 'root'@'localhost' (using password: NO)
[08-Nov-2025 17:35:53 Europe/Berlin] DB connect failed for root@localhost:3306/blood_system: SQLSTATE[HY000] [1045] Access denied for user 'root'@'localhost' (using password: NO)
[08-Nov-2025 17:35:53 Europe/Berlin] Database connection established successfully
[08-Nov-2025 17:35:53 Europe/Berlin] DB connect failed for root@localhost:3306/blood_system: SQLSTATE[HY000] [1045] Access denied for user 'root'@'localhost' (using password: NO)
[08-Nov-2025 17:35:53 Europe/Berlin] DB connect failed for root@127.0.0.1:3306/blood_system: SQLSTATE[HY000] [1045] Access denied for user 'root'@'localhost' (using password: NO)
[08-Nov-2025 17:35:53 Europe/Berlin] DB connect failed for root@localhost:3306/blood_system: SQLSTATE[HY000] [1045] Access denied for user 'root'@'localhost' (using password: NO)
[08-Nov-2025 17:35:53 Europe/Berlin] Database connection established successfully
[08-Nov-2025 17:49:43 Europe/Berlin] DB connect failed for root@localhost:3306/blood_system: SQLSTATE[HY000] [1045] Access denied for user 'root'@'localhost' (using password: NO)
[08-Nov-2025 17:49:43 Europe/Berlin] DB connect failed for root@127.0.0.1:3306/blood_system: SQLSTATE[HY000] [1045] Access denied for user 'root'@'localhost' (using password: NO)
[08-Nov-2025 17:49:43 Europe/Berlin] DB connect failed for root@localhost:3306/blood_system: SQLSTATE[HY000] [1045] Access denied for user 'root'@'localhost' (using password: NO)
[08-Nov-2025 17:49:43 Europe/Berlin] Database connection established successfully
[08-Nov-2025 17:49:43 Europe/Berlin] DB connect failed for root@localhost:3306/blood_system: SQLSTATE[HY000] [1045] Access denied for user 'root'@'localhost' (using password: NO)
[08-Nov-2025 17:49:43 Europe/Berlin] DB connect failed for root@127.0.0.1:3306/blood_system: SQLSTATE[HY000] [1045] Access denied for user 'root'@'localhost' (using password: NO)
[08-Nov-2025 17:49:43 Europe/Berlin] DB connect failed for root@localhost:3306/blood_system: SQLSTATE[HY000] [1045] Access denied for user 'root'@'localhost' (using password: NO)
[08-Nov-2025 17:49:43 Europe/Berlin] Database connection established successfully
[08-Nov-2025 17:54:08 Europe/Berlin] DB connect failed for root@localhost:3306/blood_system: SQLSTATE[HY000] [1045] Access denied for user 'root'@'localhost' (using password: NO)
[08-Nov-2025 17:54:08 Europe/Berlin] DB connect failed for root@127.0.0.1:3306/blood_system: SQLSTATE[HY000] [1045] Access denied for user 'root'@'localhost' (using password: NO)
[08-Nov-2025 17:54:08 Europe/Berlin] DB connect failed for root@localhost:3306/blood_system: SQLSTATE[HY000] [1045] Access denied for user 'root'@'localhost' (using password: NO)
[08-Nov-2025 17:54:08 Europe/Berlin] Database connection established successfully
[09-Nov-2025 00:54:08 Asia/Manila] Error checking if table exists: SQLSTATE[42000]: Syntax error or access violation: 1064 You have an error in your SQL syntax; check the manual that corresponds to your MariaDB server version for the right syntax to use near 'users_new''' at line 1
[08-Nov-2025 17:54:08 Europe/Berlin] DB connect failed for root@localhost:3306/blood_system: SQLSTATE[HY000] [1045] Access denied for user 'root'@'localhost' (using password: NO)
[08-Nov-2025 17:54:08 Europe/Berlin] DB connect failed for root@127.0.0.1:3306/blood_system: SQLSTATE[HY000] [1045] Access denied for user 'root'@'localhost' (using password: NO)
[08-Nov-2025 17:54:08 Europe/Berlin] DB connect failed for root@localhost:3306/blood_system: SQLSTATE[HY000] [1045] Access denied for user 'root'@'localhost' (using password: NO)
[08-Nov-2025 17:54:08 Europe/Berlin] Database connection established successfully
[08-Nov-2025 18:21:21 Europe/Berlin] DB connect failed for root@localhost:3306/blood_system: SQLSTATE[HY000] [1045] Access denied for user 'root'@'localhost' (using password: NO)
[08-Nov-2025 18:21:21 Europe/Berlin] DB connect failed for root@127.0.0.1:3306/blood_system: SQLSTATE[HY000] [1045] Access denied for user 'root'@'localhost' (using password: NO)
[08-Nov-2025 18:21:21 Europe/Berlin] DB connect failed for root@localhost:3306/blood_system: SQLSTATE[HY000] [1045] Access denied for user 'root'@'localhost' (using password: NO)
[08-Nov-2025 18:21:21 Europe/Berlin] Database connection established successfully
[08-Nov-2025 18:21:21 Europe/Berlin] DB connect failed for root@localhost:3306/blood_system: SQLSTATE[HY000] [1045] Access denied for user 'root'@'localhost' (using password: NO)
[08-Nov-2025 18:21:21 Europe/Berlin] DB connect failed for root@127.0.0.1:3306/blood_system: SQLSTATE[HY000] [1045] Access denied for user 'root'@'localhost' (using password: NO)
[08-Nov-2025 18:21:21 Europe/Berlin] DB connect failed for root@localhost:3306/blood_system: SQLSTATE[HY000] [1045] Access denied for user 'root'@'localhost' (using password: NO)
[08-Nov-2025 18:21:21 Europe/Berlin] Database connection established successfully
[08-Nov-2025 18:21:24 Europe/Berlin] DB connect failed for root@localhost:3306/blood_system: SQLSTATE[HY000] [1045] Access denied for user 'root'@'localhost' (using password: NO)
[08-Nov-2025 18:21:24 Europe/Berlin] DB connect failed for root@127.0.0.1:3306/blood_system: SQLSTATE[HY000] [1045] Access denied for user 'root'@'localhost' (using password: NO)
[08-Nov-2025 18:21:24 Europe/Berlin] DB connect failed for root@localhost:3306/blood_system: SQLSTATE[HY000] [1045] Access denied for user 'root'@'localhost' (using password: NO)
[08-Nov-2025 18:21:24 Europe/Berlin] Database connection established successfully
[08-Nov-2025 18:21:24 Europe/Berlin] DB connect failed for root@localhost:3306/blood_system: SQLSTATE[HY000] [1045] Access denied for user 'root'@'localhost' (using password: NO)
[08-Nov-2025 18:21:24 Europe/Berlin] DB connect failed for root@127.0.0.1:3306/blood_system: SQLSTATE[HY000] [1045] Access denied for user 'root'@'localhost' (using password: NO)
[08-Nov-2025 18:21:24 Europe/Berlin] DB connect failed for root@localhost:3306/blood_system: SQLSTATE[HY000] [1045] Access denied for user 'root'@'localhost' (using password: NO)
[08-Nov-2025 18:21:24 Europe/Berlin] Database connection established successfully
[08-Nov-2025 19:24:18 Europe/Berlin] DB connect failed for root@localhost:3306/blood_system: SQLSTATE[HY000] [1045] Access denied for user 'root'@'localhost' (using password: NO)
[08-Nov-2025 19:24:18 Europe/Berlin] DB connect failed for root@127.0.0.1:3306/blood_system: SQLSTATE[HY000] [1045] Access denied for user 'root'@'localhost' (using password: NO)
[08-Nov-2025 19:24:18 Europe/Berlin] DB connect failed for root@localhost:3306/blood_system: SQLSTATE[HY000] [1045] Access denied for user 'root'@'localhost' (using password: NO)
[08-Nov-2025 19:24:18 Europe/Berlin] Database connection established successfully
[08-Nov-2025 19:24:18 Europe/Berlin] DB connect failed for root@localhost:3306/blood_system: SQLSTATE[HY000] [1045] Access denied for user 'root'@'localhost' (using password: NO)
[08-Nov-2025 19:24:18 Europe/Berlin] DB connect failed for root@127.0.0.1:3306/blood_system: SQLSTATE[HY000] [1045] Access denied for user 'root'@'localhost' (using password: NO)
[08-Nov-2025 19:24:18 Europe/Berlin] DB connect failed for root@localhost:3306/blood_system: SQLSTATE[HY000] [1045] Access denied for user 'root'@'localhost' (using password: NO)
[08-Nov-2025 19:24:18 Europe/Berlin] Database connection established successfully
[08-Nov-2025 19:27:19 Europe/Berlin] DB connect failed for root@localhost:3306/blood_system: SQLSTATE[HY000] [1045] Access denied for user 'root'@'localhost' (using password: NO)
[08-Nov-2025 19:27:19 Europe/Berlin] DB connect failed for root@127.0.0.1:3306/blood_system: SQLSTATE[HY000] [1045] Access denied for user 'root'@'localhost' (using password: NO)
[08-Nov-2025 19:27:19 Europe/Berlin] DB connect failed for root@localhost:3306/blood_system: SQLSTATE[HY000] [1045] Access denied for user 'root'@'localhost' (using password: NO)
[08-Nov-2025 19:27:19 Europe/Berlin] Database connection established successfully
[08-Nov-2025 19:27:19 Europe/Berlin] DB connect failed for root@localhost:3306/blood_system: SQLSTATE[HY000] [1045] Access denied for user 'root'@'localhost' (using password: NO)
[08-Nov-2025 19:27:19 Europe/Berlin] DB connect failed for root@127.0.0.1:3306/blood_system: SQLSTATE[HY000] [1045] Access denied for user 'root'@'localhost' (using password: NO)
[08-Nov-2025 19:27:19 Europe/Berlin] DB connect failed for root@localhost:3306/blood_system: SQLSTATE[HY000] [1045] Access denied for user 'root'@'localhost' (using password: NO)
[08-Nov-2025 19:27:19 Europe/Berlin] Database connection established successfully
[08-Nov-2025 19:39:09 Europe/Berlin] DB connect failed for root@localhost:3306/blood_system: SQLSTATE[HY000] [1045] Access denied for user 'root'@'localhost' (using password: NO)
[08-Nov-2025 19:39:09 Europe/Berlin] DB connect failed for root@127.0.0.1:3306/blood_system: SQLSTATE[HY000] [1045] Access denied for user 'root'@'localhost' (using password: NO)
[08-Nov-2025 19:39:09 Europe/Berlin] DB connect failed for root@localhost:3306/blood_system: SQLSTATE[HY000] [1045] Access denied for user 'root'@'localhost' (using password: NO)
[08-Nov-2025 19:39:09 Europe/Berlin] Database connection established successfully
[08-Nov-2025 19:39:09 Europe/Berlin] DB connect failed for root@localhost:3306/blood_system: SQLSTATE[HY000] [1045] Access denied for user 'root'@'localhost' (using password: NO)
[08-Nov-2025 19:39:09 Europe/Berlin] DB connect failed for root@127.0.0.1:3306/blood_system: SQLSTATE[HY000] [1045] Access denied for user 'root'@'localhost' (using password: NO)
[08-Nov-2025 19:39:09 Europe/Berlin] DB connect failed for root@localhost:3306/blood_system: SQLSTATE[HY000] [1045] Access denied for user 'root'@'localhost' (using password: NO)
[08-Nov-2025 19:39:09 Europe/Berlin] Database connection established successfully
[08-Nov-2025 19:45:55 Europe/Berlin] DB connect failed for root@localhost:3306/blood_system: SQLSTATE[HY000] [1045] Access denied for user 'root'@'localhost' (using password: NO)
[08-Nov-2025 19:45:55 Europe/Berlin] DB connect failed for root@127.0.0.1:3306/blood_system: SQLSTATE[HY000] [1045] Access denied for user 'root'@'localhost' (using password: NO)
[08-Nov-2025 19:45:55 Europe/Berlin] DB connect failed for root@localhost:3306/blood_system: SQLSTATE[HY000] [1045] Access denied for user 'root'@'localhost' (using password: NO)
[08-Nov-2025 19:45:55 Europe/Berlin] Database connection established successfully
[08-Nov-2025 19:45:55 Europe/Berlin] DB connect failed for root@localhost:3306/blood_system: SQLSTATE[HY000] [1045] Access denied for user 'root'@'localhost' (using password: NO)
[08-Nov-2025 19:45:55 Europe/Berlin] DB connect failed for root@127.0.0.1:3306/blood_system: SQLSTATE[HY000] [1045] Access denied for user 'root'@'localhost' (using password: NO)
[08-Nov-2025 19:45:55 Europe/Berlin] DB connect failed for root@localhost:3306/blood_system: SQLSTATE[HY000] [1045] Access denied for user 'root'@'localhost' (using password: NO)
[08-Nov-2025 19:45:55 Europe/Berlin] Database connection established successfully
[08-Nov-2025 19:51:15 Europe/Berlin] DB connect failed for root@localhost:3306/blood_system: SQLSTATE[HY000] [1045] Access denied for user 'root'@'localhost' (using password: NO)
[08-Nov-2025 19:51:15 Europe/Berlin] DB connect failed for root@127.0.0.1:3306/blood_system: SQLSTATE[HY000] [1045] Access denied for user 'root'@'localhost' (using password: NO)
[08-Nov-2025 19:51:15 Europe/Berlin] DB connect failed for root@localhost:3306/blood_system: SQLSTATE[HY000] [1045] Access denied for user 'root'@'localhost' (using password: NO)
[08-Nov-2025 19:51:15 Europe/Berlin] Database connection established successfully
[08-Nov-2025 19:51:15 Europe/Berlin] DB connect failed for root@localhost:3306/blood_system: SQLSTATE[HY000] [1045] Access denied for user 'root'@'localhost' (using password: NO)
[08-Nov-2025 19:51:15 Europe/Berlin] DB connect failed for root@127.0.0.1:3306/blood_system: SQLSTATE[HY000] [1045] Access denied for user 'root'@'localhost' (using password: NO)
[08-Nov-2025 19:51:15 Europe/Berlin] DB connect failed for root@localhost:3306/blood_system: SQLSTATE[HY000] [1045] Access denied for user 'root'@'localhost' (using password: NO)
[08-Nov-2025 19:51:15 Europe/Berlin] Database connection established successfully
[08-Nov-2025 19:54:01 Europe/Berlin] DB connect failed for root@localhost:3306/blood_system: SQLSTATE[HY000] [1045] Access denied for user 'root'@'localhost' (using password: NO)
[08-Nov-2025 19:54:01 Europe/Berlin] DB connect failed for root@127.0.0.1:3306/blood_system: SQLSTATE[HY000] [1045] Access denied for user 'root'@'localhost' (using password: NO)
[08-Nov-2025 19:54:01 Europe/Berlin] DB connect failed for root@localhost:3306/blood_system: SQLSTATE[HY000] [1045] Access denied for user 'root'@'localhost' (using password: NO)
[08-Nov-2025 19:54:01 Europe/Berlin] Database connection established successfully
[08-Nov-2025 19:54:01 Europe/Berlin] POST received! Username: admin
[08-Nov-2025 19:54:01 Europe/Berlin] DB connect failed for root@localhost:3306/blood_system: SQLSTATE[HY000] [1045] Access denied for user 'root'@'localhost' (using password: NO)
[08-Nov-2025 19:54:01 Europe/Berlin] DB connect failed for root@127.0.0.1:3306/blood_system: SQLSTATE[HY000] [1045] Access denied for user 'root'@'localhost' (using password: NO)
[08-Nov-2025 19:54:01 Europe/Berlin] DB connect failed for root@localhost:3306/blood_system: SQLSTATE[HY000] [1045] Access denied for user 'root'@'localhost' (using password: NO)
[08-Nov-2025 19:54:01 Europe/Berlin] Database connection established successfully
[08-Nov-2025 19:58:01 Europe/Berlin] DB connect failed for root@localhost:3306/blood_system: SQLSTATE[HY000] [1045] Access denied for user 'root'@'localhost' (using password: NO)
[08-Nov-2025 19:58:01 Europe/Berlin] DB connect failed for root@127.0.0.1:3306/blood_system: SQLSTATE[HY000] [1045] Access denied for user 'root'@'localhost' (using password: NO)
[08-Nov-2025 19:58:01 Europe/Berlin] DB connect failed for root@localhost:3306/blood_system: SQLSTATE[HY000] [1045] Access denied for user 'root'@'localhost' (using password: NO)
[08-Nov-2025 19:58:01 Europe/Berlin] Database connection established successfully
[08-Nov-2025 19:58:01 Europe/Berlin] DB connect failed for root@localhost:3306/blood_system: SQLSTATE[HY000] [1045] Access denied for user 'root'@'localhost' (using password: NO)
[08-Nov-2025 19:58:01 Europe/Berlin] DB connect failed for root@127.0.0.1:3306/blood_system: SQLSTATE[HY000] [1045] Access denied for user 'root'@'localhost' (using password: NO)
[08-Nov-2025 19:58:01 Europe/Berlin] DB connect failed for root@localhost:3306/blood_system: SQLSTATE[HY000] [1045] Access denied for user 'root'@'localhost' (using password: NO)
[08-Nov-2025 19:58:01 Europe/Berlin] Database connection established successfully
[08-Nov-2025 20:01:00 Europe/Berlin] DB connect failed for root@localhost:3306/blood_system: SQLSTATE[HY000] [1045] Access denied for user 'root'@'localhost' (using password: NO)
[08-Nov-2025 20:01:00 Europe/Berlin] DB connect failed for root@127.0.0.1:3306/blood_system: SQLSTATE[HY000] [1045] Access denied for user 'root'@'localhost' (using password: NO)
[08-Nov-2025 20:01:00 Europe/Berlin] DB connect failed for root@localhost:3306/blood_system: SQLSTATE[HY000] [1045] Access denied for user 'root'@'localhost' (using password: NO)
[08-Nov-2025 20:01:00 Europe/Berlin] Database connection established successfully
[08-Nov-2025 20:01:00 Europe/Berlin] DB connect failed for root@localhost:3306/blood_system: SQLSTATE[HY000] [1045] Access denied for user 'root'@'localhost' (using password: NO)
[08-Nov-2025 20:01:00 Europe/Berlin] DB connect failed for root@127.0.0.1:3306/blood_system: SQLSTATE[HY000] [1045] Access denied for user 'root'@'localhost' (using password: NO)
[08-Nov-2025 20:01:00 Europe/Berlin] DB connect failed for root@localhost:3306/blood_system: SQLSTATE[HY000] [1045] Access denied for user 'root'@'localhost' (using password: NO)
[08-Nov-2025 20:01:00 Europe/Berlin] Database connection established successfully
[08-Nov-2025 20:04:01 Europe/Berlin] DB connect failed for root@localhost:3306/blood_system: SQLSTATE[HY000] [1045] Access denied for user 'root'@'localhost' (using password: NO)
[08-Nov-2025 20:04:01 Europe/Berlin] DB connect failed for root@127.0.0.1:3306/blood_system: SQLSTATE[HY000] [1045] Access denied for user 'root'@'localhost' (using password: NO)
[08-Nov-2025 20:04:01 Europe/Berlin] DB connect failed for root@localhost:3306/blood_system: SQLSTATE[HY000] [1045] Access denied for user 'root'@'localhost' (using password: NO)
[08-Nov-2025 20:04:01 Europe/Berlin] Database connection established successfully
[08-Nov-2025 20:04:02 Europe/Berlin] DB connect failed for root@localhost:3306/blood_system: SQLSTATE[HY000] [1045] Access denied for user 'root'@'localhost' (using password: NO)
[08-Nov-2025 20:04:02 Europe/Berlin] DB connect failed for root@127.0.0.1:3306/blood_system: SQLSTATE[HY000] [1045] Access denied for user 'root'@'localhost' (using password: NO)
[08-Nov-2025 20:04:02 Europe/Berlin] DB connect failed for root@localhost:3306/blood_system: SQLSTATE[HY000] [1045] Access denied for user 'root'@'localhost' (using password: NO)
[08-Nov-2025 20:04:02 Europe/Berlin] Database connection established successfully
[09-Nov-2025 07:24:02 Europe/Berlin] DB connect failed for root@localhost:3306/blood_system: SQLSTATE[HY000] [1045] Access denied for user 'root'@'localhost' (using password: NO)
[09-Nov-2025 07:24:02 Europe/Berlin] DB connect failed for root@127.0.0.1:3306/blood_system: SQLSTATE[HY000] [1045] Access denied for user 'root'@'localhost' (using password: NO)
[09-Nov-2025 07:24:02 Europe/Berlin] DB connect failed for root@localhost:3306/blood_system: SQLSTATE[HY000] [1045] Access denied for user 'root'@'localhost' (using password: NO)
[09-Nov-2025 07:24:02 Europe/Berlin] Database connection established successfully
[09-Nov-2025 07:24:04 Europe/Berlin] DB connect failed for root@localhost:3306/blood_system: SQLSTATE[HY000] [1045] Access denied for user 'root'@'localhost' (using password: NO)
[09-Nov-2025 07:24:04 Europe/Berlin] DB connect failed for root@127.0.0.1:3306/blood_system: SQLSTATE[HY000] [1045] Access denied for user 'root'@'localhost' (using password: NO)
[09-Nov-2025 07:24:04 Europe/Berlin] DB connect failed for root@localhost:3306/blood_system: SQLSTATE[HY000] [1045] Access denied for user 'root'@'localhost' (using password: NO)
[09-Nov-2025 07:24:04 Europe/Berlin] Database connection established successfully
[09-Nov-2025 07:24:04 Europe/Berlin] DB connect failed for root@localhost:3306/blood_system: SQLSTATE[HY000] [1045] Access denied for user 'root'@'localhost' (using password: NO)
[09-Nov-2025 07:24:04 Europe/Berlin] DB connect failed for root@127.0.0.1:3306/blood_system: SQLSTATE[HY000] [1045] Access denied for user 'root'@'localhost' (using password: NO)
[09-Nov-2025 07:24:04 Europe/Berlin] DB connect failed for root@localhost:3306/blood_system: SQLSTATE[HY000] [1045] Access denied for user 'root'@'localhost' (using password: NO)
[09-Nov-2025 07:24:04 Europe/Berlin] Database connection established successfully
[09-Nov-2025 07:24:04 Europe/Berlin] DB connect failed for root@localhost:3306/blood_system: SQLSTATE[HY000] [1045] Access denied for user 'root'@'localhost' (using password: NO)
[09-Nov-2025 07:24:04 Europe/Berlin] DB connect failed for root@127.0.0.1:3306/blood_system: SQLSTATE[HY000] [1045] Access denied for user 'root'@'localhost' (using password: NO)
[09-Nov-2025 07:24:04 Europe/Berlin] DB connect failed for root@localhost:3306/blood_system: SQLSTATE[HY000] [1045] Access denied for user 'root'@'localhost' (using password: NO)
[09-Nov-2025 07:24:04 Europe/Berlin] Database connection established successfully
[09-Nov-2025 07:28:58 Europe/Berlin] DB connect failed for root@localhost:3306/blood_system: SQLSTATE[HY000] [1045] Access denied for user 'root'@'localhost' (using password: NO)
[09-Nov-2025 07:28:58 Europe/Berlin] DB connect failed for root@127.0.0.1:3306/blood_system: SQLSTATE[HY000] [1045] Access denied for user 'root'@'localhost' (using password: NO)
[09-Nov-2025 07:28:58 Europe/Berlin] DB connect failed for root@localhost:3306/blood_system: SQLSTATE[HY000] [1045] Access denied for user 'root'@'localhost' (using password: NO)
[09-Nov-2025 07:28:58 Europe/Berlin] Database connection established successfully
[09-Nov-2025 07:28:59 Europe/Berlin] DB connect failed for root@localhost:3306/blood_system: SQLSTATE[HY000] [1045] Access denied for user 'root'@'localhost' (using password: NO)
[09-Nov-2025 07:28:59 Europe/Berlin] DB connect failed for root@127.0.0.1:3306/blood_system: SQLSTATE[HY000] [1045] Access denied for user 'root'@'localhost' (using password: NO)
[09-Nov-2025 07:28:59 Europe/Berlin] DB connect failed for root@localhost:3306/blood_system: SQLSTATE[HY000] [1045] Access denied for user 'root'@'localhost' (using password: NO)
[09-Nov-2025 07:28:59 Europe/Berlin] Database connection established successfully
[10-Nov-2025 14:53:40 Europe/Berlin] DB connect failed for root@localhost:3306/blood_system: SQLSTATE[HY000] [1045] Access denied for user 'root'@'localhost' (using password: NO)
[10-Nov-2025 14:53:40 Europe/Berlin] DB connect failed for root@127.0.0.1:3306/blood_system: SQLSTATE[HY000] [1045] Access denied for user 'root'@'localhost' (using password: NO)
[10-Nov-2025 14:53:40 Europe/Berlin] DB connect failed for root@localhost:3306/blood_system: SQLSTATE[HY000] [1045] Access denied for user 'root'@'localhost' (using password: NO)
[10-Nov-2025 14:53:40 Europe/Berlin] Database connection established successfully
[10-Nov-2025 14:57:49 Europe/Berlin] DB connect failed for root@localhost:3306/blood_system: SQLSTATE[HY000] [1045] Access denied for user 'root'@'localhost' (using password: NO)
[10-Nov-2025 14:57:49 Europe/Berlin] DB connect failed for root@127.0.0.1:3306/blood_system: SQLSTATE[HY000] [1045] Access denied for user 'root'@'localhost' (using password: NO)
[10-Nov-2025 14:57:49 Europe/Berlin] DB connect failed for root@localhost:3306/blood_system: SQLSTATE[HY000] [1045] Access denied for user 'root'@'localhost' (using password: NO)
[10-Nov-2025 14:57:49 Europe/Berlin] Database connection established successfully
[10-Nov-2025 14:57:49 Europe/Berlin] DB connect failed for root@localhost:3306/blood_system: SQLSTATE[HY000] [1045] Access denied for user 'root'@'localhost' (using password: NO)
[10-Nov-2025 14:57:49 Europe/Berlin] DB connect failed for root@127.0.0.1:3306/blood_system: SQLSTATE[HY000] [1045] Access denied for user 'root'@'localhost' (using password: NO)
[10-Nov-2025 14:57:49 Europe/Berlin] DB connect failed for root@localhost:3306/blood_system: SQLSTATE[HY000] [1045] Access denied for user 'root'@'localhost' (using password: NO)
[10-Nov-2025 14:57:49 Europe/Berlin] Database connection established successfully
[11-Nov-2025 11:06:51 Europe/Berlin] DB connect failed for root@localhost:3306/blood_system: SQLSTATE[HY000] [1045] Access denied for user 'root'@'localhost' (using password: NO)
[11-Nov-2025 11:06:51 Europe/Berlin] DB connect failed for root@127.0.0.1:3306/blood_system: SQLSTATE[HY000] [1045] Access denied for user 'root'@'localhost' (using password: NO)
[11-Nov-2025 11:06:51 Europe/Berlin] DB connect failed for root@localhost:3306/blood_system: SQLSTATE[HY000] [1045] Access denied for user 'root'@'localhost' (using password: NO)
[11-Nov-2025 11:06:51 Europe/Berlin] Database connection established successfully
[11-Nov-2025 11:06:51 Europe/Berlin] DB connect failed for root@localhost:3306/blood_system: SQLSTATE[HY000] [1045] Access denied for user 'root'@'localhost' (using password: NO)
[11-Nov-2025 11:06:51 Europe/Berlin] DB connect failed for root@127.0.0.1:3306/blood_system: SQLSTATE[HY000] [1045] Access denied for user 'root'@'localhost' (using password: NO)
[11-Nov-2025 11:06:51 Europe/Berlin] DB connect failed for root@localhost:3306/blood_system: SQLSTATE[HY000] [1045] Access denied for user 'root'@'localhost' (using password: NO)
[11-Nov-2025 11:06:51 Europe/Berlin] Database connection established successfully
[11-Nov-2025 11:20:26 Europe/Berlin] DB connect failed for root@localhost:3306/blood_system: SQLSTATE[HY000] [1045] Access denied for user 'root'@'localhost' (using password: NO)
[11-Nov-2025 11:20:26 Europe/Berlin] DB connect failed for root@127.0.0.1:3306/blood_system: SQLSTATE[HY000] [1045] Access denied for user 'root'@'localhost' (using password: NO)
[11-Nov-2025 11:20:26 Europe/Berlin] DB connect failed for root@localhost:3306/blood_system: SQLSTATE[HY000] [1045] Access denied for user 'root'@'localhost' (using password: NO)
[11-Nov-2025 11:20:26 Europe/Berlin] Database connection established successfully
[11-Nov-2025 11:20:26 Europe/Berlin] DB connect failed for root@localhost:3306/blood_system: SQLSTATE[HY000] [1045] Access denied for user 'root'@'localhost' (using password: NO)
[11-Nov-2025 11:20:26 Europe/Berlin] DB connect failed for root@127.0.0.1:3306/blood_system: SQLSTATE[HY000] [1045] Access denied for user 'root'@'localhost' (using password: NO)
[11-Nov-2025 11:20:26 Europe/Berlin] DB connect failed for root@localhost:3306/blood_system: SQLSTATE[HY000] [1045] Access denied for user 'root'@'localhost' (using password: NO)
[11-Nov-2025 11:20:26 Europe/Berlin] Database connection established successfully
[11-Nov-2025 11:37:59 Europe/Berlin] DB connect failed for root@localhost:3306/blood_system: SQLSTATE[HY000] [1045] Access denied for user 'root'@'localhost' (using password: NO)
[11-Nov-2025 11:37:59 Europe/Berlin] DB connect failed for root@127.0.0.1:3306/blood_system: SQLSTATE[HY000] [1045] Access denied for user 'root'@'localhost' (using password: NO)
[11-Nov-2025 11:37:59 Europe/Berlin] DB connect failed for root@localhost:3306/blood_system: SQLSTATE[HY000] [1045] Access denied for user 'root'@'localhost' (using password: NO)
[11-Nov-2025 11:37:59 Europe/Berlin] Database connection established successfully
[11-Nov-2025 11:40:11 Europe/Berlin] DB connect failed for root@localhost:3306/blood_system: SQLSTATE[HY000] [1045] Access denied for user 'root'@'localhost' (using password: NO)
[11-Nov-2025 11:40:11 Europe/Berlin] DB connect failed for root@127.0.0.1:3306/blood_system: SQLSTATE[HY000] [1045] Access denied for user 'root'@'localhost' (using password: NO)
[11-Nov-2025 11:40:11 Europe/Berlin] DB connect failed for root@localhost:3306/blood_system: SQLSTATE[HY000] [1045] Access denied for user 'root'@'localhost' (using password: NO)
[11-Nov-2025 11:40:11 Europe/Berlin] Database connection established successfully
[11-Nov-2025 11:40:11 Europe/Berlin] DB connect failed for root@localhost:3306/blood_system: SQLSTATE[HY000] [1045] Access denied for user 'root'@'localhost' (using password: NO)
[11-Nov-2025 11:40:11 Europe/Berlin] DB connect failed for root@127.0.0.1:3306/blood_system: SQLSTATE[HY000] [1045] Access denied for user 'root'@'localhost' (using password: NO)
[11-Nov-2025 11:40:11 Europe/Berlin] DB connect failed for root@localhost:3306/blood_system: SQLSTATE[HY000] [1045] Access denied for user 'root'@'localhost' (using password: NO)
[11-Nov-2025 11:40:11 Europe/Berlin] Database connection established successfully
[11-Nov-2025 11:42:06 Europe/Berlin] DB connect failed for root@localhost:3306/blood_system: SQLSTATE[HY000] [1045] Access denied for user 'root'@'localhost' (using password: NO)
[11-Nov-2025 11:42:06 Europe/Berlin] DB connect failed for root@127.0.0.1:3306/blood_system: SQLSTATE[HY000] [1045] Access denied for user 'root'@'localhost' (using password: NO)
[11-Nov-2025 11:42:06 Europe/Berlin] DB connect failed for root@localhost:3306/blood_system: SQLSTATE[HY000] [1045] Access denied for user 'root'@'localhost' (using password: NO)
[11-Nov-2025 11:42:06 Europe/Berlin] Database connection established successfully
[11-Nov-2025 11:42:43 Europe/Berlin] DB connect failed for root@localhost:3306/blood_system: SQLSTATE[HY000] [1045] Access denied for user 'root'@'localhost' (using password: NO)
[11-Nov-2025 11:42:43 Europe/Berlin] DB connect failed for root@127.0.0.1:3306/blood_system: SQLSTATE[HY000] [1045] Access denied for user 'root'@'localhost' (using password: NO)
[11-Nov-2025 11:42:43 Europe/Berlin] DB connect failed for root@localhost:3306/blood_system: SQLSTATE[HY000] [1045] Access denied for user 'root'@'localhost' (using password: NO)
[11-Nov-2025 11:42:43 Europe/Berlin] Database connection established successfully
[11-Nov-2025 11:42:43 Europe/Berlin] DB connect failed for root@localhost:3306/blood_system: SQLSTATE[HY000] [1045] Access denied for user 'root'@'localhost' (using password: NO)
[11-Nov-2025 11:42:43 Europe/Berlin] DB connect failed for root@127.0.0.1:3306/blood_system: SQLSTATE[HY000] [1045] Access denied for user 'root'@'localhost' (using password: NO)
[11-Nov-2025 11:42:43 Europe/Berlin] DB connect failed for root@localhost:3306/blood_system: SQLSTATE[HY000] [1045] Access denied for user 'root'@'localhost' (using password: NO)
[11-Nov-2025 11:42:43 Europe/Berlin] Database connection established successfully
[11-Nov-2025 12:00:46 Europe/Berlin] DB connect failed for root@localhost:3306/blood_system: SQLSTATE[HY000] [1045] Access denied for user 'root'@'localhost' (using password: NO)
[11-Nov-2025 12:00:46 Europe/Berlin] DB connect failed for root@127.0.0.1:3306/blood_system: SQLSTATE[HY000] [1045] Access denied for user 'root'@'localhost' (using password: NO)
[11-Nov-2025 12:00:46 Europe/Berlin] DB connect failed for root@localhost:3306/blood_system: SQLSTATE[HY000] [1045] Access denied for user 'root'@'localhost' (using password: NO)
[11-Nov-2025 12:00:46 Europe/Berlin] Database connection established successfully
[11-Nov-2025 12:00:46 Europe/Berlin] DB connect failed for root@localhost:3306/blood_system: SQLSTATE[HY000] [1045] Access denied for user 'root'@'localhost' (using password: NO)
[11-Nov-2025 12:00:46 Europe/Berlin] DB connect failed for root@127.0.0.1:3306/blood_system: SQLSTATE[HY000] [1045] Access denied for user 'root'@'localhost' (using password: NO)
[11-Nov-2025 12:00:46 Europe/Berlin] DB connect failed for root@localhost:3306/blood_system: SQLSTATE[HY000] [1045] Access denied for user 'root'@'localhost' (using password: NO)
[11-Nov-2025 12:00:46 Europe/Berlin] Database connection established successfully
[11-Nov-2025 12:01:20 Europe/Berlin] DB connect failed for root@localhost:3306/blood_system: SQLSTATE[HY000] [1045] Access denied for user 'root'@'localhost' (using password: NO)
[11-Nov-2025 12:01:20 Europe/Berlin] DB connect failed for root@127.0.0.1:3306/blood_system: SQLSTATE[HY000] [1045] Access denied for user 'root'@'localhost' (using password: NO)
[11-Nov-2025 12:01:20 Europe/Berlin] DB connect failed for root@localhost:3306/blood_system: SQLSTATE[HY000] [1045] Access denied for user 'root'@'localhost' (using password: NO)
[11-Nov-2025 12:01:20 Europe/Berlin] Database connection established successfully
[11-Nov-2025 12:13:42 Europe/Berlin] DB connect failed for root@localhost:3306/blood_system: SQLSTATE[HY000] [1045] Access denied for user 'root'@'localhost' (using password: NO)
[11-Nov-2025 12:13:42 Europe/Berlin] DB connect failed for root@127.0.0.1:3306/blood_system: SQLSTATE[HY000] [1045] Access denied for user 'root'@'localhost' (using password: NO)
[11-Nov-2025 12:13:42 Europe/Berlin] DB connect failed for root@localhost:3306/blood_system: SQLSTATE[HY000] [1045] Access denied for user 'root'@'localhost' (using password: NO)
[11-Nov-2025 12:13:42 Europe/Berlin] Database connection established successfully
[11-Nov-2025 12:25:16 Europe/Berlin] DB connect failed for root@localhost:3306/blood_system: SQLSTATE[HY000] [1045] Access denied for user 'root'@'localhost' (using password: NO)
[11-Nov-2025 12:25:16 Europe/Berlin] DB connect failed for root@127.0.0.1:3306/blood_system: SQLSTATE[HY000] [1045] Access denied for user 'root'@'localhost' (using password: NO)
[11-Nov-2025 12:25:16 Europe/Berlin] DB connect failed for root@localhost:3306/blood_system: SQLSTATE[HY000] [1045] Access denied for user 'root'@'localhost' (using password: NO)
[11-Nov-2025 12:25:16 Europe/Berlin] Database connection established successfully
[11-Nov-2025 12:36:02 Europe/Berlin] DB connect failed for root@localhost:3306/blood_system: SQLSTATE[HY000] [1045] Access denied for user 'root'@'localhost' (using password: NO)
[11-Nov-2025 12:36:02 Europe/Berlin] DB connect failed for root@127.0.0.1:3306/blood_system: SQLSTATE[HY000] [1045] Access denied for user 'root'@'localhost' (using password: NO)
[11-Nov-2025 12:36:02 Europe/Berlin] DB connect failed for root@localhost:3306/blood_system: SQLSTATE[HY000] [1045] Access denied for user 'root'@'localhost' (using password: NO)
[11-Nov-2025 12:36:02 Europe/Berlin] Database connection established successfully
[11-Nov-2025 12:43:00 Europe/Berlin] DB connect failed for root@localhost:3306/blood_system: SQLSTATE[HY000] [1045] Access denied for user 'root'@'localhost' (using password: NO)
[11-Nov-2025 12:43:00 Europe/Berlin] DB connect failed for root@127.0.0.1:3306/blood_system: SQLSTATE[HY000] [1045] Access denied for user 'root'@'localhost' (using password: NO)
[11-Nov-2025 12:43:00 Europe/Berlin] DB connect failed for root@localhost:3306/blood_system: SQLSTATE[HY000] [1045] Access denied for user 'root'@'localhost' (using password: NO)
[11-Nov-2025 12:43:00 Europe/Berlin] Database connection established successfully
[11-Nov-2025 12:43:00 Europe/Berlin] DB connect failed for root@localhost:3306/blood_system: SQLSTATE[HY000] [1045] Access denied for user 'root'@'localhost' (using password: NO)
[11-Nov-2025 12:43:00 Europe/Berlin] DB connect failed for root@127.0.0.1:3306/blood_system: SQLSTATE[HY000] [1045] Access denied for user 'root'@'localhost' (using password: NO)
[11-Nov-2025 12:43:00 Europe/Berlin] DB connect failed for root@localhost:3306/blood_system: SQLSTATE[HY000] [1045] Access denied for user 'root'@'localhost' (using password: NO)
[11-Nov-2025 12:43:00 Europe/Berlin] Database connection established successfully
[11-Nov-2025 13:16:01 Europe/Berlin] DB connect failed for root@localhost:3306/blood_system: SQLSTATE[HY000] [1045] Access denied for user 'root'@'localhost' (using password: NO)
[11-Nov-2025 13:16:01 Europe/Berlin] DB connect failed for root@127.0.0.1:3306/blood_system: SQLSTATE[HY000] [1045] Access denied for user 'root'@'localhost' (using password: NO)
[11-Nov-2025 13:16:01 Europe/Berlin] DB connect failed for root@localhost:3306/blood_system: SQLSTATE[HY000] [1045] Access denied for user 'root'@'localhost' (using password: NO)
[11-Nov-2025 13:16:01 Europe/Berlin] Database connection established successfully
[11-Nov-2025 13:16:01 Europe/Berlin] DB connect failed for root@localhost:3306/blood_system: SQLSTATE[HY000] [1045] Access denied for user 'root'@'localhost' (using password: NO)
[11-Nov-2025 13:16:01 Europe/Berlin] DB connect failed for root@127.0.0.1:3306/blood_system: SQLSTATE[HY000] [1045] Access denied for user 'root'@'localhost' (using password: NO)
[11-Nov-2025 13:16:01 Europe/Berlin] DB connect failed for root@localhost:3306/blood_system: SQLSTATE[HY000] [1045] Access denied for user 'root'@'localhost' (using password: NO)
[11-Nov-2025 13:16:01 Europe/Berlin] Database connection established successfully
[11-Nov-2025 13:25:15 Europe/Berlin] DB connect failed for root@localhost:3306/blood_system: SQLSTATE[HY000] [1045] Access denied for user 'root'@'localhost' (using password: NO)
[11-Nov-2025 13:25:15 Europe/Berlin] DB connect failed for root@127.0.0.1:3306/blood_system: SQLSTATE[HY000] [1045] Access denied for user 'root'@'localhost' (using password: NO)
[11-Nov-2025 13:25:15 Europe/Berlin] DB connect failed for root@localhost:3306/blood_system: SQLSTATE[HY000] [1045] Access denied for user 'root'@'localhost' (using password: NO)
[11-Nov-2025 13:25:15 Europe/Berlin] Database connection established successfully
[11-Nov-2025 13:37:22 Europe/Berlin] DB connect failed for root@localhost:3306/blood_system: SQLSTATE[HY000] [1045] Access denied for user 'root'@'localhost' (using password: NO)
[11-Nov-2025 13:37:22 Europe/Berlin] DB connect failed for root@127.0.0.1:3306/blood_system: SQLSTATE[HY000] [1045] Access denied for user 'root'@'localhost' (using password: NO)
[11-Nov-2025 13:37:22 Europe/Berlin] DB connect failed for root@localhost:3306/blood_system: SQLSTATE[HY000] [1045] Access denied for user 'root'@'localhost' (using password: NO)
[11-Nov-2025 13:37:22 Europe/Berlin] Database connection established successfully
[11-Nov-2025 13:37:22 Europe/Berlin] Error checking if table exists: SQLSTATE[42000]: Syntax error or access violation: 1064 You have an error in your SQL syntax; check the manual that corresponds to your MariaDB server version for the right syntax to use near 'donors_new''' at line 1
[11-Nov-2025 13:37:22 Europe/Berlin] Error getting inventory: SQLSTATE[42000]: Syntax error or access violation: 1064 You have an error in your SQL syntax; check the manual that corresponds to your MariaDB server version for the right syntax to use near 'THEN 1 ELSE 0 END as expiring_soon
                FROM blood_inventory bi
...' at line 8
[11-Nov-2025 13:37:22 Europe/Berlin] Error checking if table exists: SQLSTATE[42000]: Syntax error or access violation: 1064 You have an error in your SQL syntax; check the manual that corresponds to your MariaDB server version for the right syntax to use near 'donors_new''' at line 1
[11-Nov-2025 13:37:22 Europe/Berlin] Inventory error: SQLSTATE[42000]: Syntax error or access violation: 1064 You have an error in your SQL syntax; check the manual that corresponds to your MariaDB server version for the right syntax to use near 'THEN 1 ELSE 0 END as expiring_soon,
                'blood_inventory' as data...' at line 3
[11-Nov-2025 13:37:22 Europe/Berlin] Error checking if table exists: SQLSTATE[42000]: Syntax error or access violation: 1064 You have an error in your SQL syntax; check the manual that corresponds to your MariaDB server version for the right syntax to use near 'donors_new''' at line 1
[11-Nov-2025 13:37:22 Europe/Berlin] Error getting inventory: SQLSTATE[42000]: Syntax error or access violation: 1064 You have an error in your SQL syntax; check the manual that corresponds to your MariaDB server version for the right syntax to use near 'THEN 1 ELSE 0 END as expiring_soon
                FROM blood_inventory bi
...' at line 8
[11-Nov-2025 13:37:22 Europe/Berlin] Error checking if table exists: SQLSTATE[42000]: Syntax error or access violation: 1064 You have an error in your SQL syntax; check the manual that corresponds to your MariaDB server version for the right syntax to use near 'donors_new''' at line 1
[11-Nov-2025 13:37:22 Europe/Berlin] Inventory error: SQLSTATE[42000]: Syntax error or access violation: 1064 You have an error in your SQL syntax; check the manual that corresponds to your MariaDB server version for the right syntax to use near 'THEN 1 ELSE 0 END as expiring_soon,
                'blood_inventory' as data...' at line 3
[11-Nov-2025 13:37:22 Europe/Berlin] Error checking if table exists: SQLSTATE[42000]: Syntax error or access violation: 1064 You have an error in your SQL syntax; check the manual that corresponds to your MariaDB server version for the right syntax to use near 'donors_new''' at line 1
[11-Nov-2025 13:37:22 Europe/Berlin] Error getting inventory: SQLSTATE[42000]: Syntax error or access violation: 1064 You have an error in your SQL syntax; check the manual that corresponds to your MariaDB server version for the right syntax to use near 'THEN 1 ELSE 0 END as expiring_soon
                FROM blood_inventory bi
...' at line 8
[11-Nov-2025 13:37:22 Europe/Berlin] Error checking if table exists: SQLSTATE[42000]: Syntax error or access violation: 1064 You have an error in your SQL syntax; check the manual that corresponds to your MariaDB server version for the right syntax to use near 'donors_new''' at line 1
[11-Nov-2025 13:37:22 Europe/Berlin] Inventory error: SQLSTATE[42000]: Syntax error or access violation: 1064 You have an error in your SQL syntax; check the manual that corresponds to your MariaDB server version for the right syntax to use near 'THEN 1 ELSE 0 END as expiring_soon,
                'blood_inventory' as data...' at line 3
[11-Nov-2025 13:37:22 Europe/Berlin] Error checking if table exists: SQLSTATE[42000]: Syntax error or access violation: 1064 You have an error in your SQL syntax; check the manual that corresponds to your MariaDB server version for the right syntax to use near 'donors_new''' at line 1
[11-Nov-2025 13:37:22 Europe/Berlin] Error getting inventory: SQLSTATE[42000]: Syntax error or access violation: 1064 You have an error in your SQL syntax; check the manual that corresponds to your MariaDB server version for the right syntax to use near 'THEN 1 ELSE 0 END as expiring_soon
                FROM blood_inventory bi
...' at line 8
[11-Nov-2025 13:37:22 Europe/Berlin] Error checking if table exists: SQLSTATE[42000]: Syntax error or access violation: 1064 You have an error in your SQL syntax; check the manual that corresponds to your MariaDB server version for the right syntax to use near 'donors_new''' at line 1
[11-Nov-2025 13:37:22 Europe/Berlin] Inventory error: SQLSTATE[42000]: Syntax error or access violation: 1064 You have an error in your SQL syntax; check the manual that corresponds to your MariaDB server version for the right syntax to use near 'THEN 1 ELSE 0 END as expiring_soon,
                'blood_inventory' as data...' at line 3
[11-Nov-2025 13:37:22 Europe/Berlin] Error checking if table exists: SQLSTATE[42000]: Syntax error or access violation: 1064 You have an error in your SQL syntax; check the manual that corresponds to your MariaDB server version for the right syntax to use near 'donors_new''' at line 1
[11-Nov-2025 13:37:22 Europe/Berlin] Error getting inventory: SQLSTATE[42000]: Syntax error or access violation: 1064 You have an error in your SQL syntax; check the manual that corresponds to your MariaDB server version for the right syntax to use near 'THEN 1 ELSE 0 END as expiring_soon
                FROM blood_inventory bi
...' at line 8
[11-Nov-2025 13:37:22 Europe/Berlin] Error checking if table exists: SQLSTATE[42000]: Syntax error or access violation: 1064 You have an error in your SQL syntax; check the manual that corresponds to your MariaDB server version for the right syntax to use near 'donors_new''' at line 1
[11-Nov-2025 13:37:22 Europe/Berlin] Inventory error: SQLSTATE[42000]: Syntax error or access violation: 1064 You have an error in your SQL syntax; check the manual that corresponds to your MariaDB server version for the right syntax to use near 'THEN 1 ELSE 0 END as expiring_soon,
                'blood_inventory' as data...' at line 3
[11-Nov-2025 13:37:22 Europe/Berlin] Error checking if table exists: SQLSTATE[42000]: Syntax error or access violation: 1064 You have an error in your SQL syntax; check the manual that corresponds to your MariaDB server version for the right syntax to use near 'donors_new''' at line 1
[11-Nov-2025 13:37:22 Europe/Berlin] Error getting inventory: SQLSTATE[42000]: Syntax error or access violation: 1064 You have an error in your SQL syntax; check the manual that corresponds to your MariaDB server version for the right syntax to use near 'THEN 1 ELSE 0 END as expiring_soon
                FROM blood_inventory bi
...' at line 8
[11-Nov-2025 13:37:22 Europe/Berlin] Inventory error: SQLSTATE[42000]: Syntax error or access violation: 1064 You have an error in your SQL syntax; check the manual that corresponds to your MariaDB server version for the right syntax to use near 'THEN 1 ELSE 0 END as expiring_soon,
                'blood_inventory' as data...' at line 3
[11-Nov-2025 13:37:22 Europe/Berlin] PHP Warning:  Cannot modify header information - headers already sent by (output started at C:\xampp\htdocs\blood-donation-pwa-1\tests\inventory_manager_consistency.php:100) in C:\xampp\htdocs\blood-donation-pwa-1\admin.php on line 23
[11-Nov-2025 13:37:22 Europe/Berlin] PHP Warning:  Cannot modify header information - headers already sent by (output started at C:\xampp\htdocs\blood-donation-pwa-1\tests\inventory_manager_consistency.php:100) in C:\xampp\htdocs\blood-donation-pwa-1\admin.php on line 24
[11-Nov-2025 13:37:22 Europe/Berlin] PHP Warning:  Cannot modify header information - headers already sent by (output started at C:\xampp\htdocs\blood-donation-pwa-1\tests\inventory_manager_consistency.php:100) in C:\xampp\htdocs\blood-donation-pwa-1\admin.php on line 25
[11-Nov-2025 13:37:22 Europe/Berlin] PHP Warning:  Cannot modify header information - headers already sent by (output started at C:\xampp\htdocs\blood-donation-pwa-1\tests\inventory_manager_consistency.php:100) in C:\xampp\htdocs\blood-donation-pwa-1\admin.php on line 26
[11-Nov-2025 13:37:22 Europe/Berlin] PHP Warning:  Undefined array key "REQUEST_METHOD" in C:\xampp\htdocs\blood-donation-pwa-1\admin.php on line 81
[11-Nov-2025 13:37:22 Europe/Berlin] PHP Warning:  Constant INCLUDES_PATH already defined in C:\xampp\htdocs\blood-donation-pwa-1\admin.php on line 158
[11-Nov-2025 13:37:22 Europe/Berlin] PHP Warning:  Undefined array key "REQUEST_METHOD" in C:\xampp\htdocs\blood-donation-pwa-1\admin.php on line 164
[11-Nov-2025 13:37:23 Europe/Berlin] Donor not found in approveDonor: 132
[11-Nov-2025 13:37:23 Europe/Berlin] Error approving donor: Donor not found
[11-Nov-2025 13:37:23 Europe/Berlin] Error updating donor status: Donor not found
[11-Nov-2025 13:37:23 Europe/Berlin] Stack trace: #0 C:\xampp\htdocs\blood-donation-pwa-1\tests\test_donor_approval.php(43): updateDonorStatus(Object(PDO), 133, 'rejected', 'Test rejection ...', 1)
#1 C:\xampp\htdocs\blood-donation-pwa-1\tests\run_all_tests.php(41): require_once('C:\\xampp\\htdocs...')
#2 {main}
[11-Nov-2025 13:37:23 Europe/Berlin] Error checking if table exists: SQLSTATE[42000]: Syntax error or access violation: 1064 You have an error in your SQL syntax; check the manual that corresponds to your MariaDB server version for the right syntax to use near 'blood_inventory''' at line 1
[11-Nov-2025 13:37:23 Europe/Berlin] PHP Fatal error:  Cannot redeclare buildPaginationUrl() (previously declared in C:\xampp\htdocs\blood-donation-pwa-1\admin.php:697) in C:\xampp\htdocs\blood-donation-pwa-1\admin.php on line 700
[11-Nov-2025 13:39:32 Europe/Berlin] DB connect failed for root@localhost:3306/blood_system: SQLSTATE[HY000] [1045] Access denied for user 'root'@'localhost' (using password: NO)
[11-Nov-2025 13:39:32 Europe/Berlin] DB connect failed for root@127.0.0.1:3306/blood_system: SQLSTATE[HY000] [1045] Access denied for user 'root'@'localhost' (using password: NO)
[11-Nov-2025 13:39:32 Europe/Berlin] DB connect failed for root@localhost:3306/blood_system: SQLSTATE[HY000] [1045] Access denied for user 'root'@'localhost' (using password: NO)
[11-Nov-2025 13:39:32 Europe/Berlin] Database connection established successfully
[11-Nov-2025 13:39:32 Europe/Berlin] Error checking if table exists: SQLSTATE[42000]: Syntax error or access violation: 1064 You have an error in your SQL syntax; check the manual that corresponds to your MariaDB server version for the right syntax to use near 'donors_new''' at line 1
[11-Nov-2025 13:39:32 Europe/Berlin] Error getting inventory: SQLSTATE[42000]: Syntax error or access violation: 1064 You have an error in your SQL syntax; check the manual that corresponds to your MariaDB server version for the right syntax to use near 'THEN 1 ELSE 0 END as expiring_soon
                FROM blood_inventory bi
...' at line 8
[11-Nov-2025 13:39:32 Europe/Berlin] Error checking if table exists: SQLSTATE[42000]: Syntax error or access violation: 1064 You have an error in your SQL syntax; check the manual that corresponds to your MariaDB server version for the right syntax to use near 'donors_new''' at line 1
[11-Nov-2025 13:39:32 Europe/Berlin] Inventory error: SQLSTATE[42000]: Syntax error or access violation: 1064 You have an error in your SQL syntax; check the manual that corresponds to your MariaDB server version for the right syntax to use near 'THEN 1 ELSE 0 END as expiring_soon,
                'blood_inventory' as data...' at line 3
[11-Nov-2025 13:39:32 Europe/Berlin] Error checking if table exists: SQLSTATE[42000]: Syntax error or access violation: 1064 You have an error in your SQL syntax; check the manual that corresponds to your MariaDB server version for the right syntax to use near 'donors_new''' at line 1
[11-Nov-2025 13:39:32 Europe/Berlin] Error getting inventory: SQLSTATE[42000]: Syntax error or access violation: 1064 You have an error in your SQL syntax; check the manual that corresponds to your MariaDB server version for the right syntax to use near 'THEN 1 ELSE 0 END as expiring_soon
                FROM blood_inventory bi
...' at line 8
[11-Nov-2025 13:39:32 Europe/Berlin] Error checking if table exists: SQLSTATE[42000]: Syntax error or access violation: 1064 You have an error in your SQL syntax; check the manual that corresponds to your MariaDB server version for the right syntax to use near 'donors_new''' at line 1
[11-Nov-2025 13:39:32 Europe/Berlin] Inventory error: SQLSTATE[42000]: Syntax error or access violation: 1064 You have an error in your SQL syntax; check the manual that corresponds to your MariaDB server version for the right syntax to use near 'THEN 1 ELSE 0 END as expiring_soon,
                'blood_inventory' as data...' at line 3
[11-Nov-2025 13:39:32 Europe/Berlin] Error checking if table exists: SQLSTATE[42000]: Syntax error or access violation: 1064 You have an error in your SQL syntax; check the manual that corresponds to your MariaDB server version for the right syntax to use near 'donors_new''' at line 1
[11-Nov-2025 13:39:32 Europe/Berlin] Error getting inventory: SQLSTATE[42000]: Syntax error or access violation: 1064 You have an error in your SQL syntax; check the manual that corresponds to your MariaDB server version for the right syntax to use near 'THEN 1 ELSE 0 END as expiring_soon
                FROM blood_inventory bi
...' at line 8
[11-Nov-2025 13:39:32 Europe/Berlin] Error checking if table exists: SQLSTATE[42000]: Syntax error or access violation: 1064 You have an error in your SQL syntax; check the manual that corresponds to your MariaDB server version for the right syntax to use near 'donors_new''' at line 1
[11-Nov-2025 13:39:32 Europe/Berlin] Inventory error: SQLSTATE[42000]: Syntax error or access violation: 1064 You have an error in your SQL syntax; check the manual that corresponds to your MariaDB server version for the right syntax to use near 'THEN 1 ELSE 0 END as expiring_soon,
                'blood_inventory' as data...' at line 3
[11-Nov-2025 13:39:32 Europe/Berlin] Error checking if table exists: SQLSTATE[42000]: Syntax error or access violation: 1064 You have an error in your SQL syntax; check the manual that corresponds to your MariaDB server version for the right syntax to use near 'donors_new''' at line 1
[11-Nov-2025 13:39:32 Europe/Berlin] Error getting inventory: SQLSTATE[42000]: Syntax error or access violation: 1064 You have an error in your SQL syntax; check the manual that corresponds to your MariaDB server version for the right syntax to use near 'THEN 1 ELSE 0 END as expiring_soon
                FROM blood_inventory bi
...' at line 8
[11-Nov-2025 13:39:32 Europe/Berlin] Error checking if table exists: SQLSTATE[42000]: Syntax error or access violation: 1064 You have an error in your SQL syntax; check the manual that corresponds to your MariaDB server version for the right syntax to use near 'donors_new''' at line 1
[11-Nov-2025 13:39:32 Europe/Berlin] Inventory error: SQLSTATE[42000]: Syntax error or access violation: 1064 You have an error in your SQL syntax; check the manual that corresponds to your MariaDB server version for the right syntax to use near 'THEN 1 ELSE 0 END as expiring_soon,
                'blood_inventory' as data...' at line 3
[11-Nov-2025 13:39:32 Europe/Berlin] Error checking if table exists: SQLSTATE[42000]: Syntax error or access violation: 1064 You have an error in your SQL syntax; check the manual that corresponds to your MariaDB server version for the right syntax to use near 'donors_new''' at line 1
[11-Nov-2025 13:39:32 Europe/Berlin] Error getting inventory: SQLSTATE[42000]: Syntax error or access violation: 1064 You have an error in your SQL syntax; check the manual that corresponds to your MariaDB server version for the right syntax to use near 'THEN 1 ELSE 0 END as expiring_soon
                FROM blood_inventory bi
...' at line 8
[11-Nov-2025 13:39:32 Europe/Berlin] Error checking if table exists: SQLSTATE[42000]: Syntax error or access violation: 1064 You have an error in your SQL syntax; check the manual that corresponds to your MariaDB server version for the right syntax to use near 'donors_new''' at line 1
[11-Nov-2025 13:39:32 Europe/Berlin] Inventory error: SQLSTATE[42000]: Syntax error or access violation: 1064 You have an error in your SQL syntax; check the manual that corresponds to your MariaDB server version for the right syntax to use near 'THEN 1 ELSE 0 END as expiring_soon,
                'blood_inventory' as data...' at line 3
[11-Nov-2025 13:39:32 Europe/Berlin] Error checking if table exists: SQLSTATE[42000]: Syntax error or access violation: 1064 You have an error in your SQL syntax; check the manual that corresponds to your MariaDB server version for the right syntax to use near 'donors_new''' at line 1
[11-Nov-2025 13:39:32 Europe/Berlin] Error getting inventory: SQLSTATE[42000]: Syntax error or access violation: 1064 You have an error in your SQL syntax; check the manual that corresponds to your MariaDB server version for the right syntax to use near 'THEN 1 ELSE 0 END as expiring_soon
                FROM blood_inventory bi
...' at line 8
[11-Nov-2025 13:39:32 Europe/Berlin] Inventory error: SQLSTATE[42000]: Syntax error or access violation: 1064 You have an error in your SQL syntax; check the manual that corresponds to your MariaDB server version for the right syntax to use near 'THEN 1 ELSE 0 END as expiring_soon,
                'blood_inventory' as data...' at line 3
[11-Nov-2025 13:39:32 Europe/Berlin] PHP Warning:  Cannot modify header information - headers already sent by (output started at C:\xampp\htdocs\blood-donation-pwa-1\tests\inventory_manager_consistency.php:100) in C:\xampp\htdocs\blood-donation-pwa-1\admin.php on line 23
[11-Nov-2025 13:39:32 Europe/Berlin] PHP Warning:  Cannot modify header information - headers already sent by (output started at C:\xampp\htdocs\blood-donation-pwa-1\tests\inventory_manager_consistency.php:100) in C:\xampp\htdocs\blood-donation-pwa-1\admin.php on line 24
[11-Nov-2025 13:39:32 Europe/Berlin] PHP Warning:  Cannot modify header information - headers already sent by (output started at C:\xampp\htdocs\blood-donation-pwa-1\tests\inventory_manager_consistency.php:100) in C:\xampp\htdocs\blood-donation-pwa-1\admin.php on line 25
[11-Nov-2025 13:39:32 Europe/Berlin] PHP Warning:  Cannot modify header information - headers already sent by (output started at C:\xampp\htdocs\blood-donation-pwa-1\tests\inventory_manager_consistency.php:100) in C:\xampp\htdocs\blood-donation-pwa-1\admin.php on line 26
[11-Nov-2025 13:39:32 Europe/Berlin] PHP Warning:  Undefined array key "REQUEST_METHOD" in C:\xampp\htdocs\blood-donation-pwa-1\admin.php on line 81
[11-Nov-2025 13:39:32 Europe/Berlin] PHP Warning:  Constant INCLUDES_PATH already defined in C:\xampp\htdocs\blood-donation-pwa-1\admin.php on line 158
[11-Nov-2025 13:39:32 Europe/Berlin] PHP Warning:  Undefined array key "REQUEST_METHOD" in C:\xampp\htdocs\blood-donation-pwa-1\admin.php on line 164
[11-Nov-2025 13:39:32 Europe/Berlin] Donor not found in approveDonor: 134
[11-Nov-2025 13:39:32 Europe/Berlin] Error approving donor: Donor not found
[11-Nov-2025 13:39:32 Europe/Berlin] Error updating donor status: Donor not found
[11-Nov-2025 13:39:32 Europe/Berlin] Stack trace: #0 C:\xampp\htdocs\blood-donation-pwa-1\tests\test_donor_approval.php(43): updateDonorStatus(Object(PDO), 135, 'rejected', 'Test rejection ...', 1)
#1 C:\xampp\htdocs\blood-donation-pwa-1\tests\run_all_tests.php(41): require_once('C:\\xampp\\htdocs...')
#2 {main}
[11-Nov-2025 13:39:32 Europe/Berlin] Error checking if table exists: SQLSTATE[42000]: Syntax error or access violation: 1064 You have an error in your SQL syntax; check the manual that corresponds to your MariaDB server version for the right syntax to use near 'blood_inventory''' at line 1
[11-Nov-2025 13:39:32 Europe/Berlin] PHP Warning:  Cannot modify header information - headers already sent by (output started at C:\xampp\htdocs\blood-donation-pwa-1\tests\inventory_manager_consistency.php:100) in C:\xampp\htdocs\blood-donation-pwa-1\admin.php on line 23
[11-Nov-2025 13:39:32 Europe/Berlin] PHP Warning:  Cannot modify header information - headers already sent by (output started at C:\xampp\htdocs\blood-donation-pwa-1\tests\inventory_manager_consistency.php:100) in C:\xampp\htdocs\blood-donation-pwa-1\admin.php on line 24
[11-Nov-2025 13:39:32 Europe/Berlin] PHP Warning:  Cannot modify header information - headers already sent by (output started at C:\xampp\htdocs\blood-donation-pwa-1\tests\inventory_manager_consistency.php:100) in C:\xampp\htdocs\blood-donation-pwa-1\admin.php on line 25
[11-Nov-2025 13:39:32 Europe/Berlin] PHP Warning:  Cannot modify header information - headers already sent by (output started at C:\xampp\htdocs\blood-donation-pwa-1\tests\inventory_manager_consistency.php:100) in C:\xampp\htdocs\blood-donation-pwa-1\admin.php on line 26
[11-Nov-2025 13:39:32 Europe/Berlin] PHP Warning:  Undefined array key "REQUEST_METHOD" in C:\xampp\htdocs\blood-donation-pwa-1\admin.php on line 81
[11-Nov-2025 13:39:32 Europe/Berlin] PHP Warning:  Constant INCLUDES_PATH already defined in C:\xampp\htdocs\blood-donation-pwa-1\admin.php on line 158
[11-Nov-2025 13:39:32 Europe/Berlin] PHP Warning:  Undefined array key "REQUEST_METHOD" in C:\xampp\htdocs\blood-donation-pwa-1\admin.php on line 164
[11-Nov-2025 20:39:32 Asia/Manila] Error checking if table exists: SQLSTATE[42000]: Syntax error or access violation: 1064 You have an error in your SQL syntax; check the manual that corresponds to your MariaDB server version for the right syntax to use near 'donors_new''' at line 1
[11-Nov-2025 20:39:32 Asia/Manila] PHP Warning:  Undefined array key "status" in C:\xampp\htdocs\blood-donation-pwa-1\includes\admin-tabs.php on line 724
[11-Nov-2025 20:39:32 Asia/Manila] PHP Fatal error:  Cannot redeclare tableExists() (previously declared in C:\xampp\htdocs\blood-donation-pwa-1\db.php:164) in C:\xampp\htdocs\blood-donation-pwa-1\tests\diagnose_screening_data.php on line 50
[11-Nov-2025 13:39:52 Europe/Berlin] DB connect failed for root@localhost:3306/blood_system: SQLSTATE[HY000] [1045] Access denied for user 'root'@'localhost' (using password: NO)
[11-Nov-2025 13:39:52 Europe/Berlin] DB connect failed for root@127.0.0.1:3306/blood_system: SQLSTATE[HY000] [1045] Access denied for user 'root'@'localhost' (using password: NO)
[11-Nov-2025 13:39:52 Europe/Berlin] DB connect failed for root@localhost:3306/blood_system: SQLSTATE[HY000] [1045] Access denied for user 'root'@'localhost' (using password: NO)
[11-Nov-2025 13:39:52 Europe/Berlin] Database connection established successfully
[11-Nov-2025 13:39:52 Europe/Berlin] Error checking if table exists: SQLSTATE[42000]: Syntax error or access violation: 1064 You have an error in your SQL syntax; check the manual that corresponds to your MariaDB server version for the right syntax to use near 'donations_new''' at line 1
[11-Nov-2025 13:39:52 Europe/Berlin] Error checking if table exists: SQLSTATE[42000]: Syntax error or access violation: 1064 You have an error in your SQL syntax; check the manual that corresponds to your MariaDB server version for the right syntax to use near 'admin_audit_log''' at line 1
[11-Nov-2025 13:39:52 Europe/Berlin] Error checking if table exists: SQLSTATE[42000]: Syntax error or access violation: 1064 You have an error in your SQL syntax; check the manual that corresponds to your MariaDB server version for the right syntax to use near 'blood_inventory''' at line 1
[11-Nov-2025 20:39:53 Asia/Manila] ✓ Audit logged: donor_served on donors (ID: 2) by admin
[11-Nov-2025 20:39:53 Asia/Manila] ✓ Audit logged: donor_served on donors (ID: 2) by admin
[11-Nov-2025 20:39:53 Asia/Manila] ✓ Audit logged: donor_served on donors (ID: 3) by admin
[11-Nov-2025 20:39:53 Asia/Manila] PHP Fatal error:  Uncaught ArgumentCountError: Too few arguments to function t_result(), 0 passed in C:\xampp\htdocs\blood-donation-pwa-1\tests\test_mark_donor_served.php on line 235 and at least 2 expected in C:\xampp\htdocs\blood-donation-pwa-1\tests\utils.php:25
Stack trace:
#0 C:\xampp\htdocs\blood-donation-pwa-1\tests\test_mark_donor_served.php(235): t_result()
#1 {main}
  thrown in C:\xampp\htdocs\blood-donation-pwa-1\tests\utils.php on line 25
[11-Nov-2025 13:51:52 Europe/Berlin] DB connect failed for root@localhost:3306/blood_system: SQLSTATE[HY000] [1045] Access denied for user 'root'@'localhost' (using password: NO)
[11-Nov-2025 13:51:52 Europe/Berlin] DB connect failed for root@127.0.0.1:3306/blood_system: SQLSTATE[HY000] [1045] Access denied for user 'root'@'localhost' (using password: NO)
[11-Nov-2025 13:51:52 Europe/Berlin] DB connect failed for root@localhost:3306/blood_system: SQLSTATE[HY000] [1045] Access denied for user 'root'@'localhost' (using password: NO)
[11-Nov-2025 13:51:52 Europe/Berlin] Database connection established successfully
[11-Nov-2025 13:51:52 Europe/Berlin] Error checking if table exists: SQLSTATE[42000]: Syntax error or access violation: 1064 You have an error in your SQL syntax; check the manual that corresponds to your MariaDB server version for the right syntax to use near 'donations_new''' at line 1
[11-Nov-2025 13:51:52 Europe/Berlin] Error checking if table exists: SQLSTATE[42000]: Syntax error or access violation: 1064 You have an error in your SQL syntax; check the manual that corresponds to your MariaDB server version for the right syntax to use near 'admin_audit_log''' at line 1
[11-Nov-2025 13:51:52 Europe/Berlin] Error checking if table exists: SQLSTATE[42000]: Syntax error or access violation: 1064 You have an error in your SQL syntax; check the manual that corresponds to your MariaDB server version for the right syntax to use near 'blood_inventory''' at line 1
[11-Nov-2025 13:51:52 Europe/Berlin] PHP Fatal error:  Uncaught PDOException: SQLSTATE[23000]: Integrity constraint violation: 1062 Duplicate entry 'unit_id_test@example.com' for key 'email' in C:\xampp\htdocs\blood-donation-pwa-1\tests\test_mark_donor_served.php:153
Stack trace:
#0 C:\xampp\htdocs\blood-donation-pwa-1\tests\test_mark_donor_served.php(153): PDOStatement->execute(Array)
#1 {main}
  thrown in C:\xampp\htdocs\blood-donation-pwa-1\tests\test_mark_donor_served.php on line 153
[11-Nov-2025 13:53:38 Europe/Berlin] DB connect failed for root@localhost:3306/blood_system: SQLSTATE[HY000] [1045] Access denied for user 'root'@'localhost' (using password: NO)
[11-Nov-2025 13:53:38 Europe/Berlin] DB connect failed for root@127.0.0.1:3306/blood_system: SQLSTATE[HY000] [1045] Access denied for user 'root'@'localhost' (using password: NO)
[11-Nov-2025 13:53:38 Europe/Berlin] DB connect failed for root@localhost:3306/blood_system: SQLSTATE[HY000] [1045] Access denied for user 'root'@'localhost' (using password: NO)
[11-Nov-2025 13:53:38 Europe/Berlin] Database connection established successfully
[11-Nov-2025 13:53:38 Europe/Berlin] Error checking if table exists: SQLSTATE[42000]: Syntax error or access violation: 1064 You have an error in your SQL syntax; check the manual that corresponds to your MariaDB server version for the right syntax to use near 'donors_new''' at line 1
[11-Nov-2025 13:53:38 Europe/Berlin] Error getting inventory: SQLSTATE[42000]: Syntax error or access violation: 1064 You have an error in your SQL syntax; check the manual that corresponds to your MariaDB server version for the right syntax to use near 'THEN 1 ELSE 0 END as expiring_soon
                FROM blood_inventory bi
...' at line 8
[11-Nov-2025 13:53:38 Europe/Berlin] Error checking if table exists: SQLSTATE[42000]: Syntax error or access violation: 1064 You have an error in your SQL syntax; check the manual that corresponds to your MariaDB server version for the right syntax to use near 'donors_new''' at line 1
[11-Nov-2025 13:53:38 Europe/Berlin] Inventory error: SQLSTATE[42000]: Syntax error or access violation: 1064 You have an error in your SQL syntax; check the manual that corresponds to your MariaDB server version for the right syntax to use near 'THEN 1 ELSE 0 END as expiring_soon,
                'blood_inventory' as data...' at line 3
[11-Nov-2025 13:53:38 Europe/Berlin] Error checking if table exists: SQLSTATE[42000]: Syntax error or access violation: 1064 You have an error in your SQL syntax; check the manual that corresponds to your MariaDB server version for the right syntax to use near 'donors_new''' at line 1
[11-Nov-2025 13:53:38 Europe/Berlin] Error getting inventory: SQLSTATE[42000]: Syntax error or access violation: 1064 You have an error in your SQL syntax; check the manual that corresponds to your MariaDB server version for the right syntax to use near 'THEN 1 ELSE 0 END as expiring_soon
                FROM blood_inventory bi
...' at line 8
[11-Nov-2025 13:53:38 Europe/Berlin] Error checking if table exists: SQLSTATE[42000]: Syntax error or access violation: 1064 You have an error in your SQL syntax; check the manual that corresponds to your MariaDB server version for the right syntax to use near 'donors_new''' at line 1
[11-Nov-2025 13:53:38 Europe/Berlin] Inventory error: SQLSTATE[42000]: Syntax error or access violation: 1064 You have an error in your SQL syntax; check the manual that corresponds to your MariaDB server version for the right syntax to use near 'THEN 1 ELSE 0 END as expiring_soon,
                'blood_inventory' as data...' at line 3
[11-Nov-2025 13:53:38 Europe/Berlin] Error checking if table exists: SQLSTATE[42000]: Syntax error or access violation: 1064 You have an error in your SQL syntax; check the manual that corresponds to your MariaDB server version for the right syntax to use near 'donors_new''' at line 1
[11-Nov-2025 13:53:38 Europe/Berlin] Error getting inventory: SQLSTATE[42000]: Syntax error or access violation: 1064 You have an error in your SQL syntax; check the manual that corresponds to your MariaDB server version for the right syntax to use near 'THEN 1 ELSE 0 END as expiring_soon
                FROM blood_inventory bi
...' at line 8
[11-Nov-2025 13:53:38 Europe/Berlin] Error checking if table exists: SQLSTATE[42000]: Syntax error or access violation: 1064 You have an error in your SQL syntax; check the manual that corresponds to your MariaDB server version for the right syntax to use near 'donors_new''' at line 1
[11-Nov-2025 13:53:38 Europe/Berlin] Inventory error: SQLSTATE[42000]: Syntax error or access violation: 1064 You have an error in your SQL syntax; check the manual that corresponds to your MariaDB server version for the right syntax to use near 'THEN 1 ELSE 0 END as expiring_soon,
                'blood_inventory' as data...' at line 3
[11-Nov-2025 13:53:38 Europe/Berlin] Error checking if table exists: SQLSTATE[42000]: Syntax error or access violation: 1064 You have an error in your SQL syntax; check the manual that corresponds to your MariaDB server version for the right syntax to use near 'donors_new''' at line 1
[11-Nov-2025 13:53:38 Europe/Berlin] Error getting inventory: SQLSTATE[42000]: Syntax error or access violation: 1064 You have an error in your SQL syntax; check the manual that corresponds to your MariaDB server version for the right syntax to use near 'THEN 1 ELSE 0 END as expiring_soon
                FROM blood_inventory bi
...' at line 8
[11-Nov-2025 13:53:38 Europe/Berlin] Error checking if table exists: SQLSTATE[42000]: Syntax error or access violation: 1064 You have an error in your SQL syntax; check the manual that corresponds to your MariaDB server version for the right syntax to use near 'donors_new''' at line 1
[11-Nov-2025 13:53:38 Europe/Berlin] Inventory error: SQLSTATE[42000]: Syntax error or access violation: 1064 You have an error in your SQL syntax; check the manual that corresponds to your MariaDB server version for the right syntax to use near 'THEN 1 ELSE 0 END as expiring_soon,
                'blood_inventory' as data...' at line 3
[11-Nov-2025 13:53:38 Europe/Berlin] Error checking if table exists: SQLSTATE[42000]: Syntax error or access violation: 1064 You have an error in your SQL syntax; check the manual that corresponds to your MariaDB server version for the right syntax to use near 'donors_new''' at line 1
[11-Nov-2025 13:53:38 Europe/Berlin] Error getting inventory: SQLSTATE[42000]: Syntax error or access violation: 1064 You have an error in your SQL syntax; check the manual that corresponds to your MariaDB server version for the right syntax to use near 'THEN 1 ELSE 0 END as expiring_soon
                FROM blood_inventory bi
...' at line 8
[11-Nov-2025 13:53:38 Europe/Berlin] Error checking if table exists: SQLSTATE[42000]: Syntax error or access violation: 1064 You have an error in your SQL syntax; check the manual that corresponds to your MariaDB server version for the right syntax to use near 'donors_new''' at line 1
[11-Nov-2025 13:53:38 Europe/Berlin] Inventory error: SQLSTATE[42000]: Syntax error or access violation: 1064 You have an error in your SQL syntax; check the manual that corresponds to your MariaDB server version for the right syntax to use near 'THEN 1 ELSE 0 END as expiring_soon,
                'blood_inventory' as data...' at line 3
[11-Nov-2025 13:53:38 Europe/Berlin] Error checking if table exists: SQLSTATE[42000]: Syntax error or access violation: 1064 You have an error in your SQL syntax; check the manual that corresponds to your MariaDB server version for the right syntax to use near 'donors_new''' at line 1
[11-Nov-2025 13:53:38 Europe/Berlin] Error getting inventory: SQLSTATE[42000]: Syntax error or access violation: 1064 You have an error in your SQL syntax; check the manual that corresponds to your MariaDB server version for the right syntax to use near 'THEN 1 ELSE 0 END as expiring_soon
                FROM blood_inventory bi
...' at line 8
[11-Nov-2025 13:53:38 Europe/Berlin] Inventory error: SQLSTATE[42000]: Syntax error or access violation: 1064 You have an error in your SQL syntax; check the manual that corresponds to your MariaDB server version for the right syntax to use near 'THEN 1 ELSE 0 END as expiring_soon,
                'blood_inventory' as data...' at line 3
[11-Nov-2025 13:53:38 Europe/Berlin] PHP Warning:  Cannot modify header information - headers already sent by (output started at C:\xampp\htdocs\blood-donation-pwa-1\tests\inventory_manager_consistency.php:100) in C:\xampp\htdocs\blood-donation-pwa-1\admin.php on line 23
[11-Nov-2025 13:53:38 Europe/Berlin] PHP Warning:  Cannot modify header information - headers already sent by (output started at C:\xampp\htdocs\blood-donation-pwa-1\tests\inventory_manager_consistency.php:100) in C:\xampp\htdocs\blood-donation-pwa-1\admin.php on line 24
[11-Nov-2025 13:53:38 Europe/Berlin] PHP Warning:  Cannot modify header information - headers already sent by (output started at C:\xampp\htdocs\blood-donation-pwa-1\tests\inventory_manager_consistency.php:100) in C:\xampp\htdocs\blood-donation-pwa-1\admin.php on line 25
[11-Nov-2025 13:53:38 Europe/Berlin] PHP Warning:  Cannot modify header information - headers already sent by (output started at C:\xampp\htdocs\blood-donation-pwa-1\tests\inventory_manager_consistency.php:100) in C:\xampp\htdocs\blood-donation-pwa-1\admin.php on line 26
[11-Nov-2025 13:53:38 Europe/Berlin] PHP Warning:  Undefined array key "REQUEST_METHOD" in C:\xampp\htdocs\blood-donation-pwa-1\admin.php on line 81
[11-Nov-2025 13:53:38 Europe/Berlin] PHP Warning:  Constant INCLUDES_PATH already defined in C:\xampp\htdocs\blood-donation-pwa-1\admin.php on line 158
[11-Nov-2025 13:53:38 Europe/Berlin] PHP Warning:  Undefined array key "REQUEST_METHOD" in C:\xampp\htdocs\blood-donation-pwa-1\admin.php on line 164
[11-Nov-2025 13:53:38 Europe/Berlin] Donor not found in approveDonor: 136
[11-Nov-2025 13:53:38 Europe/Berlin] Error approving donor: Donor not found
[11-Nov-2025 13:53:38 Europe/Berlin] Error updating donor status: Donor not found
[11-Nov-2025 13:53:38 Europe/Berlin] Stack trace: #0 C:\xampp\htdocs\blood-donation-pwa-1\tests\test_donor_approval.php(43): updateDonorStatus(Object(PDO), 137, 'rejected', 'Test rejection ...', 1)
#1 C:\xampp\htdocs\blood-donation-pwa-1\tests\run_all_tests.php(41): require_once('C:\\xampp\\htdocs...')
#2 {main}
[11-Nov-2025 13:53:38 Europe/Berlin] Error checking if table exists: SQLSTATE[42000]: Syntax error or access violation: 1064 You have an error in your SQL syntax; check the manual that corresponds to your MariaDB server version for the right syntax to use near 'blood_inventory''' at line 1
[11-Nov-2025 13:53:38 Europe/Berlin] PHP Warning:  Cannot modify header information - headers already sent by (output started at C:\xampp\htdocs\blood-donation-pwa-1\tests\inventory_manager_consistency.php:100) in C:\xampp\htdocs\blood-donation-pwa-1\admin.php on line 23
[11-Nov-2025 13:53:38 Europe/Berlin] PHP Warning:  Cannot modify header information - headers already sent by (output started at C:\xampp\htdocs\blood-donation-pwa-1\tests\inventory_manager_consistency.php:100) in C:\xampp\htdocs\blood-donation-pwa-1\admin.php on line 24
[11-Nov-2025 13:53:38 Europe/Berlin] PHP Warning:  Cannot modify header information - headers already sent by (output started at C:\xampp\htdocs\blood-donation-pwa-1\tests\inventory_manager_consistency.php:100) in C:\xampp\htdocs\blood-donation-pwa-1\admin.php on line 25
[11-Nov-2025 13:53:38 Europe/Berlin] PHP Warning:  Cannot modify header information - headers already sent by (output started at C:\xampp\htdocs\blood-donation-pwa-1\tests\inventory_manager_consistency.php:100) in C:\xampp\htdocs\blood-donation-pwa-1\admin.php on line 26
[11-Nov-2025 13:53:38 Europe/Berlin] PHP Warning:  Undefined array key "REQUEST_METHOD" in C:\xampp\htdocs\blood-donation-pwa-1\admin.php on line 81
[11-Nov-2025 13:53:38 Europe/Berlin] PHP Warning:  Constant INCLUDES_PATH already defined in C:\xampp\htdocs\blood-donation-pwa-1\admin.php on line 158
[11-Nov-2025 13:53:38 Europe/Berlin] PHP Warning:  Undefined array key "REQUEST_METHOD" in C:\xampp\htdocs\blood-donation-pwa-1\admin.php on line 164
[11-Nov-2025 20:53:38 Asia/Manila] Error checking if table exists: SQLSTATE[42000]: Syntax error or access violation: 1064 You have an error in your SQL syntax; check the manual that corresponds to your MariaDB server version for the right syntax to use near 'donors_new''' at line 1
[11-Nov-2025 20:53:38 Asia/Manila] PHP Warning:  Undefined array key "status" in C:\xampp\htdocs\blood-donation-pwa-1\includes\admin-tabs.php on line 724
[11-Nov-2025 20:53:38 Asia/Manila] PHP Fatal error:  Cannot redeclare tableExists() (previously declared in C:\xampp\htdocs\blood-donation-pwa-1\db.php:164) in C:\xampp\htdocs\blood-donation-pwa-1\tests\diagnose_screening_data.php on line 50
[11-Nov-2025 13:56:54 Europe/Berlin] DB connect failed for root@localhost:3306/blood_system: SQLSTATE[HY000] [1045] Access denied for user 'root'@'localhost' (using password: NO)
[11-Nov-2025 13:56:54 Europe/Berlin] DB connect failed for root@127.0.0.1:3306/blood_system: SQLSTATE[HY000] [1045] Access denied for user 'root'@'localhost' (using password: NO)
[11-Nov-2025 13:56:54 Europe/Berlin] DB connect failed for root@localhost:3306/blood_system: SQLSTATE[HY000] [1045] Access denied for user 'root'@'localhost' (using password: NO)
[11-Nov-2025 13:56:54 Europe/Berlin] Database connection established successfully
[11-Nov-2025 13:56:54 Europe/Berlin] Error checking if table exists: SQLSTATE[42000]: Syntax error or access violation: 1064 You have an error in your SQL syntax; check the manual that corresponds to your MariaDB server version for the right syntax to use near 'donors_new''' at line 1
[11-Nov-2025 13:56:54 Europe/Berlin] Error getting inventory: SQLSTATE[42000]: Syntax error or access violation: 1064 You have an error in your SQL syntax; check the manual that corresponds to your MariaDB server version for the right syntax to use near 'THEN 1 ELSE 0 END as expiring_soon
                FROM blood_inventory bi
...' at line 8
[11-Nov-2025 13:56:54 Europe/Berlin] Error checking if table exists: SQLSTATE[42000]: Syntax error or access violation: 1064 You have an error in your SQL syntax; check the manual that corresponds to your MariaDB server version for the right syntax to use near 'donors_new''' at line 1
[11-Nov-2025 13:56:54 Europe/Berlin] Inventory error: SQLSTATE[42000]: Syntax error or access violation: 1064 You have an error in your SQL syntax; check the manual that corresponds to your MariaDB server version for the right syntax to use near 'THEN 1 ELSE 0 END as expiring_soon,
                'blood_inventory' as data...' at line 3
[11-Nov-2025 13:56:54 Europe/Berlin] Error checking if table exists: SQLSTATE[42000]: Syntax error or access violation: 1064 You have an error in your SQL syntax; check the manual that corresponds to your MariaDB server version for the right syntax to use near 'donors_new''' at line 1
[11-Nov-2025 13:56:54 Europe/Berlin] Error getting inventory: SQLSTATE[42000]: Syntax error or access violation: 1064 You have an error in your SQL syntax; check the manual that corresponds to your MariaDB server version for the right syntax to use near 'THEN 1 ELSE 0 END as expiring_soon
                FROM blood_inventory bi
...' at line 8
[11-Nov-2025 13:56:54 Europe/Berlin] Error checking if table exists: SQLSTATE[42000]: Syntax error or access violation: 1064 You have an error in your SQL syntax; check the manual that corresponds to your MariaDB server version for the right syntax to use near 'donors_new''' at line 1
[11-Nov-2025 13:56:54 Europe/Berlin] Inventory error: SQLSTATE[42000]: Syntax error or access violation: 1064 You have an error in your SQL syntax; check the manual that corresponds to your MariaDB server version for the right syntax to use near 'THEN 1 ELSE 0 END as expiring_soon,
                'blood_inventory' as data...' at line 3
[11-Nov-2025 13:56:54 Europe/Berlin] Error checking if table exists: SQLSTATE[42000]: Syntax error or access violation: 1064 You have an error in your SQL syntax; check the manual that corresponds to your MariaDB server version for the right syntax to use near 'donors_new''' at line 1
[11-Nov-2025 13:56:54 Europe/Berlin] Error getting inventory: SQLSTATE[42000]: Syntax error or access violation: 1064 You have an error in your SQL syntax; check the manual that corresponds to your MariaDB server version for the right syntax to use near 'THEN 1 ELSE 0 END as expiring_soon
                FROM blood_inventory bi
...' at line 8
[11-Nov-2025 13:56:54 Europe/Berlin] Error checking if table exists: SQLSTATE[42000]: Syntax error or access violation: 1064 You have an error in your SQL syntax; check the manual that corresponds to your MariaDB server version for the right syntax to use near 'donors_new''' at line 1
[11-Nov-2025 13:56:54 Europe/Berlin] Inventory error: SQLSTATE[42000]: Syntax error or access violation: 1064 You have an error in your SQL syntax; check the manual that corresponds to your MariaDB server version for the right syntax to use near 'THEN 1 ELSE 0 END as expiring_soon,
                'blood_inventory' as data...' at line 3
[11-Nov-2025 13:56:54 Europe/Berlin] Error checking if table exists: SQLSTATE[42000]: Syntax error or access violation: 1064 You have an error in your SQL syntax; check the manual that corresponds to your MariaDB server version for the right syntax to use near 'donors_new''' at line 1
[11-Nov-2025 13:56:54 Europe/Berlin] Error getting inventory: SQLSTATE[42000]: Syntax error or access violation: 1064 You have an error in your SQL syntax; check the manual that corresponds to your MariaDB server version for the right syntax to use near 'THEN 1 ELSE 0 END as expiring_soon
                FROM blood_inventory bi
...' at line 8
[11-Nov-2025 13:56:54 Europe/Berlin] Error checking if table exists: SQLSTATE[42000]: Syntax error or access violation: 1064 You have an error in your SQL syntax; check the manual that corresponds to your MariaDB server version for the right syntax to use near 'donors_new''' at line 1
[11-Nov-2025 13:56:54 Europe/Berlin] Inventory error: SQLSTATE[42000]: Syntax error or access violation: 1064 You have an error in your SQL syntax; check the manual that corresponds to your MariaDB server version for the right syntax to use near 'THEN 1 ELSE 0 END as expiring_soon,
                'blood_inventory' as data...' at line 3
[11-Nov-2025 13:56:54 Europe/Berlin] Error checking if table exists: SQLSTATE[42000]: Syntax error or access violation: 1064 You have an error in your SQL syntax; check the manual that corresponds to your MariaDB server version for the right syntax to use near 'donors_new''' at line 1
[11-Nov-2025 13:56:54 Europe/Berlin] Error getting inventory: SQLSTATE[42000]: Syntax error or access violation: 1064 You have an error in your SQL syntax; check the manual that corresponds to your MariaDB server version for the right syntax to use near 'THEN 1 ELSE 0 END as expiring_soon
                FROM blood_inventory bi
...' at line 8
[11-Nov-2025 13:56:54 Europe/Berlin] Error checking if table exists: SQLSTATE[42000]: Syntax error or access violation: 1064 You have an error in your SQL syntax; check the manual that corresponds to your MariaDB server version for the right syntax to use near 'donors_new''' at line 1
[11-Nov-2025 13:56:54 Europe/Berlin] Inventory error: SQLSTATE[42000]: Syntax error or access violation: 1064 You have an error in your SQL syntax; check the manual that corresponds to your MariaDB server version for the right syntax to use near 'THEN 1 ELSE 0 END as expiring_soon,
                'blood_inventory' as data...' at line 3
[11-Nov-2025 13:56:54 Europe/Berlin] Error checking if table exists: SQLSTATE[42000]: Syntax error or access violation: 1064 You have an error in your SQL syntax; check the manual that corresponds to your MariaDB server version for the right syntax to use near 'donors_new''' at line 1
[11-Nov-2025 13:56:54 Europe/Berlin] Error getting inventory: SQLSTATE[42000]: Syntax error or access violation: 1064 You have an error in your SQL syntax; check the manual that corresponds to your MariaDB server version for the right syntax to use near 'THEN 1 ELSE 0 END as expiring_soon
                FROM blood_inventory bi
...' at line 8
[11-Nov-2025 13:56:54 Europe/Berlin] Inventory error: SQLSTATE[42000]: Syntax error or access violation: 1064 You have an error in your SQL syntax; check the manual that corresponds to your MariaDB server version for the right syntax to use near 'THEN 1 ELSE 0 END as expiring_soon,
                'blood_inventory' as data...' at line 3
[11-Nov-2025 13:56:54 Europe/Berlin] PHP Warning:  Cannot modify header information - headers already sent by (output started at C:\xampp\htdocs\blood-donation-pwa-1\tests\inventory_manager_consistency.php:100) in C:\xampp\htdocs\blood-donation-pwa-1\admin.php on line 23
[11-Nov-2025 13:56:54 Europe/Berlin] PHP Warning:  Cannot modify header information - headers already sent by (output started at C:\xampp\htdocs\blood-donation-pwa-1\tests\inventory_manager_consistency.php:100) in C:\xampp\htdocs\blood-donation-pwa-1\admin.php on line 24
[11-Nov-2025 13:56:54 Europe/Berlin] PHP Warning:  Cannot modify header information - headers already sent by (output started at C:\xampp\htdocs\blood-donation-pwa-1\tests\inventory_manager_consistency.php:100) in C:\xampp\htdocs\blood-donation-pwa-1\admin.php on line 25
[11-Nov-2025 13:56:54 Europe/Berlin] PHP Warning:  Cannot modify header information - headers already sent by (output started at C:\xampp\htdocs\blood-donation-pwa-1\tests\inventory_manager_consistency.php:100) in C:\xampp\htdocs\blood-donation-pwa-1\admin.php on line 26
[11-Nov-2025 13:56:54 Europe/Berlin] PHP Warning:  Undefined array key "REQUEST_METHOD" in C:\xampp\htdocs\blood-donation-pwa-1\admin.php on line 81
[11-Nov-2025 13:56:54 Europe/Berlin] PHP Warning:  Constant INCLUDES_PATH already defined in C:\xampp\htdocs\blood-donation-pwa-1\admin.php on line 158
[11-Nov-2025 13:56:54 Europe/Berlin] PHP Warning:  Undefined array key "REQUEST_METHOD" in C:\xampp\htdocs\blood-donation-pwa-1\admin.php on line 164
[11-Nov-2025 13:56:54 Europe/Berlin] Donor not found in approveDonor: 138
[11-Nov-2025 13:56:54 Europe/Berlin] Error approving donor: Donor not found
[11-Nov-2025 13:56:54 Europe/Berlin] Error updating donor status: Donor not found
[11-Nov-2025 13:56:54 Europe/Berlin] Stack trace: #0 C:\xampp\htdocs\blood-donation-pwa-1\tests\test_donor_approval.php(43): updateDonorStatus(Object(PDO), 139, 'rejected', 'Test rejection ...', 1)
#1 C:\xampp\htdocs\blood-donation-pwa-1\tests\run_all_tests.php(41): require_once('C:\\xampp\\htdocs...')
#2 {main}
[11-Nov-2025 13:56:54 Europe/Berlin] Error checking if table exists: SQLSTATE[42000]: Syntax error or access violation: 1064 You have an error in your SQL syntax; check the manual that corresponds to your MariaDB server version for the right syntax to use near 'blood_inventory''' at line 1
[11-Nov-2025 13:56:54 Europe/Berlin] PHP Warning:  Cannot modify header information - headers already sent by (output started at C:\xampp\htdocs\blood-donation-pwa-1\tests\inventory_manager_consistency.php:100) in C:\xampp\htdocs\blood-donation-pwa-1\admin.php on line 23
[11-Nov-2025 13:56:54 Europe/Berlin] PHP Warning:  Cannot modify header information - headers already sent by (output started at C:\xampp\htdocs\blood-donation-pwa-1\tests\inventory_manager_consistency.php:100) in C:\xampp\htdocs\blood-donation-pwa-1\admin.php on line 24
[11-Nov-2025 13:56:54 Europe/Berlin] PHP Warning:  Cannot modify header information - headers already sent by (output started at C:\xampp\htdocs\blood-donation-pwa-1\tests\inventory_manager_consistency.php:100) in C:\xampp\htdocs\blood-donation-pwa-1\admin.php on line 25
[11-Nov-2025 13:56:54 Europe/Berlin] PHP Warning:  Cannot modify header information - headers already sent by (output started at C:\xampp\htdocs\blood-donation-pwa-1\tests\inventory_manager_consistency.php:100) in C:\xampp\htdocs\blood-donation-pwa-1\admin.php on line 26
[11-Nov-2025 13:56:54 Europe/Berlin] PHP Warning:  Undefined array key "REQUEST_METHOD" in C:\xampp\htdocs\blood-donation-pwa-1\admin.php on line 81
[11-Nov-2025 13:56:54 Europe/Berlin] PHP Warning:  Constant INCLUDES_PATH already defined in C:\xampp\htdocs\blood-donation-pwa-1\admin.php on line 158
[11-Nov-2025 13:56:54 Europe/Berlin] PHP Warning:  Undefined array key "REQUEST_METHOD" in C:\xampp\htdocs\blood-donation-pwa-1\admin.php on line 164
[11-Nov-2025 20:56:54 Asia/Manila] Error checking if table exists: SQLSTATE[42000]: Syntax error or access violation: 1064 You have an error in your SQL syntax; check the manual that corresponds to your MariaDB server version for the right syntax to use near 'donors_new''' at line 1
[11-Nov-2025 20:56:54 Asia/Manila] PHP Warning:  Undefined array key "status" in C:\xampp\htdocs\blood-donation-pwa-1\includes\admin-tabs.php on line 724
[11-Nov-2025 14:01:31 Europe/Berlin] DB connect failed for root@localhost:3306/blood_system: SQLSTATE[HY000] [1045] Access denied for user 'root'@'localhost' (using password: NO)
[11-Nov-2025 14:01:31 Europe/Berlin] DB connect failed for root@127.0.0.1:3306/blood_system: SQLSTATE[HY000] [1045] Access denied for user 'root'@'localhost' (using password: NO)
[11-Nov-2025 14:01:31 Europe/Berlin] DB connect failed for root@localhost:3306/blood_system: SQLSTATE[HY000] [1045] Access denied for user 'root'@'localhost' (using password: NO)
[11-Nov-2025 14:01:31 Europe/Berlin] Database connection established successfully
[11-Nov-2025 14:01:31 Europe/Berlin] Error checking if table exists: SQLSTATE[42000]: Syntax error or access violation: 1064 You have an error in your SQL syntax; check the manual that corresponds to your MariaDB server version for the right syntax to use near 'donors_new''' at line 1
[11-Nov-2025 14:01:31 Europe/Berlin] Error getting inventory: SQLSTATE[42000]: Syntax error or access violation: 1064 You have an error in your SQL syntax; check the manual that corresponds to your MariaDB server version for the right syntax to use near 'THEN 1 ELSE 0 END as expiring_soon
                FROM blood_inventory bi
...' at line 8
[11-Nov-2025 14:01:31 Europe/Berlin] Error checking if table exists: SQLSTATE[42000]: Syntax error or access violation: 1064 You have an error in your SQL syntax; check the manual that corresponds to your MariaDB server version for the right syntax to use near 'donors_new''' at line 1
[11-Nov-2025 14:01:31 Europe/Berlin] Inventory error: SQLSTATE[42000]: Syntax error or access violation: 1064 You have an error in your SQL syntax; check the manual that corresponds to your MariaDB server version for the right syntax to use near 'THEN 1 ELSE 0 END as expiring_soon,
                'blood_inventory' as data...' at line 3
[11-Nov-2025 14:01:31 Europe/Berlin] Error checking if table exists: SQLSTATE[42000]: Syntax error or access violation: 1064 You have an error in your SQL syntax; check the manual that corresponds to your MariaDB server version for the right syntax to use near 'donors_new''' at line 1
[11-Nov-2025 14:01:31 Europe/Berlin] Error getting inventory: SQLSTATE[42000]: Syntax error or access violation: 1064 You have an error in your SQL syntax; check the manual that corresponds to your MariaDB server version for the right syntax to use near 'THEN 1 ELSE 0 END as expiring_soon
                FROM blood_inventory bi
...' at line 8
[11-Nov-2025 14:01:31 Europe/Berlin] Error checking if table exists: SQLSTATE[42000]: Syntax error or access violation: 1064 You have an error in your SQL syntax; check the manual that corresponds to your MariaDB server version for the right syntax to use near 'donors_new''' at line 1
[11-Nov-2025 14:01:31 Europe/Berlin] Inventory error: SQLSTATE[42000]: Syntax error or access violation: 1064 You have an error in your SQL syntax; check the manual that corresponds to your MariaDB server version for the right syntax to use near 'THEN 1 ELSE 0 END as expiring_soon,
                'blood_inventory' as data...' at line 3
[11-Nov-2025 14:01:31 Europe/Berlin] Error checking if table exists: SQLSTATE[42000]: Syntax error or access violation: 1064 You have an error in your SQL syntax; check the manual that corresponds to your MariaDB server version for the right syntax to use near 'donors_new''' at line 1
[11-Nov-2025 14:01:31 Europe/Berlin] Error getting inventory: SQLSTATE[42000]: Syntax error or access violation: 1064 You have an error in your SQL syntax; check the manual that corresponds to your MariaDB server version for the right syntax to use near 'THEN 1 ELSE 0 END as expiring_soon
                FROM blood_inventory bi
...' at line 8
[11-Nov-2025 14:01:31 Europe/Berlin] Error checking if table exists: SQLSTATE[42000]: Syntax error or access violation: 1064 You have an error in your SQL syntax; check the manual that corresponds to your MariaDB server version for the right syntax to use near 'donors_new''' at line 1
[11-Nov-2025 14:01:31 Europe/Berlin] Inventory error: SQLSTATE[42000]: Syntax error or access violation: 1064 You have an error in your SQL syntax; check the manual that corresponds to your MariaDB server version for the right syntax to use near 'THEN 1 ELSE 0 END as expiring_soon,
                'blood_inventory' as data...' at line 3
[11-Nov-2025 14:01:31 Europe/Berlin] Error checking if table exists: SQLSTATE[42000]: Syntax error or access violation: 1064 You have an error in your SQL syntax; check the manual that corresponds to your MariaDB server version for the right syntax to use near 'donors_new''' at line 1
[11-Nov-2025 14:01:31 Europe/Berlin] Error getting inventory: SQLSTATE[42000]: Syntax error or access violation: 1064 You have an error in your SQL syntax; check the manual that corresponds to your MariaDB server version for the right syntax to use near 'THEN 1 ELSE 0 END as expiring_soon
                FROM blood_inventory bi
...' at line 8
[11-Nov-2025 14:01:31 Europe/Berlin] Error checking if table exists: SQLSTATE[42000]: Syntax error or access violation: 1064 You have an error in your SQL syntax; check the manual that corresponds to your MariaDB server version for the right syntax to use near 'donors_new''' at line 1
[11-Nov-2025 14:01:31 Europe/Berlin] Inventory error: SQLSTATE[42000]: Syntax error or access violation: 1064 You have an error in your SQL syntax; check the manual that corresponds to your MariaDB server version for the right syntax to use near 'THEN 1 ELSE 0 END as expiring_soon,
                'blood_inventory' as data...' at line 3
[11-Nov-2025 14:01:31 Europe/Berlin] Error checking if table exists: SQLSTATE[42000]: Syntax error or access violation: 1064 You have an error in your SQL syntax; check the manual that corresponds to your MariaDB server version for the right syntax to use near 'donors_new''' at line 1
[11-Nov-2025 14:01:32 Europe/Berlin] Error getting inventory: SQLSTATE[42000]: Syntax error or access violation: 1064 You have an error in your SQL syntax; check the manual that corresponds to your MariaDB server version for the right syntax to use near 'THEN 1 ELSE 0 END as expiring_soon
                FROM blood_inventory bi
...' at line 8
[11-Nov-2025 14:01:32 Europe/Berlin] Error checking if table exists: SQLSTATE[42000]: Syntax error or access violation: 1064 You have an error in your SQL syntax; check the manual that corresponds to your MariaDB server version for the right syntax to use near 'donors_new''' at line 1
[11-Nov-2025 14:01:32 Europe/Berlin] Inventory error: SQLSTATE[42000]: Syntax error or access violation: 1064 You have an error in your SQL syntax; check the manual that corresponds to your MariaDB server version for the right syntax to use near 'THEN 1 ELSE 0 END as expiring_soon,
                'blood_inventory' as data...' at line 3
[11-Nov-2025 14:01:32 Europe/Berlin] Error checking if table exists: SQLSTATE[42000]: Syntax error or access violation: 1064 You have an error in your SQL syntax; check the manual that corresponds to your MariaDB server version for the right syntax to use near 'donors_new''' at line 1
[11-Nov-2025 14:01:32 Europe/Berlin] Error getting inventory: SQLSTATE[42000]: Syntax error or access violation: 1064 You have an error in your SQL syntax; check the manual that corresponds to your MariaDB server version for the right syntax to use near 'THEN 1 ELSE 0 END as expiring_soon
                FROM blood_inventory bi
...' at line 8
[11-Nov-2025 14:01:32 Europe/Berlin] Inventory error: SQLSTATE[42000]: Syntax error or access violation: 1064 You have an error in your SQL syntax; check the manual that corresponds to your MariaDB server version for the right syntax to use near 'THEN 1 ELSE 0 END as expiring_soon,
                'blood_inventory' as data...' at line 3
[11-Nov-2025 14:01:32 Europe/Berlin] PHP Warning:  Cannot modify header information - headers already sent by (output started at C:\xampp\htdocs\blood-donation-pwa-1\tests\inventory_manager_consistency.php:100) in C:\xampp\htdocs\blood-donation-pwa-1\admin.php on line 23
[11-Nov-2025 14:01:32 Europe/Berlin] PHP Warning:  Cannot modify header information - headers already sent by (output started at C:\xampp\htdocs\blood-donation-pwa-1\tests\inventory_manager_consistency.php:100) in C:\xampp\htdocs\blood-donation-pwa-1\admin.php on line 24
[11-Nov-2025 14:01:32 Europe/Berlin] PHP Warning:  Cannot modify header information - headers already sent by (output started at C:\xampp\htdocs\blood-donation-pwa-1\tests\inventory_manager_consistency.php:100) in C:\xampp\htdocs\blood-donation-pwa-1\admin.php on line 25
[11-Nov-2025 14:01:32 Europe/Berlin] PHP Warning:  Cannot modify header information - headers already sent by (output started at C:\xampp\htdocs\blood-donation-pwa-1\tests\inventory_manager_consistency.php:100) in C:\xampp\htdocs\blood-donation-pwa-1\admin.php on line 26
[11-Nov-2025 14:01:32 Europe/Berlin] PHP Warning:  Undefined array key "REQUEST_METHOD" in C:\xampp\htdocs\blood-donation-pwa-1\admin.php on line 81
[11-Nov-2025 14:01:32 Europe/Berlin] PHP Warning:  Constant INCLUDES_PATH already defined in C:\xampp\htdocs\blood-donation-pwa-1\admin.php on line 158
[11-Nov-2025 14:01:32 Europe/Berlin] PHP Warning:  Undefined array key "REQUEST_METHOD" in C:\xampp\htdocs\blood-donation-pwa-1\admin.php on line 164
[11-Nov-2025 14:01:32 Europe/Berlin] Donor not found in approveDonor: 140
[11-Nov-2025 14:01:32 Europe/Berlin] Error approving donor: Donor not found
[11-Nov-2025 14:01:32 Europe/Berlin] Error updating donor status: Donor not found
[11-Nov-2025 14:01:32 Europe/Berlin] Stack trace: #0 C:\xampp\htdocs\blood-donation-pwa-1\tests\test_donor_approval.php(43): updateDonorStatus(Object(PDO), 141, 'rejected', 'Test rejection ...', 1)
#1 C:\xampp\htdocs\blood-donation-pwa-1\tests\run_all_tests.php(41): require_once('C:\\xampp\\htdocs...')
#2 {main}
[11-Nov-2025 14:01:32 Europe/Berlin] Error checking if table exists: SQLSTATE[42000]: Syntax error or access violation: 1064 You have an error in your SQL syntax; check the manual that corresponds to your MariaDB server version for the right syntax to use near 'blood_inventory''' at line 1
[11-Nov-2025 14:01:32 Europe/Berlin] PHP Warning:  Cannot modify header information - headers already sent by (output started at C:\xampp\htdocs\blood-donation-pwa-1\tests\inventory_manager_consistency.php:100) in C:\xampp\htdocs\blood-donation-pwa-1\admin.php on line 23
[11-Nov-2025 14:01:32 Europe/Berlin] PHP Warning:  Cannot modify header information - headers already sent by (output started at C:\xampp\htdocs\blood-donation-pwa-1\tests\inventory_manager_consistency.php:100) in C:\xampp\htdocs\blood-donation-pwa-1\admin.php on line 24
[11-Nov-2025 14:01:32 Europe/Berlin] PHP Warning:  Cannot modify header information - headers already sent by (output started at C:\xampp\htdocs\blood-donation-pwa-1\tests\inventory_manager_consistency.php:100) in C:\xampp\htdocs\blood-donation-pwa-1\admin.php on line 25
[11-Nov-2025 14:01:32 Europe/Berlin] PHP Warning:  Cannot modify header information - headers already sent by (output started at C:\xampp\htdocs\blood-donation-pwa-1\tests\inventory_manager_consistency.php:100) in C:\xampp\htdocs\blood-donation-pwa-1\admin.php on line 26
[11-Nov-2025 14:01:32 Europe/Berlin] PHP Warning:  Undefined array key "REQUEST_METHOD" in C:\xampp\htdocs\blood-donation-pwa-1\admin.php on line 81
[11-Nov-2025 14:01:32 Europe/Berlin] PHP Warning:  Constant INCLUDES_PATH already defined in C:\xampp\htdocs\blood-donation-pwa-1\admin.php on line 158
[11-Nov-2025 14:01:32 Europe/Berlin] PHP Warning:  Undefined array key "REQUEST_METHOD" in C:\xampp\htdocs\blood-donation-pwa-1\admin.php on line 164
[11-Nov-2025 21:01:32 Asia/Manila] Error checking if table exists: SQLSTATE[42000]: Syntax error or access violation: 1064 You have an error in your SQL syntax; check the manual that corresponds to your MariaDB server version for the right syntax to use near 'donors_new''' at line 1
[11-Nov-2025 21:01:32 Asia/Manila] PHP Warning:  Undefined array key "status" in C:\xampp\htdocs\blood-donation-pwa-1\includes\admin-tabs.php on line 724
[11-Nov-2025 14:02:57 Europe/Berlin] DB connect failed for root@localhost:3306/blood_system: SQLSTATE[HY000] [1045] Access denied for user 'root'@'localhost' (using password: NO)
[11-Nov-2025 14:02:57 Europe/Berlin] DB connect failed for root@127.0.0.1:3306/blood_system: SQLSTATE[HY000] [1045] Access denied for user 'root'@'localhost' (using password: NO)
[11-Nov-2025 14:02:57 Europe/Berlin] DB connect failed for root@localhost:3306/blood_system: SQLSTATE[HY000] [1045] Access denied for user 'root'@'localhost' (using password: NO)
[11-Nov-2025 14:02:57 Europe/Berlin] Database connection established successfully
[11-Nov-2025 14:02:57 Europe/Berlin] Error checking if table exists: SQLSTATE[42000]: Syntax error or access violation: 1064 You have an error in your SQL syntax; check the manual that corresponds to your MariaDB server version for the right syntax to use near 'donors_new''' at line 1
[11-Nov-2025 14:02:57 Europe/Berlin] Error getting inventory: SQLSTATE[42000]: Syntax error or access violation: 1064 You have an error in your SQL syntax; check the manual that corresponds to your MariaDB server version for the right syntax to use near 'THEN 1 ELSE 0 END as expiring_soon
                FROM blood_inventory bi
...' at line 8
[11-Nov-2025 14:02:57 Europe/Berlin] Error checking if table exists: SQLSTATE[42000]: Syntax error or access violation: 1064 You have an error in your SQL syntax; check the manual that corresponds to your MariaDB server version for the right syntax to use near 'donors_new''' at line 1
[11-Nov-2025 14:02:57 Europe/Berlin] Inventory error: SQLSTATE[42000]: Syntax error or access violation: 1064 You have an error in your SQL syntax; check the manual that corresponds to your MariaDB server version for the right syntax to use near 'THEN 1 ELSE 0 END as expiring_soon,
                'blood_inventory' as data...' at line 3
[11-Nov-2025 14:02:57 Europe/Berlin] Error checking if table exists: SQLSTATE[42000]: Syntax error or access violation: 1064 You have an error in your SQL syntax; check the manual that corresponds to your MariaDB server version for the right syntax to use near 'donors_new''' at line 1
[11-Nov-2025 14:02:57 Europe/Berlin] Error getting inventory: SQLSTATE[42000]: Syntax error or access violation: 1064 You have an error in your SQL syntax; check the manual that corresponds to your MariaDB server version for the right syntax to use near 'THEN 1 ELSE 0 END as expiring_soon
                FROM blood_inventory bi
...' at line 8
[11-Nov-2025 14:02:57 Europe/Berlin] Error checking if table exists: SQLSTATE[42000]: Syntax error or access violation: 1064 You have an error in your SQL syntax; check the manual that corresponds to your MariaDB server version for the right syntax to use near 'donors_new''' at line 1
[11-Nov-2025 14:02:57 Europe/Berlin] Inventory error: SQLSTATE[42000]: Syntax error or access violation: 1064 You have an error in your SQL syntax; check the manual that corresponds to your MariaDB server version for the right syntax to use near 'THEN 1 ELSE 0 END as expiring_soon,
                'blood_inventory' as data...' at line 3
[11-Nov-2025 14:02:57 Europe/Berlin] Error checking if table exists: SQLSTATE[42000]: Syntax error or access violation: 1064 You have an error in your SQL syntax; check the manual that corresponds to your MariaDB server version for the right syntax to use near 'donors_new''' at line 1
[11-Nov-2025 14:02:57 Europe/Berlin] Error getting inventory: SQLSTATE[42000]: Syntax error or access violation: 1064 You have an error in your SQL syntax; check the manual that corresponds to your MariaDB server version for the right syntax to use near 'THEN 1 ELSE 0 END as expiring_soon
                FROM blood_inventory bi
...' at line 8
[11-Nov-2025 14:02:57 Europe/Berlin] Error checking if table exists: SQLSTATE[42000]: Syntax error or access violation: 1064 You have an error in your SQL syntax; check the manual that corresponds to your MariaDB server version for the right syntax to use near 'donors_new''' at line 1
[11-Nov-2025 14:02:58 Europe/Berlin] Inventory error: SQLSTATE[42000]: Syntax error or access violation: 1064 You have an error in your SQL syntax; check the manual that corresponds to your MariaDB server version for the right syntax to use near 'THEN 1 ELSE 0 END as expiring_soon,
                'blood_inventory' as data...' at line 3
[11-Nov-2025 14:02:58 Europe/Berlin] Error checking if table exists: SQLSTATE[42000]: Syntax error or access violation: 1064 You have an error in your SQL syntax; check the manual that corresponds to your MariaDB server version for the right syntax to use near 'donors_new''' at line 1
[11-Nov-2025 14:02:58 Europe/Berlin] Error getting inventory: SQLSTATE[42000]: Syntax error or access violation: 1064 You have an error in your SQL syntax; check the manual that corresponds to your MariaDB server version for the right syntax to use near 'THEN 1 ELSE 0 END as expiring_soon
                FROM blood_inventory bi
...' at line 8
[11-Nov-2025 14:02:58 Europe/Berlin] Error checking if table exists: SQLSTATE[42000]: Syntax error or access violation: 1064 You have an error in your SQL syntax; check the manual that corresponds to your MariaDB server version for the right syntax to use near 'donors_new''' at line 1
[11-Nov-2025 14:02:58 Europe/Berlin] Inventory error: SQLSTATE[42000]: Syntax error or access violation: 1064 You have an error in your SQL syntax; check the manual that corresponds to your MariaDB server version for the right syntax to use near 'THEN 1 ELSE 0 END as expiring_soon,
                'blood_inventory' as data...' at line 3
[11-Nov-2025 14:02:58 Europe/Berlin] Error checking if table exists: SQLSTATE[42000]: Syntax error or access violation: 1064 You have an error in your SQL syntax; check the manual that corresponds to your MariaDB server version for the right syntax to use near 'donors_new''' at line 1
[11-Nov-2025 14:02:58 Europe/Berlin] Error getting inventory: SQLSTATE[42000]: Syntax error or access violation: 1064 You have an error in your SQL syntax; check the manual that corresponds to your MariaDB server version for the right syntax to use near 'THEN 1 ELSE 0 END as expiring_soon
                FROM blood_inventory bi
...' at line 8
[11-Nov-2025 14:02:58 Europe/Berlin] Error checking if table exists: SQLSTATE[42000]: Syntax error or access violation: 1064 You have an error in your SQL syntax; check the manual that corresponds to your MariaDB server version for the right syntax to use near 'donors_new''' at line 1
[11-Nov-2025 14:02:58 Europe/Berlin] Inventory error: SQLSTATE[42000]: Syntax error or access violation: 1064 You have an error in your SQL syntax; check the manual that corresponds to your MariaDB server version for the right syntax to use near 'THEN 1 ELSE 0 END as expiring_soon,
                'blood_inventory' as data...' at line 3
[11-Nov-2025 14:02:58 Europe/Berlin] Error checking if table exists: SQLSTATE[42000]: Syntax error or access violation: 1064 You have an error in your SQL syntax; check the manual that corresponds to your MariaDB server version for the right syntax to use near 'donors_new''' at line 1
[11-Nov-2025 14:02:58 Europe/Berlin] Error getting inventory: SQLSTATE[42000]: Syntax error or access violation: 1064 You have an error in your SQL syntax; check the manual that corresponds to your MariaDB server version for the right syntax to use near 'THEN 1 ELSE 0 END as expiring_soon
                FROM blood_inventory bi
...' at line 8
[11-Nov-2025 14:02:58 Europe/Berlin] Inventory error: SQLSTATE[42000]: Syntax error or access violation: 1064 You have an error in your SQL syntax; check the manual that corresponds to your MariaDB server version for the right syntax to use near 'THEN 1 ELSE 0 END as expiring_soon,
                'blood_inventory' as data...' at line 3
[11-Nov-2025 14:02:58 Europe/Berlin] PHP Warning:  Cannot modify header information - headers already sent by (output started at C:\xampp\htdocs\blood-donation-pwa-1\tests\inventory_manager_consistency.php:100) in C:\xampp\htdocs\blood-donation-pwa-1\admin.php on line 23
[11-Nov-2025 14:02:58 Europe/Berlin] PHP Warning:  Cannot modify header information - headers already sent by (output started at C:\xampp\htdocs\blood-donation-pwa-1\tests\inventory_manager_consistency.php:100) in C:\xampp\htdocs\blood-donation-pwa-1\admin.php on line 24
[11-Nov-2025 14:02:58 Europe/Berlin] PHP Warning:  Cannot modify header information - headers already sent by (output started at C:\xampp\htdocs\blood-donation-pwa-1\tests\inventory_manager_consistency.php:100) in C:\xampp\htdocs\blood-donation-pwa-1\admin.php on line 25
[11-Nov-2025 14:02:58 Europe/Berlin] PHP Warning:  Cannot modify header information - headers already sent by (output started at C:\xampp\htdocs\blood-donation-pwa-1\tests\inventory_manager_consistency.php:100) in C:\xampp\htdocs\blood-donation-pwa-1\admin.php on line 26
[11-Nov-2025 14:02:58 Europe/Berlin] PHP Warning:  Undefined array key "REQUEST_METHOD" in C:\xampp\htdocs\blood-donation-pwa-1\admin.php on line 81
[11-Nov-2025 14:02:58 Europe/Berlin] PHP Warning:  Constant INCLUDES_PATH already defined in C:\xampp\htdocs\blood-donation-pwa-1\admin.php on line 158
[11-Nov-2025 14:02:58 Europe/Berlin] PHP Warning:  Undefined array key "REQUEST_METHOD" in C:\xampp\htdocs\blood-donation-pwa-1\admin.php on line 164
[11-Nov-2025 14:02:58 Europe/Berlin] Donor not found in approveDonor: 142
[11-Nov-2025 14:02:58 Europe/Berlin] Error approving donor: Donor not found
[11-Nov-2025 14:02:58 Europe/Berlin] Error updating donor status: Donor not found
[11-Nov-2025 14:02:58 Europe/Berlin] Stack trace: #0 C:\xampp\htdocs\blood-donation-pwa-1\tests\test_donor_approval.php(43): updateDonorStatus(Object(PDO), 143, 'rejected', 'Test rejection ...', 1)
#1 C:\xampp\htdocs\blood-donation-pwa-1\tests\run_all_tests.php(44): require_once('C:\\xampp\\htdocs...')
#2 {main}
[11-Nov-2025 14:02:58 Europe/Berlin] Error checking if table exists: SQLSTATE[42000]: Syntax error or access violation: 1064 You have an error in your SQL syntax; check the manual that corresponds to your MariaDB server version for the right syntax to use near 'donations_new''' at line 1
[11-Nov-2025 14:02:58 Europe/Berlin] Error checking if table exists: SQLSTATE[42000]: Syntax error or access violation: 1064 You have an error in your SQL syntax; check the manual that corresponds to your MariaDB server version for the right syntax to use near 'admin_audit_log''' at line 1
[11-Nov-2025 14:02:58 Europe/Berlin] Error checking if table exists: SQLSTATE[42000]: Syntax error or access violation: 1064 You have an error in your SQL syntax; check the manual that corresponds to your MariaDB server version for the right syntax to use near 'blood_inventory''' at line 1
[11-Nov-2025 14:02:58 Europe/Berlin] PHP Fatal error:  Uncaught PDOException: SQLSTATE[23000]: Integrity constraint violation: 1062 Duplicate entry 'unit_id_test@example.com' for key 'email' in C:\xampp\htdocs\blood-donation-pwa-1\tests\test_mark_donor_served.php:155
Stack trace:
#0 C:\xampp\htdocs\blood-donation-pwa-1\tests\test_mark_donor_served.php(155): PDOStatement->execute(Array)
#1 C:\xampp\htdocs\blood-donation-pwa-1\tests\run_all_tests.php(44): require_once('C:\\xampp\\htdocs...')
#2 {main}
  thrown in C:\xampp\htdocs\blood-donation-pwa-1\tests\test_mark_donor_served.php on line 155
[11-Nov-2025 14:09:00 Europe/Berlin] DB connect failed for root@localhost:3306/blood_system: SQLSTATE[HY000] [1045] Access denied for user 'root'@'localhost' (using password: NO)
[11-Nov-2025 14:09:00 Europe/Berlin] DB connect failed for root@127.0.0.1:3306/blood_system: SQLSTATE[HY000] [1045] Access denied for user 'root'@'localhost' (using password: NO)
[11-Nov-2025 14:09:00 Europe/Berlin] DB connect failed for root@localhost:3306/blood_system: SQLSTATE[HY000] [1045] Access denied for user 'root'@'localhost' (using password: NO)
[11-Nov-2025 14:09:00 Europe/Berlin] Database connection established successfully
[11-Nov-2025 14:09:00 Europe/Berlin] Error checking if table exists: SQLSTATE[42000]: Syntax error or access violation: 1064 You have an error in your SQL syntax; check the manual that corresponds to your MariaDB server version for the right syntax to use near 'donors_new''' at line 1
[11-Nov-2025 14:09:00 Europe/Berlin] Error getting inventory: SQLSTATE[42000]: Syntax error or access violation: 1064 You have an error in your SQL syntax; check the manual that corresponds to your MariaDB server version for the right syntax to use near 'THEN 1 ELSE 0 END as expiring_soon
                FROM blood_inventory bi
...' at line 8
[11-Nov-2025 14:09:00 Europe/Berlin] Error checking if table exists: SQLSTATE[42000]: Syntax error or access violation: 1064 You have an error in your SQL syntax; check the manual that corresponds to your MariaDB server version for the right syntax to use near 'donors_new''' at line 1
[11-Nov-2025 14:09:00 Europe/Berlin] Inventory error: SQLSTATE[42000]: Syntax error or access violation: 1064 You have an error in your SQL syntax; check the manual that corresponds to your MariaDB server version for the right syntax to use near 'THEN 1 ELSE 0 END as expiring_soon,
                'blood_inventory' as data...' at line 3
[11-Nov-2025 14:09:00 Europe/Berlin] Error checking if table exists: SQLSTATE[42000]: Syntax error or access violation: 1064 You have an error in your SQL syntax; check the manual that corresponds to your MariaDB server version for the right syntax to use near 'donors_new''' at line 1
[11-Nov-2025 14:09:00 Europe/Berlin] Error getting inventory: SQLSTATE[42000]: Syntax error or access violation: 1064 You have an error in your SQL syntax; check the manual that corresponds to your MariaDB server version for the right syntax to use near 'THEN 1 ELSE 0 END as expiring_soon
                FROM blood_inventory bi
...' at line 8
[11-Nov-2025 14:09:00 Europe/Berlin] Error checking if table exists: SQLSTATE[42000]: Syntax error or access violation: 1064 You have an error in your SQL syntax; check the manual that corresponds to your MariaDB server version for the right syntax to use near 'donors_new''' at line 1
[11-Nov-2025 14:09:00 Europe/Berlin] Inventory error: SQLSTATE[42000]: Syntax error or access violation: 1064 You have an error in your SQL syntax; check the manual that corresponds to your MariaDB server version for the right syntax to use near 'THEN 1 ELSE 0 END as expiring_soon,
                'blood_inventory' as data...' at line 3
[11-Nov-2025 14:09:00 Europe/Berlin] Error checking if table exists: SQLSTATE[42000]: Syntax error or access violation: 1064 You have an error in your SQL syntax; check the manual that corresponds to your MariaDB server version for the right syntax to use near 'donors_new''' at line 1
[11-Nov-2025 14:09:00 Europe/Berlin] Error getting inventory: SQLSTATE[42000]: Syntax error or access violation: 1064 You have an error in your SQL syntax; check the manual that corresponds to your MariaDB server version for the right syntax to use near 'THEN 1 ELSE 0 END as expiring_soon
                FROM blood_inventory bi
...' at line 8
[11-Nov-2025 14:09:00 Europe/Berlin] Error checking if table exists: SQLSTATE[42000]: Syntax error or access violation: 1064 You have an error in your SQL syntax; check the manual that corresponds to your MariaDB server version for the right syntax to use near 'donors_new''' at line 1
[11-Nov-2025 14:09:00 Europe/Berlin] Inventory error: SQLSTATE[42000]: Syntax error or access violation: 1064 You have an error in your SQL syntax; check the manual that corresponds to your MariaDB server version for the right syntax to use near 'THEN 1 ELSE 0 END as expiring_soon,
                'blood_inventory' as data...' at line 3
[11-Nov-2025 14:09:00 Europe/Berlin] Error checking if table exists: SQLSTATE[42000]: Syntax error or access violation: 1064 You have an error in your SQL syntax; check the manual that corresponds to your MariaDB server version for the right syntax to use near 'donors_new''' at line 1
[11-Nov-2025 14:09:00 Europe/Berlin] Error getting inventory: SQLSTATE[42000]: Syntax error or access violation: 1064 You have an error in your SQL syntax; check the manual that corresponds to your MariaDB server version for the right syntax to use near 'THEN 1 ELSE 0 END as expiring_soon
                FROM blood_inventory bi
...' at line 8
[11-Nov-2025 14:09:00 Europe/Berlin] Error checking if table exists: SQLSTATE[42000]: Syntax error or access violation: 1064 You have an error in your SQL syntax; check the manual that corresponds to your MariaDB server version for the right syntax to use near 'donors_new''' at line 1
[11-Nov-2025 14:09:00 Europe/Berlin] Inventory error: SQLSTATE[42000]: Syntax error or access violation: 1064 You have an error in your SQL syntax; check the manual that corresponds to your MariaDB server version for the right syntax to use near 'THEN 1 ELSE 0 END as expiring_soon,
                'blood_inventory' as data...' at line 3
[11-Nov-2025 14:09:00 Europe/Berlin] Error checking if table exists: SQLSTATE[42000]: Syntax error or access violation: 1064 You have an error in your SQL syntax; check the manual that corresponds to your MariaDB server version for the right syntax to use near 'donors_new''' at line 1
[11-Nov-2025 14:09:00 Europe/Berlin] Error getting inventory: SQLSTATE[42000]: Syntax error or access violation: 1064 You have an error in your SQL syntax; check the manual that corresponds to your MariaDB server version for the right syntax to use near 'THEN 1 ELSE 0 END as expiring_soon
                FROM blood_inventory bi
...' at line 8
[11-Nov-2025 14:09:00 Europe/Berlin] Error checking if table exists: SQLSTATE[42000]: Syntax error or access violation: 1064 You have an error in your SQL syntax; check the manual that corresponds to your MariaDB server version for the right syntax to use near 'donors_new''' at line 1
[11-Nov-2025 14:09:00 Europe/Berlin] Inventory error: SQLSTATE[42000]: Syntax error or access violation: 1064 You have an error in your SQL syntax; check the manual that corresponds to your MariaDB server version for the right syntax to use near 'THEN 1 ELSE 0 END as expiring_soon,
                'blood_inventory' as data...' at line 3
[11-Nov-2025 14:09:00 Europe/Berlin] Error checking if table exists: SQLSTATE[42000]: Syntax error or access violation: 1064 You have an error in your SQL syntax; check the manual that corresponds to your MariaDB server version for the right syntax to use near 'donors_new''' at line 1
[11-Nov-2025 14:09:00 Europe/Berlin] Error getting inventory: SQLSTATE[42000]: Syntax error or access violation: 1064 You have an error in your SQL syntax; check the manual that corresponds to your MariaDB server version for the right syntax to use near 'THEN 1 ELSE 0 END as expiring_soon
                FROM blood_inventory bi
...' at line 8
[11-Nov-2025 14:09:00 Europe/Berlin] Inventory error: SQLSTATE[42000]: Syntax error or access violation: 1064 You have an error in your SQL syntax; check the manual that corresponds to your MariaDB server version for the right syntax to use near 'THEN 1 ELSE 0 END as expiring_soon,
                'blood_inventory' as data...' at line 3
[11-Nov-2025 14:09:00 Europe/Berlin] PHP Warning:  Cannot modify header information - headers already sent by (output started at C:\xampp\htdocs\blood-donation-pwa-1\tests\inventory_manager_consistency.php:100) in C:\xampp\htdocs\blood-donation-pwa-1\admin.php on line 23
[11-Nov-2025 14:09:00 Europe/Berlin] PHP Warning:  Cannot modify header information - headers already sent by (output started at C:\xampp\htdocs\blood-donation-pwa-1\tests\inventory_manager_consistency.php:100) in C:\xampp\htdocs\blood-donation-pwa-1\admin.php on line 24
[11-Nov-2025 14:09:00 Europe/Berlin] PHP Warning:  Cannot modify header information - headers already sent by (output started at C:\xampp\htdocs\blood-donation-pwa-1\tests\inventory_manager_consistency.php:100) in C:\xampp\htdocs\blood-donation-pwa-1\admin.php on line 25
[11-Nov-2025 14:09:00 Europe/Berlin] PHP Warning:  Cannot modify header information - headers already sent by (output started at C:\xampp\htdocs\blood-donation-pwa-1\tests\inventory_manager_consistency.php:100) in C:\xampp\htdocs\blood-donation-pwa-1\admin.php on line 26
[11-Nov-2025 14:09:00 Europe/Berlin] PHP Warning:  Undefined array key "REQUEST_METHOD" in C:\xampp\htdocs\blood-donation-pwa-1\admin.php on line 81
[11-Nov-2025 14:09:00 Europe/Berlin] PHP Warning:  Constant INCLUDES_PATH already defined in C:\xampp\htdocs\blood-donation-pwa-1\admin.php on line 158
[11-Nov-2025 14:09:00 Europe/Berlin] PHP Warning:  Undefined array key "REQUEST_METHOD" in C:\xampp\htdocs\blood-donation-pwa-1\admin.php on line 164
[11-Nov-2025 14:09:00 Europe/Berlin] Donor not found in approveDonor: 144
[11-Nov-2025 14:09:00 Europe/Berlin] Error approving donor: Donor not found
[11-Nov-2025 14:09:00 Europe/Berlin] Error updating donor status: Donor not found
[11-Nov-2025 14:09:00 Europe/Berlin] Stack trace: #0 C:\xampp\htdocs\blood-donation-pwa-1\tests\test_donor_approval.php(43): updateDonorStatus(Object(PDO), 145, 'rejected', 'Test rejection ...', 1)
#1 C:\xampp\htdocs\blood-donation-pwa-1\tests\run_all_tests.php(44): require_once('C:\\xampp\\htdocs...')
#2 {main}
[11-Nov-2025 14:09:00 Europe/Berlin] Error checking if table exists: SQLSTATE[42000]: Syntax error or access violation: 1064 You have an error in your SQL syntax; check the manual that corresponds to your MariaDB server version for the right syntax to use near 'donations_new''' at line 1
[11-Nov-2025 14:09:00 Europe/Berlin] Error checking if table exists: SQLSTATE[42000]: Syntax error or access violation: 1064 You have an error in your SQL syntax; check the manual that corresponds to your MariaDB server version for the right syntax to use near 'admin_audit_log''' at line 1
[11-Nov-2025 14:09:00 Europe/Berlin] Error checking if table exists: SQLSTATE[42000]: Syntax error or access violation: 1064 You have an error in your SQL syntax; check the manual that corresponds to your MariaDB server version for the right syntax to use near 'blood_inventory''' at line 1
[11-Nov-2025 21:09:00 Asia/Manila] ✓ Audit logged: donor_served on donors (ID: 6) by admin
[11-Nov-2025 21:09:01 Asia/Manila] ✓ Audit logged: donor_served on donors (ID: 6) by admin
[11-Nov-2025 21:09:01 Asia/Manila] ✓ Audit logged: donor_served on donors (ID: 7) by admin
[11-Nov-2025 21:09:01 Asia/Manila] PHP Fatal error:  Cannot redeclare dbDriver() (previously declared in C:\xampp\htdocs\blood-donation-pwa-1\tests\test_mark_donor_served.php:20) in C:\xampp\htdocs\blood-donation-pwa-1\tests\test_mark_multiple_donors_served.php on line 18
[11-Nov-2025 14:10:52 Europe/Berlin] DB connect failed for root@localhost:3306/blood_system: SQLSTATE[HY000] [1045] Access denied for user 'root'@'localhost' (using password: NO)
[11-Nov-2025 14:10:52 Europe/Berlin] DB connect failed for root@127.0.0.1:3306/blood_system: SQLSTATE[HY000] [1045] Access denied for user 'root'@'localhost' (using password: NO)
[11-Nov-2025 14:10:52 Europe/Berlin] DB connect failed for root@localhost:3306/blood_system: SQLSTATE[HY000] [1045] Access denied for user 'root'@'localhost' (using password: NO)
[11-Nov-2025 14:10:52 Europe/Berlin] Database connection established successfully
[11-Nov-2025 14:10:52 Europe/Berlin] Error checking if table exists: SQLSTATE[42000]: Syntax error or access violation: 1064 You have an error in your SQL syntax; check the manual that corresponds to your MariaDB server version for the right syntax to use near 'donors_new''' at line 1
[11-Nov-2025 14:10:52 Europe/Berlin] Error getting inventory: SQLSTATE[42000]: Syntax error or access violation: 1064 You have an error in your SQL syntax; check the manual that corresponds to your MariaDB server version for the right syntax to use near 'THEN 1 ELSE 0 END as expiring_soon
                FROM blood_inventory bi
...' at line 8
[11-Nov-2025 14:10:52 Europe/Berlin] Error checking if table exists: SQLSTATE[42000]: Syntax error or access violation: 1064 You have an error in your SQL syntax; check the manual that corresponds to your MariaDB server version for the right syntax to use near 'donors_new''' at line 1
[11-Nov-2025 14:10:52 Europe/Berlin] Inventory error: SQLSTATE[42000]: Syntax error or access violation: 1064 You have an error in your SQL syntax; check the manual that corresponds to your MariaDB server version for the right syntax to use near 'THEN 1 ELSE 0 END as expiring_soon,
                'blood_inventory' as data...' at line 3
[11-Nov-2025 14:10:52 Europe/Berlin] Error checking if table exists: SQLSTATE[42000]: Syntax error or access violation: 1064 You have an error in your SQL syntax; check the manual that corresponds to your MariaDB server version for the right syntax to use near 'donors_new''' at line 1
[11-Nov-2025 14:10:52 Europe/Berlin] Error getting inventory: SQLSTATE[42000]: Syntax error or access violation: 1064 You have an error in your SQL syntax; check the manual that corresponds to your MariaDB server version for the right syntax to use near 'THEN 1 ELSE 0 END as expiring_soon
                FROM blood_inventory bi
...' at line 8
[11-Nov-2025 14:10:52 Europe/Berlin] Error checking if table exists: SQLSTATE[42000]: Syntax error or access violation: 1064 You have an error in your SQL syntax; check the manual that corresponds to your MariaDB server version for the right syntax to use near 'donors_new''' at line 1
[11-Nov-2025 14:10:52 Europe/Berlin] Inventory error: SQLSTATE[42000]: Syntax error or access violation: 1064 You have an error in your SQL syntax; check the manual that corresponds to your MariaDB server version for the right syntax to use near 'THEN 1 ELSE 0 END as expiring_soon,
                'blood_inventory' as data...' at line 3
[11-Nov-2025 14:10:52 Europe/Berlin] Error checking if table exists: SQLSTATE[42000]: Syntax error or access violation: 1064 You have an error in your SQL syntax; check the manual that corresponds to your MariaDB server version for the right syntax to use near 'donors_new''' at line 1
[11-Nov-2025 14:10:52 Europe/Berlin] Error getting inventory: SQLSTATE[42000]: Syntax error or access violation: 1064 You have an error in your SQL syntax; check the manual that corresponds to your MariaDB server version for the right syntax to use near 'THEN 1 ELSE 0 END as expiring_soon
                FROM blood_inventory bi
...' at line 8
[11-Nov-2025 14:10:52 Europe/Berlin] Error checking if table exists: SQLSTATE[42000]: Syntax error or access violation: 1064 You have an error in your SQL syntax; check the manual that corresponds to your MariaDB server version for the right syntax to use near 'donors_new''' at line 1
[11-Nov-2025 14:10:52 Europe/Berlin] Inventory error: SQLSTATE[42000]: Syntax error or access violation: 1064 You have an error in your SQL syntax; check the manual that corresponds to your MariaDB server version for the right syntax to use near 'THEN 1 ELSE 0 END as expiring_soon,
                'blood_inventory' as data...' at line 3
[11-Nov-2025 14:10:52 Europe/Berlin] Error checking if table exists: SQLSTATE[42000]: Syntax error or access violation: 1064 You have an error in your SQL syntax; check the manual that corresponds to your MariaDB server version for the right syntax to use near 'donors_new''' at line 1
[11-Nov-2025 14:10:52 Europe/Berlin] Error getting inventory: SQLSTATE[42000]: Syntax error or access violation: 1064 You have an error in your SQL syntax; check the manual that corresponds to your MariaDB server version for the right syntax to use near 'THEN 1 ELSE 0 END as expiring_soon
                FROM blood_inventory bi
...' at line 8
[11-Nov-2025 14:10:52 Europe/Berlin] Error checking if table exists: SQLSTATE[42000]: Syntax error or access violation: 1064 You have an error in your SQL syntax; check the manual that corresponds to your MariaDB server version for the right syntax to use near 'donors_new''' at line 1
[11-Nov-2025 14:10:52 Europe/Berlin] Inventory error: SQLSTATE[42000]: Syntax error or access violation: 1064 You have an error in your SQL syntax; check the manual that corresponds to your MariaDB server version for the right syntax to use near 'THEN 1 ELSE 0 END as expiring_soon,
                'blood_inventory' as data...' at line 3
[11-Nov-2025 14:10:52 Europe/Berlin] Error checking if table exists: SQLSTATE[42000]: Syntax error or access violation: 1064 You have an error in your SQL syntax; check the manual that corresponds to your MariaDB server version for the right syntax to use near 'donors_new''' at line 1
[11-Nov-2025 14:10:52 Europe/Berlin] Error getting inventory: SQLSTATE[42000]: Syntax error or access violation: 1064 You have an error in your SQL syntax; check the manual that corresponds to your MariaDB server version for the right syntax to use near 'THEN 1 ELSE 0 END as expiring_soon
                FROM blood_inventory bi
...' at line 8
[11-Nov-2025 14:10:52 Europe/Berlin] Error checking if table exists: SQLSTATE[42000]: Syntax error or access violation: 1064 You have an error in your SQL syntax; check the manual that corresponds to your MariaDB server version for the right syntax to use near 'donors_new''' at line 1
[11-Nov-2025 14:10:52 Europe/Berlin] Inventory error: SQLSTATE[42000]: Syntax error or access violation: 1064 You have an error in your SQL syntax; check the manual that corresponds to your MariaDB server version for the right syntax to use near 'THEN 1 ELSE 0 END as expiring_soon,
                'blood_inventory' as data...' at line 3
[11-Nov-2025 14:10:52 Europe/Berlin] Error checking if table exists: SQLSTATE[42000]: Syntax error or access violation: 1064 You have an error in your SQL syntax; check the manual that corresponds to your MariaDB server version for the right syntax to use near 'donors_new''' at line 1
[11-Nov-2025 14:10:52 Europe/Berlin] Error getting inventory: SQLSTATE[42000]: Syntax error or access violation: 1064 You have an error in your SQL syntax; check the manual that corresponds to your MariaDB server version for the right syntax to use near 'THEN 1 ELSE 0 END as expiring_soon
                FROM blood_inventory bi
...' at line 8
[11-Nov-2025 14:10:52 Europe/Berlin] Inventory error: SQLSTATE[42000]: Syntax error or access violation: 1064 You have an error in your SQL syntax; check the manual that corresponds to your MariaDB server version for the right syntax to use near 'THEN 1 ELSE 0 END as expiring_soon,
                'blood_inventory' as data...' at line 3
[11-Nov-2025 14:10:52 Europe/Berlin] ✓ Blood inventory audit logged: unit_backfilled for unit 220 by admin
[11-Nov-2025 14:10:52 Europe/Berlin] ✓ Admin audit log inserted: unit_backfilled for unit 220 by admin
[11-Nov-2025 14:10:52 Europe/Berlin] ✓ Blood inventory audit logged: unit_backfilled for unit 221 by admin
[11-Nov-2025 14:10:52 Europe/Berlin] ✓ Admin audit log inserted: unit_backfilled for unit 221 by admin
[11-Nov-2025 14:10:52 Europe/Berlin] PHP Warning:  Cannot modify header information - headers already sent by (output started at C:\xampp\htdocs\blood-donation-pwa-1\tests\inventory_manager_consistency.php:100) in C:\xampp\htdocs\blood-donation-pwa-1\admin.php on line 23
[11-Nov-2025 14:10:52 Europe/Berlin] PHP Warning:  Cannot modify header information - headers already sent by (output started at C:\xampp\htdocs\blood-donation-pwa-1\tests\inventory_manager_consistency.php:100) in C:\xampp\htdocs\blood-donation-pwa-1\admin.php on line 24
[11-Nov-2025 14:10:52 Europe/Berlin] PHP Warning:  Cannot modify header information - headers already sent by (output started at C:\xampp\htdocs\blood-donation-pwa-1\tests\inventory_manager_consistency.php:100) in C:\xampp\htdocs\blood-donation-pwa-1\admin.php on line 25
[11-Nov-2025 14:10:52 Europe/Berlin] PHP Warning:  Cannot modify header information - headers already sent by (output started at C:\xampp\htdocs\blood-donation-pwa-1\tests\inventory_manager_consistency.php:100) in C:\xampp\htdocs\blood-donation-pwa-1\admin.php on line 26
[11-Nov-2025 14:10:52 Europe/Berlin] PHP Warning:  Undefined array key "REQUEST_METHOD" in C:\xampp\htdocs\blood-donation-pwa-1\admin.php on line 81
[11-Nov-2025 14:10:52 Europe/Berlin] PHP Warning:  Constant INCLUDES_PATH already defined in C:\xampp\htdocs\blood-donation-pwa-1\admin.php on line 158
[11-Nov-2025 14:10:52 Europe/Berlin] PHP Warning:  Undefined array key "REQUEST_METHOD" in C:\xampp\htdocs\blood-donation-pwa-1\admin.php on line 164
[11-Nov-2025 14:10:52 Europe/Berlin] Donor not found in approveDonor: 146
[11-Nov-2025 14:10:52 Europe/Berlin] Error approving donor: Donor not found
[11-Nov-2025 14:10:52 Europe/Berlin] Error updating donor status: Donor not found
[11-Nov-2025 14:10:52 Europe/Berlin] Stack trace: #0 C:\xampp\htdocs\blood-donation-pwa-1\tests\test_donor_approval.php(43): updateDonorStatus(Object(PDO), 147, 'rejected', 'Test rejection ...', 1)
#1 C:\xampp\htdocs\blood-donation-pwa-1\tests\run_all_tests.php(44): require_once('C:\\xampp\\htdocs...')
#2 {main}
[11-Nov-2025 14:10:52 Europe/Berlin] Error checking if table exists: SQLSTATE[42000]: Syntax error or access violation: 1064 You have an error in your SQL syntax; check the manual that corresponds to your MariaDB server version for the right syntax to use near 'donations_new''' at line 1
[11-Nov-2025 14:10:52 Europe/Berlin] Error checking if table exists: SQLSTATE[42000]: Syntax error or access violation: 1064 You have an error in your SQL syntax; check the manual that corresponds to your MariaDB server version for the right syntax to use near 'admin_audit_log''' at line 1
[11-Nov-2025 14:10:52 Europe/Berlin] Error checking if table exists: SQLSTATE[42000]: Syntax error or access violation: 1064 You have an error in your SQL syntax; check the manual that corresponds to your MariaDB server version for the right syntax to use near 'blood_inventory''' at line 1
[11-Nov-2025 21:10:53 Asia/Manila] ✓ Audit logged: donor_served on donors (ID: 8) by admin
[11-Nov-2025 21:10:53 Asia/Manila] ✓ Audit logged: donor_served on donors (ID: 8) by admin
[11-Nov-2025 21:10:53 Asia/Manila] ✓ Audit logged: donor_served on donors (ID: 9) by admin
[11-Nov-2025 21:10:53 Asia/Manila] PHP Fatal error:  Cannot redeclare dbDriver() (previously declared in C:\xampp\htdocs\blood-donation-pwa-1\tests\test_mark_donor_served.php:20) in C:\xampp\htdocs\blood-donation-pwa-1\tests\test_mark_multiple_donors_served.php on line 18
[11-Nov-2025 14:11:44 Europe/Berlin] DB connect failed for root@localhost:3306/blood_system: SQLSTATE[HY000] [1045] Access denied for user 'root'@'localhost' (using password: NO)
[11-Nov-2025 14:11:44 Europe/Berlin] DB connect failed for root@127.0.0.1:3306/blood_system: SQLSTATE[HY000] [1045] Access denied for user 'root'@'localhost' (using password: NO)
[11-Nov-2025 14:11:44 Europe/Berlin] DB connect failed for root@localhost:3306/blood_system: SQLSTATE[HY000] [1045] Access denied for user 'root'@'localhost' (using password: NO)
[11-Nov-2025 14:11:44 Europe/Berlin] Database connection established successfully
[11-Nov-2025 14:11:44 Europe/Berlin] Error checking if table exists: SQLSTATE[42000]: Syntax error or access violation: 1064 You have an error in your SQL syntax; check the manual that corresponds to your MariaDB server version for the right syntax to use near 'donations_new''' at line 1
[11-Nov-2025 14:11:44 Europe/Berlin] Error checking if table exists: SQLSTATE[42000]: Syntax error or access violation: 1064 You have an error in your SQL syntax; check the manual that corresponds to your MariaDB server version for the right syntax to use near 'admin_audit_log''' at line 1
[11-Nov-2025 14:11:44 Europe/Berlin] Error checking if table exists: SQLSTATE[42000]: Syntax error or access violation: 1064 You have an error in your SQL syntax; check the manual that corresponds to your MariaDB server version for the right syntax to use near 'blood_inventory''' at line 1
[11-Nov-2025 21:11:44 Asia/Manila] ✓ Audit logged: donor_served on donors (ID: 10) by admin
[11-Nov-2025 21:11:45 Asia/Manila] ✓ Audit logged: donor_served on donors (ID: 10) by admin
[11-Nov-2025 21:11:45 Asia/Manila] ✓ Audit logged: donor_served on donors (ID: 11) by admin
[11-Nov-2025 14:13:13 Europe/Berlin] DB connect failed for root@localhost:3306/blood_system: SQLSTATE[HY000] [1045] Access denied for user 'root'@'localhost' (using password: NO)
[11-Nov-2025 14:13:13 Europe/Berlin] DB connect failed for root@127.0.0.1:3306/blood_system: SQLSTATE[HY000] [1045] Access denied for user 'root'@'localhost' (using password: NO)
[11-Nov-2025 14:13:13 Europe/Berlin] DB connect failed for root@localhost:3306/blood_system: SQLSTATE[HY000] [1045] Access denied for user 'root'@'localhost' (using password: NO)
[11-Nov-2025 14:13:13 Europe/Berlin] Database connection established successfully
[11-Nov-2025 14:13:13 Europe/Berlin] Error checking if table exists: SQLSTATE[42000]: Syntax error or access violation: 1064 You have an error in your SQL syntax; check the manual that corresponds to your MariaDB server version for the right syntax to use near 'donations_new''' at line 1
[11-Nov-2025 14:13:13 Europe/Berlin] Error checking if table exists: SQLSTATE[42000]: Syntax error or access violation: 1064 You have an error in your SQL syntax; check the manual that corresponds to your MariaDB server version for the right syntax to use near 'admin_audit_log''' at line 1
[11-Nov-2025 14:13:13 Europe/Berlin] Error checking if table exists: SQLSTATE[42000]: Syntax error or access violation: 1064 You have an error in your SQL syntax; check the manual that corresponds to your MariaDB server version for the right syntax to use near 'blood_inventory''' at line 1
[11-Nov-2025 21:13:13 Asia/Manila] ✓ Audit logged: donor_served on donors (ID: 12) by admin
[11-Nov-2025 21:13:13 Asia/Manila] ✓ Audit logged: donor_served on donors (ID: 13) by admin
[11-Nov-2025 21:13:14 Asia/Manila] ✓ Audit logged: donor_served on donors (ID: 14) by admin
[11-Nov-2025 21:13:14 Asia/Manila] ✓ Audit logged: donor_served on donors (ID: 12) by admin
[11-Nov-2025 21:13:14 Asia/Manila] ✓ Audit logged: donor_served on donors (ID: 13) by admin
[11-Nov-2025 21:13:15 Asia/Manila] ✓ Audit logged: donor_served on donors (ID: 14) by admin
[11-Nov-2025 14:14:44 Europe/Berlin] DB connect failed for root@localhost:3306/blood_system: SQLSTATE[HY000] [1045] Access denied for user 'root'@'localhost' (using password: NO)
[11-Nov-2025 14:14:44 Europe/Berlin] DB connect failed for root@127.0.0.1:3306/blood_system: SQLSTATE[HY000] [1045] Access denied for user 'root'@'localhost' (using password: NO)
[11-Nov-2025 14:14:44 Europe/Berlin] DB connect failed for root@localhost:3306/blood_system: SQLSTATE[HY000] [1045] Access denied for user 'root'@'localhost' (using password: NO)
[11-Nov-2025 14:14:44 Europe/Berlin] Database connection established successfully
[11-Nov-2025 14:14:44 Europe/Berlin] Error checking if table exists: SQLSTATE[42000]: Syntax error or access violation: 1064 You have an error in your SQL syntax; check the manual that corresponds to your MariaDB server version for the right syntax to use near 'donors_new''' at line 1
[11-Nov-2025 14:14:44 Europe/Berlin] Error getting inventory: SQLSTATE[42000]: Syntax error or access violation: 1064 You have an error in your SQL syntax; check the manual that corresponds to your MariaDB server version for the right syntax to use near 'THEN 1 ELSE 0 END as expiring_soon
                FROM blood_inventory bi
...' at line 8
[11-Nov-2025 14:14:44 Europe/Berlin] Error checking if table exists: SQLSTATE[42000]: Syntax error or access violation: 1064 You have an error in your SQL syntax; check the manual that corresponds to your MariaDB server version for the right syntax to use near 'donors_new''' at line 1
[11-Nov-2025 14:14:44 Europe/Berlin] Inventory error: SQLSTATE[42000]: Syntax error or access violation: 1064 You have an error in your SQL syntax; check the manual that corresponds to your MariaDB server version for the right syntax to use near 'THEN 1 ELSE 0 END as expiring_soon,
                'blood_inventory' as data...' at line 3
[11-Nov-2025 14:14:44 Europe/Berlin] Error checking if table exists: SQLSTATE[42000]: Syntax error or access violation: 1064 You have an error in your SQL syntax; check the manual that corresponds to your MariaDB server version for the right syntax to use near 'donors_new''' at line 1
[11-Nov-2025 14:14:44 Europe/Berlin] Error getting inventory: SQLSTATE[42000]: Syntax error or access violation: 1064 You have an error in your SQL syntax; check the manual that corresponds to your MariaDB server version for the right syntax to use near 'THEN 1 ELSE 0 END as expiring_soon
                FROM blood_inventory bi
...' at line 8
[11-Nov-2025 14:14:44 Europe/Berlin] Error checking if table exists: SQLSTATE[42000]: Syntax error or access violation: 1064 You have an error in your SQL syntax; check the manual that corresponds to your MariaDB server version for the right syntax to use near 'donors_new''' at line 1
[11-Nov-2025 14:14:44 Europe/Berlin] Inventory error: SQLSTATE[42000]: Syntax error or access violation: 1064 You have an error in your SQL syntax; check the manual that corresponds to your MariaDB server version for the right syntax to use near 'THEN 1 ELSE 0 END as expiring_soon,
                'blood_inventory' as data...' at line 3
[11-Nov-2025 14:14:44 Europe/Berlin] Error checking if table exists: SQLSTATE[42000]: Syntax error or access violation: 1064 You have an error in your SQL syntax; check the manual that corresponds to your MariaDB server version for the right syntax to use near 'donors_new''' at line 1
[11-Nov-2025 14:14:44 Europe/Berlin] Error getting inventory: SQLSTATE[42000]: Syntax error or access violation: 1064 You have an error in your SQL syntax; check the manual that corresponds to your MariaDB server version for the right syntax to use near 'THEN 1 ELSE 0 END as expiring_soon
                FROM blood_inventory bi
...' at line 8
[11-Nov-2025 14:14:44 Europe/Berlin] Error checking if table exists: SQLSTATE[42000]: Syntax error or access violation: 1064 You have an error in your SQL syntax; check the manual that corresponds to your MariaDB server version for the right syntax to use near 'donors_new''' at line 1
[11-Nov-2025 14:14:44 Europe/Berlin] Inventory error: SQLSTATE[42000]: Syntax error or access violation: 1064 You have an error in your SQL syntax; check the manual that corresponds to your MariaDB server version for the right syntax to use near 'THEN 1 ELSE 0 END as expiring_soon,
                'blood_inventory' as data...' at line 3
[11-Nov-2025 14:14:44 Europe/Berlin] Error checking if table exists: SQLSTATE[42000]: Syntax error or access violation: 1064 You have an error in your SQL syntax; check the manual that corresponds to your MariaDB server version for the right syntax to use near 'donors_new''' at line 1
[11-Nov-2025 14:14:44 Europe/Berlin] Error getting inventory: SQLSTATE[42000]: Syntax error or access violation: 1064 You have an error in your SQL syntax; check the manual that corresponds to your MariaDB server version for the right syntax to use near 'THEN 1 ELSE 0 END as expiring_soon
                FROM blood_inventory bi
...' at line 8
[11-Nov-2025 14:14:44 Europe/Berlin] Error checking if table exists: SQLSTATE[42000]: Syntax error or access violation: 1064 You have an error in your SQL syntax; check the manual that corresponds to your MariaDB server version for the right syntax to use near 'donors_new''' at line 1
[11-Nov-2025 14:14:44 Europe/Berlin] Inventory error: SQLSTATE[42000]: Syntax error or access violation: 1064 You have an error in your SQL syntax; check the manual that corresponds to your MariaDB server version for the right syntax to use near 'THEN 1 ELSE 0 END as expiring_soon,
                'blood_inventory' as data...' at line 3
[11-Nov-2025 14:14:44 Europe/Berlin] Error checking if table exists: SQLSTATE[42000]: Syntax error or access violation: 1064 You have an error in your SQL syntax; check the manual that corresponds to your MariaDB server version for the right syntax to use near 'donors_new''' at line 1
[11-Nov-2025 14:14:44 Europe/Berlin] Error getting inventory: SQLSTATE[42000]: Syntax error or access violation: 1064 You have an error in your SQL syntax; check the manual that corresponds to your MariaDB server version for the right syntax to use near 'THEN 1 ELSE 0 END as expiring_soon
                FROM blood_inventory bi
...' at line 8
[11-Nov-2025 14:14:44 Europe/Berlin] Error checking if table exists: SQLSTATE[42000]: Syntax error or access violation: 1064 You have an error in your SQL syntax; check the manual that corresponds to your MariaDB server version for the right syntax to use near 'donors_new''' at line 1
[11-Nov-2025 14:14:44 Europe/Berlin] Inventory error: SQLSTATE[42000]: Syntax error or access violation: 1064 You have an error in your SQL syntax; check the manual that corresponds to your MariaDB server version for the right syntax to use near 'THEN 1 ELSE 0 END as expiring_soon,
                'blood_inventory' as data...' at line 3
[11-Nov-2025 14:14:44 Europe/Berlin] Error checking if table exists: SQLSTATE[42000]: Syntax error or access violation: 1064 You have an error in your SQL syntax; check the manual that corresponds to your MariaDB server version for the right syntax to use near 'donors_new''' at line 1
[11-Nov-2025 14:14:44 Europe/Berlin] Error getting inventory: SQLSTATE[42000]: Syntax error or access violation: 1064 You have an error in your SQL syntax; check the manual that corresponds to your MariaDB server version for the right syntax to use near 'THEN 1 ELSE 0 END as expiring_soon
                FROM blood_inventory bi
...' at line 8
[11-Nov-2025 14:14:44 Europe/Berlin] Inventory error: SQLSTATE[42000]: Syntax error or access violation: 1064 You have an error in your SQL syntax; check the manual that corresponds to your MariaDB server version for the right syntax to use near 'THEN 1 ELSE 0 END as expiring_soon,
                'blood_inventory' as data...' at line 3
[11-Nov-2025 14:14:44 Europe/Berlin] ✓ Blood inventory audit logged: unit_backfilled for unit 234 by admin
[11-Nov-2025 14:14:44 Europe/Berlin] ✓ Admin audit log inserted: unit_backfilled for unit 234 by admin
[11-Nov-2025 14:14:44 Europe/Berlin] ✓ Blood inventory audit logged: unit_backfilled for unit 235 by admin
[11-Nov-2025 14:14:44 Europe/Berlin] ✓ Admin audit log inserted: unit_backfilled for unit 235 by admin
[11-Nov-2025 14:14:44 Europe/Berlin] ✓ Blood inventory audit logged: unit_backfilled for unit 236 by admin
[11-Nov-2025 14:14:44 Europe/Berlin] ✓ Admin audit log inserted: unit_backfilled for unit 236 by admin
[11-Nov-2025 14:14:44 Europe/Berlin] ✓ Blood inventory audit logged: unit_backfilled for unit 237 by admin
[11-Nov-2025 14:14:44 Europe/Berlin] ✓ Admin audit log inserted: unit_backfilled for unit 237 by admin
[11-Nov-2025 14:14:44 Europe/Berlin] ✓ Blood inventory audit logged: unit_backfilled for unit 238 by admin
[11-Nov-2025 14:14:44 Europe/Berlin] ✓ Admin audit log inserted: unit_backfilled for unit 238 by admin
[11-Nov-2025 14:14:44 Europe/Berlin] ✓ Blood inventory audit logged: unit_backfilled for unit 239 by admin
[11-Nov-2025 14:14:44 Europe/Berlin] ✓ Admin audit log inserted: unit_backfilled for unit 239 by admin
[11-Nov-2025 14:14:44 Europe/Berlin] ✓ Blood inventory audit logged: unit_backfilled for unit 240 by admin
[11-Nov-2025 14:14:44 Europe/Berlin] ✓ Admin audit log inserted: unit_backfilled for unit 240 by admin
[11-Nov-2025 14:14:44 Europe/Berlin] PHP Warning:  Cannot modify header information - headers already sent by (output started at C:\xampp\htdocs\blood-donation-pwa-1\tests\inventory_manager_consistency.php:100) in C:\xampp\htdocs\blood-donation-pwa-1\admin.php on line 23
[11-Nov-2025 14:14:44 Europe/Berlin] PHP Warning:  Cannot modify header information - headers already sent by (output started at C:\xampp\htdocs\blood-donation-pwa-1\tests\inventory_manager_consistency.php:100) in C:\xampp\htdocs\blood-donation-pwa-1\admin.php on line 24
[11-Nov-2025 14:14:44 Europe/Berlin] PHP Warning:  Cannot modify header information - headers already sent by (output started at C:\xampp\htdocs\blood-donation-pwa-1\tests\inventory_manager_consistency.php:100) in C:\xampp\htdocs\blood-donation-pwa-1\admin.php on line 25
[11-Nov-2025 14:14:44 Europe/Berlin] PHP Warning:  Cannot modify header information - headers already sent by (output started at C:\xampp\htdocs\blood-donation-pwa-1\tests\inventory_manager_consistency.php:100) in C:\xampp\htdocs\blood-donation-pwa-1\admin.php on line 26
[11-Nov-2025 14:14:44 Europe/Berlin] PHP Warning:  Undefined array key "REQUEST_METHOD" in C:\xampp\htdocs\blood-donation-pwa-1\admin.php on line 81
[11-Nov-2025 14:14:44 Europe/Berlin] PHP Warning:  Constant INCLUDES_PATH already defined in C:\xampp\htdocs\blood-donation-pwa-1\admin.php on line 158
[11-Nov-2025 14:14:44 Europe/Berlin] PHP Warning:  Undefined array key "REQUEST_METHOD" in C:\xampp\htdocs\blood-donation-pwa-1\admin.php on line 164
[11-Nov-2025 14:14:44 Europe/Berlin] Donor not found in approveDonor: 148
[11-Nov-2025 14:14:44 Europe/Berlin] Error approving donor: Donor not found
[11-Nov-2025 14:14:44 Europe/Berlin] Error updating donor status: Donor not found
[11-Nov-2025 14:14:44 Europe/Berlin] Stack trace: #0 C:\xampp\htdocs\blood-donation-pwa-1\tests\test_donor_approval.php(43): updateDonorStatus(Object(PDO), 149, 'rejected', 'Test rejection ...', 1)
#1 C:\xampp\htdocs\blood-donation-pwa-1\tests\run_all_tests.php(44): require_once('C:\\xampp\\htdocs...')
#2 {main}
[11-Nov-2025 14:14:44 Europe/Berlin] Error checking if table exists: SQLSTATE[42000]: Syntax error or access violation: 1064 You have an error in your SQL syntax; check the manual that corresponds to your MariaDB server version for the right syntax to use near 'donations_new''' at line 1
[11-Nov-2025 14:14:44 Europe/Berlin] Error checking if table exists: SQLSTATE[42000]: Syntax error or access violation: 1064 You have an error in your SQL syntax; check the manual that corresponds to your MariaDB server version for the right syntax to use near 'admin_audit_log''' at line 1
[11-Nov-2025 14:14:44 Europe/Berlin] Error checking if table exists: SQLSTATE[42000]: Syntax error or access violation: 1064 You have an error in your SQL syntax; check the manual that corresponds to your MariaDB server version for the right syntax to use near 'blood_inventory''' at line 1
[11-Nov-2025 21:14:44 Asia/Manila] ✓ Audit logged: donor_served on donors (ID: 15) by admin
[11-Nov-2025 21:14:45 Asia/Manila] ✓ Audit logged: donor_served on donors (ID: 15) by admin
[11-Nov-2025 21:14:45 Asia/Manila] ✓ Audit logged: donor_served on donors (ID: 16) by admin
[11-Nov-2025 21:14:45 Asia/Manila] PHP Fatal error:  Cannot redeclare dbDriver() (previously declared in C:\xampp\htdocs\blood-donation-pwa-1\tests\test_mark_donor_served.php:20) in C:\xampp\htdocs\blood-donation-pwa-1\tests\test_mark_multiple_donors_served.php on line 18
[11-Nov-2025 14:21:41 Europe/Berlin] DB connect failed for root@localhost:3306/blood_system: SQLSTATE[HY000] [1045] Access denied for user 'root'@'localhost' (using password: NO)
[11-Nov-2025 14:21:41 Europe/Berlin] DB connect failed for root@127.0.0.1:3306/blood_system: SQLSTATE[HY000] [1045] Access denied for user 'root'@'localhost' (using password: NO)
[11-Nov-2025 14:21:41 Europe/Berlin] DB connect failed for root@localhost:3306/blood_system: SQLSTATE[HY000] [1045] Access denied for user 'root'@'localhost' (using password: NO)
[11-Nov-2025 14:21:41 Europe/Berlin] Database connection established successfully
[11-Nov-2025 14:21:41 Europe/Berlin] Error checking if table exists: SQLSTATE[42000]: Syntax error or access violation: 1064 You have an error in your SQL syntax; check the manual that corresponds to your MariaDB server version for the right syntax to use near 'donors_new''' at line 1
[11-Nov-2025 14:21:41 Europe/Berlin] Error getting inventory: SQLSTATE[42000]: Syntax error or access violation: 1064 You have an error in your SQL syntax; check the manual that corresponds to your MariaDB server version for the right syntax to use near 'THEN 1 ELSE 0 END as expiring_soon
                FROM blood_inventory bi
...' at line 8
[11-Nov-2025 14:21:41 Europe/Berlin] Error checking if table exists: SQLSTATE[42000]: Syntax error or access violation: 1064 You have an error in your SQL syntax; check the manual that corresponds to your MariaDB server version for the right syntax to use near 'donors_new''' at line 1
[11-Nov-2025 14:21:41 Europe/Berlin] Inventory error: SQLSTATE[42000]: Syntax error or access violation: 1064 You have an error in your SQL syntax; check the manual that corresponds to your MariaDB server version for the right syntax to use near 'THEN 1 ELSE 0 END as expiring_soon,
                'blood_inventory' as data...' at line 3
[11-Nov-2025 14:21:41 Europe/Berlin] Error checking if table exists: SQLSTATE[42000]: Syntax error or access violation: 1064 You have an error in your SQL syntax; check the manual that corresponds to your MariaDB server version for the right syntax to use near 'donors_new''' at line 1
[11-Nov-2025 14:21:42 Europe/Berlin] Error getting inventory: SQLSTATE[42000]: Syntax error or access violation: 1064 You have an error in your SQL syntax; check the manual that corresponds to your MariaDB server version for the right syntax to use near 'THEN 1 ELSE 0 END as expiring_soon
                FROM blood_inventory bi
...' at line 8
[11-Nov-2025 14:21:42 Europe/Berlin] Error checking if table exists: SQLSTATE[42000]: Syntax error or access violation: 1064 You have an error in your SQL syntax; check the manual that corresponds to your MariaDB server version for the right syntax to use near 'donors_new''' at line 1
[11-Nov-2025 14:21:42 Europe/Berlin] Inventory error: SQLSTATE[42000]: Syntax error or access violation: 1064 You have an error in your SQL syntax; check the manual that corresponds to your MariaDB server version for the right syntax to use near 'THEN 1 ELSE 0 END as expiring_soon,
                'blood_inventory' as data...' at line 3
[11-Nov-2025 14:21:42 Europe/Berlin] Error checking if table exists: SQLSTATE[42000]: Syntax error or access violation: 1064 You have an error in your SQL syntax; check the manual that corresponds to your MariaDB server version for the right syntax to use near 'donors_new''' at line 1
[11-Nov-2025 14:21:42 Europe/Berlin] Error getting inventory: SQLSTATE[42000]: Syntax error or access violation: 1064 You have an error in your SQL syntax; check the manual that corresponds to your MariaDB server version for the right syntax to use near 'THEN 1 ELSE 0 END as expiring_soon
                FROM blood_inventory bi
...' at line 8
[11-Nov-2025 14:21:42 Europe/Berlin] Error checking if table exists: SQLSTATE[42000]: Syntax error or access violation: 1064 You have an error in your SQL syntax; check the manual that corresponds to your MariaDB server version for the right syntax to use near 'donors_new''' at line 1
[11-Nov-2025 14:21:42 Europe/Berlin] Inventory error: SQLSTATE[42000]: Syntax error or access violation: 1064 You have an error in your SQL syntax; check the manual that corresponds to your MariaDB server version for the right syntax to use near 'THEN 1 ELSE 0 END as expiring_soon,
                'blood_inventory' as data...' at line 3
[11-Nov-2025 14:21:42 Europe/Berlin] Error checking if table exists: SQLSTATE[42000]: Syntax error or access violation: 1064 You have an error in your SQL syntax; check the manual that corresponds to your MariaDB server version for the right syntax to use near 'donors_new''' at line 1
[11-Nov-2025 14:21:42 Europe/Berlin] Error getting inventory: SQLSTATE[42000]: Syntax error or access violation: 1064 You have an error in your SQL syntax; check the manual that corresponds to your MariaDB server version for the right syntax to use near 'THEN 1 ELSE 0 END as expiring_soon
                FROM blood_inventory bi
...' at line 8
[11-Nov-2025 14:21:42 Europe/Berlin] Error checking if table exists: SQLSTATE[42000]: Syntax error or access violation: 1064 You have an error in your SQL syntax; check the manual that corresponds to your MariaDB server version for the right syntax to use near 'donors_new''' at line 1
[11-Nov-2025 14:21:42 Europe/Berlin] Inventory error: SQLSTATE[42000]: Syntax error or access violation: 1064 You have an error in your SQL syntax; check the manual that corresponds to your MariaDB server version for the right syntax to use near 'THEN 1 ELSE 0 END as expiring_soon,
                'blood_inventory' as data...' at line 3
[11-Nov-2025 14:21:42 Europe/Berlin] Error checking if table exists: SQLSTATE[42000]: Syntax error or access violation: 1064 You have an error in your SQL syntax; check the manual that corresponds to your MariaDB server version for the right syntax to use near 'donors_new''' at line 1
[11-Nov-2025 14:21:42 Europe/Berlin] Error getting inventory: SQLSTATE[42000]: Syntax error or access violation: 1064 You have an error in your SQL syntax; check the manual that corresponds to your MariaDB server version for the right syntax to use near 'THEN 1 ELSE 0 END as expiring_soon
                FROM blood_inventory bi
...' at line 8
[11-Nov-2025 14:21:42 Europe/Berlin] Error checking if table exists: SQLSTATE[42000]: Syntax error or access violation: 1064 You have an error in your SQL syntax; check the manual that corresponds to your MariaDB server version for the right syntax to use near 'donors_new''' at line 1
[11-Nov-2025 14:21:42 Europe/Berlin] Inventory error: SQLSTATE[42000]: Syntax error or access violation: 1064 You have an error in your SQL syntax; check the manual that corresponds to your MariaDB server version for the right syntax to use near 'THEN 1 ELSE 0 END as expiring_soon,
                'blood_inventory' as data...' at line 3
[11-Nov-2025 14:21:42 Europe/Berlin] Error checking if table exists: SQLSTATE[42000]: Syntax error or access violation: 1064 You have an error in your SQL syntax; check the manual that corresponds to your MariaDB server version for the right syntax to use near 'donors_new''' at line 1
[11-Nov-2025 14:21:42 Europe/Berlin] Error getting inventory: SQLSTATE[42000]: Syntax error or access violation: 1064 You have an error in your SQL syntax; check the manual that corresponds to your MariaDB server version for the right syntax to use near 'THEN 1 ELSE 0 END as expiring_soon
                FROM blood_inventory bi
...' at line 8
[11-Nov-2025 14:21:42 Europe/Berlin] Inventory error: SQLSTATE[42000]: Syntax error or access violation: 1064 You have an error in your SQL syntax; check the manual that corresponds to your MariaDB server version for the right syntax to use near 'THEN 1 ELSE 0 END as expiring_soon,
                'blood_inventory' as data...' at line 3
[11-Nov-2025 14:21:42 Europe/Berlin] ✓ Blood inventory audit logged: unit_backfilled for unit 244 by admin
[11-Nov-2025 14:21:42 Europe/Berlin] ✓ Admin audit log inserted: unit_backfilled for unit 244 by admin
[11-Nov-2025 14:21:42 Europe/Berlin] ✓ Blood inventory audit logged: unit_backfilled for unit 245 by admin
[11-Nov-2025 14:21:42 Europe/Berlin] ✓ Admin audit log inserted: unit_backfilled for unit 245 by admin
[11-Nov-2025 14:21:42 Europe/Berlin] PHP Warning:  Cannot modify header information - headers already sent by (output started at C:\xampp\htdocs\blood-donation-pwa-1\tests\inventory_manager_consistency.php:100) in C:\xampp\htdocs\blood-donation-pwa-1\admin.php on line 23
[11-Nov-2025 14:21:42 Europe/Berlin] PHP Warning:  Cannot modify header information - headers already sent by (output started at C:\xampp\htdocs\blood-donation-pwa-1\tests\inventory_manager_consistency.php:100) in C:\xampp\htdocs\blood-donation-pwa-1\admin.php on line 24
[11-Nov-2025 14:21:42 Europe/Berlin] PHP Warning:  Cannot modify header information - headers already sent by (output started at C:\xampp\htdocs\blood-donation-pwa-1\tests\inventory_manager_consistency.php:100) in C:\xampp\htdocs\blood-donation-pwa-1\admin.php on line 25
[11-Nov-2025 14:21:42 Europe/Berlin] PHP Warning:  Cannot modify header information - headers already sent by (output started at C:\xampp\htdocs\blood-donation-pwa-1\tests\inventory_manager_consistency.php:100) in C:\xampp\htdocs\blood-donation-pwa-1\admin.php on line 26
[11-Nov-2025 14:21:42 Europe/Berlin] PHP Warning:  Undefined array key "REQUEST_METHOD" in C:\xampp\htdocs\blood-donation-pwa-1\admin.php on line 81
[11-Nov-2025 14:21:42 Europe/Berlin] PHP Warning:  Constant INCLUDES_PATH already defined in C:\xampp\htdocs\blood-donation-pwa-1\admin.php on line 158
[11-Nov-2025 14:21:42 Europe/Berlin] PHP Warning:  Undefined array key "REQUEST_METHOD" in C:\xampp\htdocs\blood-donation-pwa-1\admin.php on line 164
[11-Nov-2025 14:21:42 Europe/Berlin] Donor not found in approveDonor: 150
[11-Nov-2025 14:21:42 Europe/Berlin] Error approving donor: Donor not found
[11-Nov-2025 14:21:42 Europe/Berlin] Error updating donor status: Donor not found
[11-Nov-2025 14:21:42 Europe/Berlin] Stack trace: #0 C:\xampp\htdocs\blood-donation-pwa-1\tests\test_donor_approval.php(43): updateDonorStatus(Object(PDO), 151, 'rejected', 'Test rejection ...', 1)
#1 C:\xampp\htdocs\blood-donation-pwa-1\tests\run_all_tests.php(44): require_once('C:\\xampp\\htdocs...')
#2 {main}
[11-Nov-2025 14:21:42 Europe/Berlin] Error checking if table exists: SQLSTATE[42000]: Syntax error or access violation: 1064 You have an error in your SQL syntax; check the manual that corresponds to your MariaDB server version for the right syntax to use near 'donations_new''' at line 1
[11-Nov-2025 14:21:42 Europe/Berlin] Error checking if table exists: SQLSTATE[42000]: Syntax error or access violation: 1064 You have an error in your SQL syntax; check the manual that corresponds to your MariaDB server version for the right syntax to use near 'admin_audit_log''' at line 1
[11-Nov-2025 14:21:42 Europe/Berlin] Error checking if table exists: SQLSTATE[42000]: Syntax error or access violation: 1064 You have an error in your SQL syntax; check the manual that corresponds to your MariaDB server version for the right syntax to use near 'blood_inventory''' at line 1
[11-Nov-2025 21:21:42 Asia/Manila] ✓ Audit logged: donor_served on donors (ID: 17) by admin
[11-Nov-2025 21:21:42 Asia/Manila] ✓ Audit logged: donor_served on donors (ID: 17) by admin
[11-Nov-2025 21:21:43 Asia/Manila] ✓ Audit logged: donor_served on donors (ID: 18) by admin
[11-Nov-2025 21:21:43 Asia/Manila] PHP Fatal error:  Cannot redeclare dbDriver() (previously declared in C:\xampp\htdocs\blood-donation-pwa-1\tests\test_mark_donor_served.php:20) in C:\xampp\htdocs\blood-donation-pwa-1\tests\test_mark_multiple_donors_served.php on line 18
[11-Nov-2025 14:23:43 Europe/Berlin] DB connect failed for root@localhost:3306/blood_system: SQLSTATE[HY000] [1045] Access denied for user 'root'@'localhost' (using password: NO)
[11-Nov-2025 14:23:43 Europe/Berlin] DB connect failed for root@127.0.0.1:3306/blood_system: SQLSTATE[HY000] [1045] Access denied for user 'root'@'localhost' (using password: NO)
[11-Nov-2025 14:23:43 Europe/Berlin] DB connect failed for root@localhost:3306/blood_system: SQLSTATE[HY000] [1045] Access denied for user 'root'@'localhost' (using password: NO)
[11-Nov-2025 14:23:43 Europe/Berlin] Database connection established successfully
[11-Nov-2025 14:23:43 Europe/Berlin] Error checking if table exists: SQLSTATE[42000]: Syntax error or access violation: 1064 You have an error in your SQL syntax; check the manual that corresponds to your MariaDB server version for the right syntax to use near 'donations_new''' at line 1
[11-Nov-2025 14:23:43 Europe/Berlin] Error checking if table exists: SQLSTATE[42000]: Syntax error or access violation: 1064 You have an error in your SQL syntax; check the manual that corresponds to your MariaDB server version for the right syntax to use near 'admin_audit_log''' at line 1
[11-Nov-2025 14:23:43 Europe/Berlin] Error checking if table exists: SQLSTATE[42000]: Syntax error or access violation: 1064 You have an error in your SQL syntax; check the manual that corresponds to your MariaDB server version for the right syntax to use near 'blood_inventory''' at line 1
[11-Nov-2025 21:23:43 Asia/Manila] ✓ Audit logged: donor_served on donors (ID: 19) by admin
[11-Nov-2025 21:23:44 Asia/Manila] ✓ Audit logged: donor_served on donors (ID: 19) by admin
[11-Nov-2025 21:23:44 Asia/Manila] donations_new insert failed: SQLSTATE[23000]: Integrity constraint violation: 1452 Cannot add or update a child row: a foreign key constraint fails (`blood_system`.`donations_new`, CONSTRAINT `donations_new_ibfk_1` FOREIGN KEY (`donor_id`) REFERENCES `donors_new` (`id`) ON DELETE CASCADE)
[11-Nov-2025 21:23:44 Asia/Manila] ✓ Audit logged: donor_served on donors (ID: 20) by admin
[11-Nov-2025 21:23:44 Asia/Manila] PHP Fatal error:  Cannot redeclare dbDriver() (previously declared in C:\xampp\htdocs\blood-donation-pwa-1\tests\test_mark_donor_served.php:20) in C:\xampp\htdocs\blood-donation-pwa-1\tests\test_mark_multiple_donors_served.php on line 18
[11-Nov-2025 14:29:52 Europe/Berlin] DB connect failed for root@localhost:3306/blood_system: SQLSTATE[HY000] [1045] Access denied for user 'root'@'localhost' (using password: NO)
[11-Nov-2025 14:29:52 Europe/Berlin] DB connect failed for root@127.0.0.1:3306/blood_system: SQLSTATE[HY000] [1045] Access denied for user 'root'@'localhost' (using password: NO)
[11-Nov-2025 14:29:52 Europe/Berlin] DB connect failed for root@localhost:3306/blood_system: SQLSTATE[HY000] [1045] Access denied for user 'root'@'localhost' (using password: NO)
[11-Nov-2025 14:29:52 Europe/Berlin] Database connection established successfully
[11-Nov-2025 14:29:52 Europe/Berlin] Error checking if table exists: SQLSTATE[42000]: Syntax error or access violation: 1064 You have an error in your SQL syntax; check the manual that corresponds to your MariaDB server version for the right syntax to use near 'donations_new''' at line 1
[11-Nov-2025 14:29:52 Europe/Berlin] Error checking if table exists: SQLSTATE[42000]: Syntax error or access violation: 1064 You have an error in your SQL syntax; check the manual that corresponds to your MariaDB server version for the right syntax to use near 'admin_audit_log''' at line 1
[11-Nov-2025 14:29:52 Europe/Berlin] Error checking if table exists: SQLSTATE[42000]: Syntax error or access violation: 1064 You have an error in your SQL syntax; check the manual that corresponds to your MariaDB server version for the right syntax to use near 'blood_inventory''' at line 1
[11-Nov-2025 21:29:52 Asia/Manila] ✓ Audit logged: donor_served on donors (ID: 21) by admin
[11-Nov-2025 21:29:52 Asia/Manila] ✓ Audit logged: donor_served on donors (ID: 21) by admin
[11-Nov-2025 21:29:53 Asia/Manila] ✓ Audit logged: donor_served on donors (ID: 22) by admin
[11-Nov-2025 21:29:53 Asia/Manila] PHP Fatal error:  Cannot redeclare dbDriver() (previously declared in C:\xampp\htdocs\blood-donation-pwa-1\tests\test_mark_donor_served.php:20) in C:\xampp\htdocs\blood-donation-pwa-1\tests\test_mark_multiple_donors_served.php on line 18
[11-Nov-2025 14:30:10 Europe/Berlin] DB connect failed for root@localhost:3306/blood_system: SQLSTATE[HY000] [1045] Access denied for user 'root'@'localhost' (using password: NO)
[11-Nov-2025 14:30:10 Europe/Berlin] DB connect failed for root@127.0.0.1:3306/blood_system: SQLSTATE[HY000] [1045] Access denied for user 'root'@'localhost' (using password: NO)
[11-Nov-2025 14:30:10 Europe/Berlin] DB connect failed for root@localhost:3306/blood_system: SQLSTATE[HY000] [1045] Access denied for user 'root'@'localhost' (using password: NO)
[11-Nov-2025 14:30:10 Europe/Berlin] Database connection established successfully
[11-Nov-2025 14:30:10 Europe/Berlin] Error checking if table exists: SQLSTATE[42000]: Syntax error or access violation: 1064 You have an error in your SQL syntax; check the manual that corresponds to your MariaDB server version for the right syntax to use near 'donations_new''' at line 1
[11-Nov-2025 14:30:10 Europe/Berlin] Error checking if table exists: SQLSTATE[42000]: Syntax error or access violation: 1064 You have an error in your SQL syntax; check the manual that corresponds to your MariaDB server version for the right syntax to use near 'admin_audit_log''' at line 1
[11-Nov-2025 14:30:10 Europe/Berlin] Error checking if table exists: SQLSTATE[42000]: Syntax error or access violation: 1064 You have an error in your SQL syntax; check the manual that corresponds to your MariaDB server version for the right syntax to use near 'blood_inventory''' at line 1
[11-Nov-2025 21:30:10 Asia/Manila] ✓ Audit logged: donor_served on donors (ID: 23) by admin
[11-Nov-2025 21:30:11 Asia/Manila] ✓ Audit logged: donor_served on donors (ID: 23) by admin
[11-Nov-2025 21:30:11 Asia/Manila] ✓ Audit logged: donor_served on donors (ID: 24) by admin
[11-Nov-2025 21:30:11 Asia/Manila] PHP Fatal error:  Cannot redeclare dbDriver() (previously declared in C:\xampp\htdocs\blood-donation-pwa-1\tests\test_mark_donor_served.php:20) in C:\xampp\htdocs\blood-donation-pwa-1\tests\test_mark_multiple_donors_served.php on line 18
[11-Nov-2025 14:35:51 Europe/Berlin] DB connect failed for root@localhost:3306/blood_system: SQLSTATE[HY000] [1045] Access denied for user 'root'@'localhost' (using password: NO)
[11-Nov-2025 14:35:51 Europe/Berlin] DB connect failed for root@127.0.0.1:3306/blood_system: SQLSTATE[HY000] [1045] Access denied for user 'root'@'localhost' (using password: NO)
[11-Nov-2025 14:35:51 Europe/Berlin] DB connect failed for root@localhost:3306/blood_system: SQLSTATE[HY000] [1045] Access denied for user 'root'@'localhost' (using password: NO)
[11-Nov-2025 14:35:51 Europe/Berlin] Database connection established successfully
[11-Nov-2025 14:35:51 Europe/Berlin] Error checking if table exists: SQLSTATE[42000]: Syntax error or access violation: 1064 You have an error in your SQL syntax; check the manual that corresponds to your MariaDB server version for the right syntax to use near 'donations_new''' at line 1
[11-Nov-2025 14:35:51 Europe/Berlin] Error checking if table exists: SQLSTATE[42000]: Syntax error or access violation: 1064 You have an error in your SQL syntax; check the manual that corresponds to your MariaDB server version for the right syntax to use near 'admin_audit_log''' at line 1
[11-Nov-2025 14:35:51 Europe/Berlin] Error checking if table exists: SQLSTATE[42000]: Syntax error or access violation: 1064 You have an error in your SQL syntax; check the manual that corresponds to your MariaDB server version for the right syntax to use near 'blood_inventory''' at line 1
[11-Nov-2025 21:35:51 Asia/Manila] ✓ Audit logged: donor_served on donors (ID: 25) by admin
[11-Nov-2025 21:35:51 Asia/Manila] ✓ Audit logged: donor_served on donors (ID: 25) by admin
[11-Nov-2025 21:35:52 Asia/Manila] ✓ Audit logged: donor_served on donors (ID: 26) by admin
[11-Nov-2025 14:36:09 Europe/Berlin] DB connect failed for root@localhost:3306/blood_system: SQLSTATE[HY000] [1045] Access denied for user 'root'@'localhost' (using password: NO)
[11-Nov-2025 14:36:09 Europe/Berlin] DB connect failed for root@127.0.0.1:3306/blood_system: SQLSTATE[HY000] [1045] Access denied for user 'root'@'localhost' (using password: NO)
[11-Nov-2025 14:36:09 Europe/Berlin] DB connect failed for root@localhost:3306/blood_system: SQLSTATE[HY000] [1045] Access denied for user 'root'@'localhost' (using password: NO)
[11-Nov-2025 14:36:09 Europe/Berlin] Database connection established successfully
[11-Nov-2025 14:36:09 Europe/Berlin] Error checking if table exists: SQLSTATE[42000]: Syntax error or access violation: 1064 You have an error in your SQL syntax; check the manual that corresponds to your MariaDB server version for the right syntax to use near 'donations_new''' at line 1
[11-Nov-2025 14:36:09 Europe/Berlin] Error checking if table exists: SQLSTATE[42000]: Syntax error or access violation: 1064 You have an error in your SQL syntax; check the manual that corresponds to your MariaDB server version for the right syntax to use near 'admin_audit_log''' at line 1
[11-Nov-2025 14:36:09 Europe/Berlin] Error checking if table exists: SQLSTATE[42000]: Syntax error or access violation: 1064 You have an error in your SQL syntax; check the manual that corresponds to your MariaDB server version for the right syntax to use near 'blood_inventory''' at line 1
[11-Nov-2025 21:36:09 Asia/Manila] ✓ Audit logged: donor_served on donors (ID: 27) by admin
[11-Nov-2025 21:36:09 Asia/Manila] ✓ Audit logged: donor_served on donors (ID: 27) by admin
[11-Nov-2025 21:36:10 Asia/Manila] ✓ Audit logged: donor_served on donors (ID: 28) by admin
[11-Nov-2025 14:37:00 Europe/Berlin] DB connect failed for root@localhost:3306/blood_system: SQLSTATE[HY000] [1045] Access denied for user 'root'@'localhost' (using password: NO)
[11-Nov-2025 14:37:00 Europe/Berlin] DB connect failed for root@127.0.0.1:3306/blood_system: SQLSTATE[HY000] [1045] Access denied for user 'root'@'localhost' (using password: NO)
[11-Nov-2025 14:37:00 Europe/Berlin] DB connect failed for root@localhost:3306/blood_system: SQLSTATE[HY000] [1045] Access denied for user 'root'@'localhost' (using password: NO)
[11-Nov-2025 14:37:00 Europe/Berlin] Database connection established successfully
[11-Nov-2025 14:37:00 Europe/Berlin] Error checking if table exists: SQLSTATE[42000]: Syntax error or access violation: 1064 You have an error in your SQL syntax; check the manual that corresponds to your MariaDB server version for the right syntax to use near 'donations_new''' at line 1
[11-Nov-2025 14:37:00 Europe/Berlin] Error checking if table exists: SQLSTATE[42000]: Syntax error or access violation: 1064 You have an error in your SQL syntax; check the manual that corresponds to your MariaDB server version for the right syntax to use near 'admin_audit_log''' at line 1
[11-Nov-2025 14:37:00 Europe/Berlin] Error checking if table exists: SQLSTATE[42000]: Syntax error or access violation: 1064 You have an error in your SQL syntax; check the manual that corresponds to your MariaDB server version for the right syntax to use near 'blood_inventory''' at line 1
[11-Nov-2025 21:37:00 Asia/Manila] ✓ Audit logged: donor_served on donors (ID: 29) by admin
[11-Nov-2025 21:37:01 Asia/Manila] ✓ Audit logged: donor_served on donors (ID: 29) by admin
[11-Nov-2025 21:37:01 Asia/Manila] ✓ Audit logged: donor_served on donors (ID: 30) by admin
[11-Nov-2025 21:37:01 Asia/Manila] PHP Fatal error:  Cannot redeclare dbDriver() (previously declared in C:\xampp\htdocs\blood-donation-pwa-1\tests\test_mark_donor_served.php:20) in C:\xampp\htdocs\blood-donation-pwa-1\tests\test_mark_multiple_donors_served.php on line 18
[11-Nov-2025 14:41:24 Europe/Berlin] DB connect failed for root@localhost:3306/blood_system: SQLSTATE[HY000] [1045] Access denied for user 'root'@'localhost' (using password: NO)
[11-Nov-2025 14:41:24 Europe/Berlin] DB connect failed for root@127.0.0.1:3306/blood_system: SQLSTATE[HY000] [1045] Access denied for user 'root'@'localhost' (using password: NO)
[11-Nov-2025 14:41:24 Europe/Berlin] DB connect failed for root@localhost:3306/blood_system: SQLSTATE[HY000] [1045] Access denied for user 'root'@'localhost' (using password: NO)
[11-Nov-2025 14:41:24 Europe/Berlin] Database connection established successfully
[11-Nov-2025 14:41:24 Europe/Berlin] Error checking if table exists: SQLSTATE[42000]: Syntax error or access violation: 1064 You have an error in your SQL syntax; check the manual that corresponds to your MariaDB server version for the right syntax to use near 'donations_new''' at line 1
[11-Nov-2025 14:41:24 Europe/Berlin] Error checking if table exists: SQLSTATE[42000]: Syntax error or access violation: 1064 You have an error in your SQL syntax; check the manual that corresponds to your MariaDB server version for the right syntax to use near 'admin_audit_log''' at line 1
[11-Nov-2025 14:41:24 Europe/Berlin] Error checking if table exists: SQLSTATE[42000]: Syntax error or access violation: 1064 You have an error in your SQL syntax; check the manual that corresponds to your MariaDB server version for the right syntax to use near 'blood_inventory''' at line 1
[11-Nov-2025 21:41:24 Asia/Manila] ✓ Audit logged: donor_served on donors (ID: 31) by admin
[11-Nov-2025 21:41:25 Asia/Manila] ✓ Audit logged: donor_served on donors (ID: 32) by admin
[11-Nov-2025 21:41:25 Asia/Manila] ✓ Audit logged: donor_served on donors (ID: 33) by admin
[11-Nov-2025 21:41:25 Asia/Manila] ✓ Audit logged: donor_served on donors (ID: 31) by admin
[11-Nov-2025 21:41:26 Asia/Manila] ✓ Audit logged: donor_served on donors (ID: 32) by admin
[11-Nov-2025 21:41:26 Asia/Manila] ✓ Audit logged: donor_served on donors (ID: 33) by admin
[11-Nov-2025 14:42:57 Europe/Berlin] DB connect failed for root@localhost:3306/blood_system: SQLSTATE[HY000] [1045] Access denied for user 'root'@'localhost' (using password: NO)
[11-Nov-2025 14:42:57 Europe/Berlin] DB connect failed for root@127.0.0.1:3306/blood_system: SQLSTATE[HY000] [1045] Access denied for user 'root'@'localhost' (using password: NO)
[11-Nov-2025 14:42:57 Europe/Berlin] DB connect failed for root@localhost:3306/blood_system: SQLSTATE[HY000] [1045] Access denied for user 'root'@'localhost' (using password: NO)
[11-Nov-2025 14:42:57 Europe/Berlin] Database connection established successfully
[11-Nov-2025 14:42:57 Europe/Berlin] Error checking if table exists: SQLSTATE[42000]: Syntax error or access violation: 1064 You have an error in your SQL syntax; check the manual that corresponds to your MariaDB server version for the right syntax to use near 'donations_new''' at line 1
[11-Nov-2025 14:42:57 Europe/Berlin] Error checking if table exists: SQLSTATE[42000]: Syntax error or access violation: 1064 You have an error in your SQL syntax; check the manual that corresponds to your MariaDB server version for the right syntax to use near 'admin_audit_log''' at line 1
[11-Nov-2025 14:42:57 Europe/Berlin] Error checking if table exists: SQLSTATE[42000]: Syntax error or access violation: 1064 You have an error in your SQL syntax; check the manual that corresponds to your MariaDB server version for the right syntax to use near 'blood_inventory''' at line 1
[11-Nov-2025 21:42:57 Asia/Manila] ✓ Audit logged: donor_served on donors (ID: 34) by admin
[11-Nov-2025 21:42:58 Asia/Manila] ✓ Audit logged: donor_served on donors (ID: 35) by admin
[11-Nov-2025 21:42:58 Asia/Manila] ✓ Audit logged: donor_served on donors (ID: 36) by admin
[11-Nov-2025 21:42:58 Asia/Manila] ✓ Audit logged: donor_served on donors (ID: 34) by admin
[11-Nov-2025 21:42:58 Asia/Manila] ✓ Audit logged: donor_served on donors (ID: 35) by admin
[11-Nov-2025 21:42:59 Asia/Manila] ✓ Audit logged: donor_served on donors (ID: 36) by admin
[11-Nov-2025 14:45:13 Europe/Berlin] DB connect failed for root@localhost:3306/blood_system: SQLSTATE[HY000] [1045] Access denied for user 'root'@'localhost' (using password: NO)
[11-Nov-2025 14:45:13 Europe/Berlin] DB connect failed for root@127.0.0.1:3306/blood_system: SQLSTATE[HY000] [1045] Access denied for user 'root'@'localhost' (using password: NO)
[11-Nov-2025 14:45:13 Europe/Berlin] DB connect failed for root@localhost:3306/blood_system: SQLSTATE[HY000] [1045] Access denied for user 'root'@'localhost' (using password: NO)
[11-Nov-2025 14:45:13 Europe/Berlin] Database connection established successfully
[11-Nov-2025 14:45:13 Europe/Berlin] Error checking if table exists: SQLSTATE[42000]: Syntax error or access violation: 1064 You have an error in your SQL syntax; check the manual that corresponds to your MariaDB server version for the right syntax to use near 'donations_new''' at line 1
[11-Nov-2025 14:45:13 Europe/Berlin] Error checking if table exists: SQLSTATE[42000]: Syntax error or access violation: 1064 You have an error in your SQL syntax; check the manual that corresponds to your MariaDB server version for the right syntax to use near 'admin_audit_log''' at line 1
[11-Nov-2025 14:45:13 Europe/Berlin] Error checking if table exists: SQLSTATE[42000]: Syntax error or access violation: 1064 You have an error in your SQL syntax; check the manual that corresponds to your MariaDB server version for the right syntax to use near 'blood_inventory''' at line 1
[11-Nov-2025 21:45:14 Asia/Manila] ✓ Audit logged: donor_served on donors (ID: 37) by admin
[11-Nov-2025 21:45:14 Asia/Manila] ✓ Audit logged: donor_served on donors (ID: 37) by admin
[11-Nov-2025 21:45:14 Asia/Manila] ✓ Audit logged: donor_served on donors (ID: 38) by admin
[11-Nov-2025 21:45:14 Asia/Manila] PHP Fatal error:  Cannot redeclare dbDriver() (previously declared in C:\xampp\htdocs\blood-donation-pwa-1\tests\test_mark_donor_served.php:20) in C:\xampp\htdocs\blood-donation-pwa-1\tests\test_mark_multiple_donors_served.php on line 18
[11-Nov-2025 14:49:43 Europe/Berlin] DB connect failed for root@localhost:3306/blood_system: SQLSTATE[HY000] [1045] Access denied for user 'root'@'localhost' (using password: NO)
[11-Nov-2025 14:49:43 Europe/Berlin] DB connect failed for root@127.0.0.1:3306/blood_system: SQLSTATE[HY000] [1045] Access denied for user 'root'@'localhost' (using password: NO)
[11-Nov-2025 14:49:43 Europe/Berlin] DB connect failed for root@localhost:3306/blood_system: SQLSTATE[HY000] [1045] Access denied for user 'root'@'localhost' (using password: NO)
[11-Nov-2025 14:49:43 Europe/Berlin] Database connection established successfully
[11-Nov-2025 14:49:43 Europe/Berlin] Error checking if table exists: SQLSTATE[42000]: Syntax error or access violation: 1064 You have an error in your SQL syntax; check the manual that corresponds to your MariaDB server version for the right syntax to use near 'donations_new''' at line 1
[11-Nov-2025 14:49:43 Europe/Berlin] Error checking if table exists: SQLSTATE[42000]: Syntax error or access violation: 1064 You have an error in your SQL syntax; check the manual that corresponds to your MariaDB server version for the right syntax to use near 'admin_audit_log''' at line 1
[11-Nov-2025 14:49:43 Europe/Berlin] Error checking if table exists: SQLSTATE[42000]: Syntax error or access violation: 1064 You have an error in your SQL syntax; check the manual that corresponds to your MariaDB server version for the right syntax to use near 'blood_inventory''' at line 1
[11-Nov-2025 21:49:43 Asia/Manila] ✓ Audit logged: donor_served on donors (ID: 39) by admin
[11-Nov-2025 21:49:44 Asia/Manila] ✓ Audit logged: donor_served on donors (ID: 39) by admin
[11-Nov-2025 21:49:44 Asia/Manila] ✓ Audit logged: donor_served on donors (ID: 40) by admin
[11-Nov-2025 21:49:44 Asia/Manila] PHP Fatal error:  Cannot redeclare dbDriver() (previously declared in C:\xampp\htdocs\blood-donation-pwa-1\tests\test_mark_donor_served.php:20) in C:\xampp\htdocs\blood-donation-pwa-1\tests\test_mark_multiple_donors_served.php on line 18
[11-Nov-2025 14:50:33 Europe/Berlin] DB connect failed for root@localhost:3306/blood_system: SQLSTATE[HY000] [1045] Access denied for user 'root'@'localhost' (using password: NO)
[11-Nov-2025 14:50:33 Europe/Berlin] DB connect failed for root@127.0.0.1:3306/blood_system: SQLSTATE[HY000] [1045] Access denied for user 'root'@'localhost' (using password: NO)
[11-Nov-2025 14:50:33 Europe/Berlin] DB connect failed for root@localhost:3306/blood_system: SQLSTATE[HY000] [1045] Access denied for user 'root'@'localhost' (using password: NO)
[11-Nov-2025 14:50:33 Europe/Berlin] Database connection established successfully
[11-Nov-2025 14:50:33 Europe/Berlin] Error checking if table exists: SQLSTATE[42000]: Syntax error or access violation: 1064 You have an error in your SQL syntax; check the manual that corresponds to your MariaDB server version for the right syntax to use near 'donations_new''' at line 1
[11-Nov-2025 14:50:33 Europe/Berlin] Error checking if table exists: SQLSTATE[42000]: Syntax error or access violation: 1064 You have an error in your SQL syntax; check the manual that corresponds to your MariaDB server version for the right syntax to use near 'admin_audit_log''' at line 1
[11-Nov-2025 14:50:33 Europe/Berlin] Error checking if table exists: SQLSTATE[42000]: Syntax error or access violation: 1064 You have an error in your SQL syntax; check the manual that corresponds to your MariaDB server version for the right syntax to use near 'blood_inventory''' at line 1
[11-Nov-2025 21:50:33 Asia/Manila] ✓ Audit logged: donor_served on donors (ID: 41) by admin
[11-Nov-2025 21:50:34 Asia/Manila] ✓ Audit logged: donor_served on donors (ID: 41) by admin
[11-Nov-2025 21:50:34 Asia/Manila] ✓ Audit logged: donor_served on donors (ID: 42) by admin
[11-Nov-2025 21:50:34 Asia/Manila] PHP Fatal error:  Cannot redeclare dbDriver() (previously declared in C:\xampp\htdocs\blood-donation-pwa-1\tests\test_mark_donor_served.php:20) in C:\xampp\htdocs\blood-donation-pwa-1\tests\test_mark_multiple_donors_served.php on line 18
[11-Nov-2025 14:52:27 Europe/Berlin] DB connect failed for root@localhost:3306/blood_system: SQLSTATE[HY000] [1045] Access denied for user 'root'@'localhost' (using password: NO)
[11-Nov-2025 14:52:27 Europe/Berlin] DB connect failed for root@127.0.0.1:3306/blood_system: SQLSTATE[HY000] [1045] Access denied for user 'root'@'localhost' (using password: NO)
[11-Nov-2025 14:52:27 Europe/Berlin] DB connect failed for root@localhost:3306/blood_system: SQLSTATE[HY000] [1045] Access denied for user 'root'@'localhost' (using password: NO)
[11-Nov-2025 14:52:27 Europe/Berlin] Database connection established successfully
[11-Nov-2025 14:52:27 Europe/Berlin] Error checking if table exists: SQLSTATE[42000]: Syntax error or access violation: 1064 You have an error in your SQL syntax; check the manual that corresponds to your MariaDB server version for the right syntax to use near 'donations_new''' at line 1
[11-Nov-2025 14:52:27 Europe/Berlin] Error checking if table exists: SQLSTATE[42000]: Syntax error or access violation: 1064 You have an error in your SQL syntax; check the manual that corresponds to your MariaDB server version for the right syntax to use near 'admin_audit_log''' at line 1
[11-Nov-2025 14:52:27 Europe/Berlin] Error checking if table exists: SQLSTATE[42000]: Syntax error or access violation: 1064 You have an error in your SQL syntax; check the manual that corresponds to your MariaDB server version for the right syntax to use near 'blood_inventory''' at line 1
[11-Nov-2025 21:52:27 Asia/Manila] ✓ Audit logged: donor_served on donors (ID: 43) by admin
[11-Nov-2025 21:52:28 Asia/Manila] ✓ Audit logged: donor_served on donors (ID: 43) by admin
[11-Nov-2025 21:52:28 Asia/Manila] ✓ Audit logged: donor_served on donors (ID: 44) by admin
[11-Nov-2025 21:52:28 Asia/Manila] PHP Fatal error:  Cannot redeclare dbDriver() (previously declared in C:\xampp\htdocs\blood-donation-pwa-1\tests\test_mark_donor_served.php:20) in C:\xampp\htdocs\blood-donation-pwa-1\tests\test_mark_multiple_donors_served.php on line 18
[11-Nov-2025 15:05:07 Europe/Berlin] DB connect failed for root@localhost:3306/blood_system: SQLSTATE[HY000] [1045] Access denied for user 'root'@'localhost' (using password: NO)
[11-Nov-2025 15:05:07 Europe/Berlin] DB connect failed for root@127.0.0.1:3306/blood_system: SQLSTATE[HY000] [1045] Access denied for user 'root'@'localhost' (using password: NO)
[11-Nov-2025 15:05:07 Europe/Berlin] DB connect failed for root@localhost:3306/blood_system: SQLSTATE[HY000] [1045] Access denied for user 'root'@'localhost' (using password: NO)
[11-Nov-2025 15:05:07 Europe/Berlin] Database connection established successfully
[11-Nov-2025 15:05:07 Europe/Berlin] Error checking if table exists: SQLSTATE[42000]: Syntax error or access violation: 1064 You have an error in your SQL syntax; check the manual that corresponds to your MariaDB server version for the right syntax to use near 'donations_new''' at line 1
[11-Nov-2025 15:05:07 Europe/Berlin] Error checking if table exists: SQLSTATE[42000]: Syntax error or access violation: 1064 You have an error in your SQL syntax; check the manual that corresponds to your MariaDB server version for the right syntax to use near 'admin_audit_log''' at line 1
[11-Nov-2025 15:05:07 Europe/Berlin] Error checking if table exists: SQLSTATE[42000]: Syntax error or access violation: 1064 You have an error in your SQL syntax; check the manual that corresponds to your MariaDB server version for the right syntax to use near 'blood_inventory''' at line 1
[11-Nov-2025 22:05:07 Asia/Manila] ✓ Audit logged: donor_served on donors (ID: 45) by admin
[11-Nov-2025 22:05:07 Asia/Manila] ✓ Audit logged: donor_served on donors (ID: 45) by admin
[11-Nov-2025 22:05:08 Asia/Manila] ✓ Audit logged: donor_served on donors (ID: 46) by admin
[11-Nov-2025 22:05:08 Asia/Manila] Error checking if table exists: SQLSTATE[42000]: Syntax error or access violation: 1064 You have an error in your SQL syntax; check the manual that corresponds to your MariaDB server version for the right syntax to use near 'donations_new''' at line 1
[11-Nov-2025 22:05:08 Asia/Manila] Error checking if table exists: SQLSTATE[42000]: Syntax error or access violation: 1064 You have an error in your SQL syntax; check the manual that corresponds to your MariaDB server version for the right syntax to use near 'admin_audit_log''' at line 1
[11-Nov-2025 22:05:08 Asia/Manila] Error checking if table exists: SQLSTATE[42000]: Syntax error or access violation: 1064 You have an error in your SQL syntax; check the manual that corresponds to your MariaDB server version for the right syntax to use near 'blood_inventory''' at line 1
[11-Nov-2025 22:05:08 Asia/Manila] donations_new insert failed: SQLSTATE[23000]: Integrity constraint violation: 1452 Cannot add or update a child row: a foreign key constraint fails (`blood_system`.`donations_new`, CONSTRAINT `donations_new_ibfk_1` FOREIGN KEY (`donor_id`) REFERENCES `donors_new` (`id`) ON DELETE CASCADE)
[11-Nov-2025 22:05:08 Asia/Manila] ✓ Audit logged: donor_served on donors (ID: 47) by admin
[11-Nov-2025 22:05:08 Asia/Manila] ✓ Audit logged: donor_served on donors (ID: 48) by admin
[11-Nov-2025 22:05:09 Asia/Manila] ✓ Audit logged: donor_served on donors (ID: 49) by admin
[11-Nov-2025 22:05:09 Asia/Manila] donations_new insert failed: SQLSTATE[23000]: Integrity constraint violation: 1452 Cannot add or update a child row: a foreign key constraint fails (`blood_system`.`donations_new`, CONSTRAINT `donations_new_ibfk_1` FOREIGN KEY (`donor_id`) REFERENCES `donors_new` (`id`) ON DELETE CASCADE)
[11-Nov-2025 22:05:09 Asia/Manila] ✓ Audit logged: donor_served on donors (ID: 47) by admin
[11-Nov-2025 22:05:10 Asia/Manila] ✓ Audit logged: donor_served on donors (ID: 48) by admin
[11-Nov-2025 22:05:10 Asia/Manila] ✓ Audit logged: donor_served on donors (ID: 49) by admin
[11-Nov-2025 22:05:10 Asia/Manila] Error checking if table exists: SQLSTATE[42000]: Syntax error or access violation: 1064 You have an error in your SQL syntax; check the manual that corresponds to your MariaDB server version for the right syntax to use near 'donors_new''' at line 1
[11-Nov-2025 22:05:10 Asia/Manila] Error getting inventory: SQLSTATE[42000]: Syntax error or access violation: 1064 You have an error in your SQL syntax; check the manual that corresponds to your MariaDB server version for the right syntax to use near 'THEN 1 ELSE 0 END as expiring_soon
                FROM blood_inventory bi
...' at line 8
[11-Nov-2025 22:05:10 Asia/Manila] Error checking if table exists: SQLSTATE[42000]: Syntax error or access violation: 1064 You have an error in your SQL syntax; check the manual that corresponds to your MariaDB server version for the right syntax to use near 'donors_new''' at line 1
[11-Nov-2025 22:05:10 Asia/Manila] Inventory error: SQLSTATE[42000]: Syntax error or access violation: 1064 You have an error in your SQL syntax; check the manual that corresponds to your MariaDB server version for the right syntax to use near 'THEN 1 ELSE 0 END as expiring_soon,
                'blood_inventory' as data...' at line 3
[11-Nov-2025 22:05:10 Asia/Manila] Error checking if table exists: SQLSTATE[42000]: Syntax error or access violation: 1064 You have an error in your SQL syntax; check the manual that corresponds to your MariaDB server version for the right syntax to use near 'donors_new''' at line 1
[11-Nov-2025 22:05:10 Asia/Manila] Error getting inventory: SQLSTATE[42000]: Syntax error or access violation: 1064 You have an error in your SQL syntax; check the manual that corresponds to your MariaDB server version for the right syntax to use near 'THEN 1 ELSE 0 END as expiring_soon
                FROM blood_inventory bi
...' at line 8
[11-Nov-2025 22:05:10 Asia/Manila] Error checking if table exists: SQLSTATE[42000]: Syntax error or access violation: 1064 You have an error in your SQL syntax; check the manual that corresponds to your MariaDB server version for the right syntax to use near 'donors_new''' at line 1
[11-Nov-2025 22:05:10 Asia/Manila] Inventory error: SQLSTATE[42000]: Syntax error or access violation: 1064 You have an error in your SQL syntax; check the manual that corresponds to your MariaDB server version for the right syntax to use near 'THEN 1 ELSE 0 END as expiring_soon,
                'blood_inventory' as data...' at line 3
[11-Nov-2025 22:05:10 Asia/Manila] Error checking if table exists: SQLSTATE[42000]: Syntax error or access violation: 1064 You have an error in your SQL syntax; check the manual that corresponds to your MariaDB server version for the right syntax to use near 'donors_new''' at line 1
[11-Nov-2025 22:05:10 Asia/Manila] Error getting inventory: SQLSTATE[42000]: Syntax error or access violation: 1064 You have an error in your SQL syntax; check the manual that corresponds to your MariaDB server version for the right syntax to use near 'THEN 1 ELSE 0 END as expiring_soon
                FROM blood_inventory bi
...' at line 8
[11-Nov-2025 22:05:10 Asia/Manila] Error checking if table exists: SQLSTATE[42000]: Syntax error or access violation: 1064 You have an error in your SQL syntax; check the manual that corresponds to your MariaDB server version for the right syntax to use near 'donors_new''' at line 1
[11-Nov-2025 22:05:10 Asia/Manila] Inventory error: SQLSTATE[42000]: Syntax error or access violation: 1064 You have an error in your SQL syntax; check the manual that corresponds to your MariaDB server version for the right syntax to use near 'THEN 1 ELSE 0 END as expiring_soon,
                'blood_inventory' as data...' at line 3
[11-Nov-2025 22:05:10 Asia/Manila] Error checking if table exists: SQLSTATE[42000]: Syntax error or access violation: 1064 You have an error in your SQL syntax; check the manual that corresponds to your MariaDB server version for the right syntax to use near 'donors_new''' at line 1
[11-Nov-2025 22:05:10 Asia/Manila] Error getting inventory: SQLSTATE[42000]: Syntax error or access violation: 1064 You have an error in your SQL syntax; check the manual that corresponds to your MariaDB server version for the right syntax to use near 'THEN 1 ELSE 0 END as expiring_soon
                FROM blood_inventory bi
...' at line 8
[11-Nov-2025 22:05:10 Asia/Manila] Error checking if table exists: SQLSTATE[42000]: Syntax error or access violation: 1064 You have an error in your SQL syntax; check the manual that corresponds to your MariaDB server version for the right syntax to use near 'donors_new''' at line 1
[11-Nov-2025 22:05:10 Asia/Manila] Error checking if table exists: SQLSTATE[42000]: Syntax error or access violation: 1064 You have an error in your SQL syntax; check the manual that corresponds to your MariaDB server version for the right syntax to use near 'donors_new''' at line 1
[11-Nov-2025 22:05:10 Asia/Manila] Error getting inventory: SQLSTATE[42000]: Syntax error or access violation: 1064 You have an error in your SQL syntax; check the manual that corresponds to your MariaDB server version for the right syntax to use near 'THEN 1 ELSE 0 END as expiring_soon
                FROM blood_inventory bi
...' at line 8
[11-Nov-2025 22:05:10 Asia/Manila] Error checking if table exists: SQLSTATE[42000]: Syntax error or access violation: 1064 You have an error in your SQL syntax; check the manual that corresponds to your MariaDB server version for the right syntax to use near 'donors_new''' at line 1
[11-Nov-2025 22:05:10 Asia/Manila] Inventory error: SQLSTATE[42000]: Syntax error or access violation: 1064 You have an error in your SQL syntax; check the manual that corresponds to your MariaDB server version for the right syntax to use near 'THEN 1 ELSE 0 END as expiring_soon,
                'blood_inventory' as data...' at line 3
[11-Nov-2025 22:05:10 Asia/Manila] Error checking if table exists: SQLSTATE[42000]: Syntax error or access violation: 1064 You have an error in your SQL syntax; check the manual that corresponds to your MariaDB server version for the right syntax to use near 'donors_new''' at line 1
[11-Nov-2025 22:05:10 Asia/Manila] Error getting inventory: SQLSTATE[42000]: Syntax error or access violation: 1064 You have an error in your SQL syntax; check the manual that corresponds to your MariaDB server version for the right syntax to use near 'THEN 1 ELSE 0 END as expiring_soon
                FROM blood_inventory bi
...' at line 8
[11-Nov-2025 22:05:10 Asia/Manila] Inventory error: SQLSTATE[42000]: Syntax error or access violation: 1064 You have an error in your SQL syntax; check the manual that corresponds to your MariaDB server version for the right syntax to use near 'THEN 1 ELSE 0 END as expiring_soon,
                'blood_inventory' as data...' at line 3
[11-Nov-2025 22:05:10 Asia/Manila] ✓ Blood inventory audit logged: unit_backfilled for unit 300 by admin
[11-Nov-2025 22:05:10 Asia/Manila] ✓ Admin audit log inserted: unit_backfilled for unit 300 by admin
[11-Nov-2025 22:05:10 Asia/Manila] ✓ Blood inventory audit logged: unit_backfilled for unit 301 by admin
[11-Nov-2025 22:05:10 Asia/Manila] ✓ Admin audit log inserted: unit_backfilled for unit 301 by admin
[11-Nov-2025 22:05:10 Asia/Manila] ✓ Blood inventory audit logged: unit_backfilled for unit 302 by admin
[11-Nov-2025 22:05:10 Asia/Manila] ✓ Admin audit log inserted: unit_backfilled for unit 302 by admin
[11-Nov-2025 22:05:10 Asia/Manila] ✓ Blood inventory audit logged: unit_backfilled for unit 303 by admin
[11-Nov-2025 22:05:10 Asia/Manila] ✓ Admin audit log inserted: unit_backfilled for unit 303 by admin
[11-Nov-2025 22:05:10 Asia/Manila] ✓ Blood inventory audit logged: unit_backfilled for unit 304 by admin
[11-Nov-2025 22:05:10 Asia/Manila] ✓ Admin audit log inserted: unit_backfilled for unit 304 by admin
[11-Nov-2025 22:05:10 Asia/Manila] ✓ Blood inventory audit logged: unit_backfilled for unit 305 by admin
[11-Nov-2025 22:05:10 Asia/Manila] ✓ Admin audit log inserted: unit_backfilled for unit 305 by admin
[11-Nov-2025 22:05:10 Asia/Manila] ✓ Blood inventory audit logged: unit_backfilled for unit 306 by admin
[11-Nov-2025 22:05:10 Asia/Manila] ✓ Admin audit log inserted: unit_backfilled for unit 306 by admin
[11-Nov-2025 22:05:10 Asia/Manila] ✓ Blood inventory audit logged: unit_backfilled for unit 307 by admin
[11-Nov-2025 22:05:10 Asia/Manila] ✓ Admin audit log inserted: unit_backfilled for unit 307 by admin
[11-Nov-2025 22:05:10 Asia/Manila] ✓ Blood inventory audit logged: unit_backfilled for unit 308 by admin
[11-Nov-2025 22:05:10 Asia/Manila] ✓ Admin audit log inserted: unit_backfilled for unit 308 by admin
[11-Nov-2025 22:05:10 Asia/Manila] ✓ Blood inventory audit logged: unit_backfilled for unit 309 by admin
[11-Nov-2025 22:05:10 Asia/Manila] ✓ Admin audit log inserted: unit_backfilled for unit 309 by admin
[11-Nov-2025 22:05:10 Asia/Manila] ✓ Blood inventory audit logged: unit_backfilled for unit 310 by admin
[11-Nov-2025 22:05:10 Asia/Manila] ✓ Admin audit log inserted: unit_backfilled for unit 310 by admin
[11-Nov-2025 22:05:10 Asia/Manila] ✓ Blood inventory audit logged: unit_backfilled for unit 311 by admin
[11-Nov-2025 22:05:10 Asia/Manila] ✓ Admin audit log inserted: unit_backfilled for unit 311 by admin
[11-Nov-2025 22:05:10 Asia/Manila] ✓ Blood inventory audit logged: unit_backfilled for unit 312 by admin
[11-Nov-2025 22:05:10 Asia/Manila] ✓ Admin audit log inserted: unit_backfilled for unit 312 by admin
[11-Nov-2025 22:05:10 Asia/Manila] ✓ Blood inventory audit logged: unit_backfilled for unit 313 by admin
[11-Nov-2025 22:05:10 Asia/Manila] ✓ Admin audit log inserted: unit_backfilled for unit 313 by admin
[11-Nov-2025 22:05:10 Asia/Manila] ✓ Blood inventory audit logged: unit_backfilled for unit 314 by admin
[11-Nov-2025 22:05:10 Asia/Manila] ✓ Admin audit log inserted: unit_backfilled for unit 314 by admin
[11-Nov-2025 22:05:10 Asia/Manila] ✓ Blood inventory audit logged: unit_backfilled for unit 315 by admin
[11-Nov-2025 22:05:10 Asia/Manila] ✓ Admin audit log inserted: unit_backfilled for unit 315 by admin
[11-Nov-2025 22:05:10 Asia/Manila] ✓ Blood inventory audit logged: unit_backfilled for unit 316 by admin
[11-Nov-2025 22:05:10 Asia/Manila] ✓ Admin audit log inserted: unit_backfilled for unit 316 by admin
[11-Nov-2025 22:05:10 Asia/Manila] ✓ Blood inventory audit logged: unit_backfilled for unit 317 by admin
[11-Nov-2025 22:05:10 Asia/Manila] ✓ Admin audit log inserted: unit_backfilled for unit 317 by admin
[11-Nov-2025 22:05:10 Asia/Manila] ✓ Blood inventory audit logged: unit_backfilled for unit 318 by admin
[11-Nov-2025 22:05:10 Asia/Manila] ✓ Admin audit log inserted: unit_backfilled for unit 318 by admin
[11-Nov-2025 22:05:10 Asia/Manila] ✓ Blood inventory audit logged: unit_backfilled for unit 319 by admin
[11-Nov-2025 22:05:10 Asia/Manila] ✓ Admin audit log inserted: unit_backfilled for unit 319 by admin
[11-Nov-2025 22:05:10 Asia/Manila] ✓ Blood inventory audit logged: unit_backfilled for unit 320 by admin
[11-Nov-2025 22:05:10 Asia/Manila] ✓ Admin audit log inserted: unit_backfilled for unit 320 by admin
[11-Nov-2025 22:05:10 Asia/Manila] ✓ Blood inventory audit logged: unit_backfilled for unit 321 by admin
[11-Nov-2025 22:05:10 Asia/Manila] ✓ Admin audit log inserted: unit_backfilled for unit 321 by admin
[11-Nov-2025 22:05:10 Asia/Manila] ✓ Blood inventory audit logged: unit_backfilled for unit 322 by admin
[11-Nov-2025 22:05:10 Asia/Manila] ✓ Admin audit log inserted: unit_backfilled for unit 322 by admin
[11-Nov-2025 22:05:10 Asia/Manila] ✓ Blood inventory audit logged: unit_backfilled for unit 323 by admin
[11-Nov-2025 22:05:10 Asia/Manila] ✓ Admin audit log inserted: unit_backfilled for unit 323 by admin
[11-Nov-2025 22:05:10 Asia/Manila] ✓ Blood inventory audit logged: unit_backfilled for unit 324 by admin
[11-Nov-2025 22:05:10 Asia/Manila] ✓ Admin audit log inserted: unit_backfilled for unit 324 by admin
[11-Nov-2025 22:05:10 Asia/Manila] ✓ Blood inventory audit logged: unit_backfilled for unit 325 by admin
[11-Nov-2025 22:05:10 Asia/Manila] ✓ Admin audit log inserted: unit_backfilled for unit 325 by admin
[11-Nov-2025 22:05:10 Asia/Manila] ✓ Blood inventory audit logged: unit_backfilled for unit 326 by admin
[11-Nov-2025 22:05:10 Asia/Manila] ✓ Admin audit log inserted: unit_backfilled for unit 326 by admin
[11-Nov-2025 22:05:10 Asia/Manila] ✓ Blood inventory audit logged: unit_backfilled for unit 327 by admin
[11-Nov-2025 22:05:10 Asia/Manila] ✓ Admin audit log inserted: unit_backfilled for unit 327 by admin
[11-Nov-2025 22:05:10 Asia/Manila] ✓ Blood inventory audit logged: unit_backfilled for unit 328 by admin
[11-Nov-2025 22:05:10 Asia/Manila] ✓ Admin audit log inserted: unit_backfilled for unit 328 by admin
[11-Nov-2025 22:05:10 Asia/Manila] ✓ Blood inventory audit logged: unit_backfilled for unit 329 by admin
[11-Nov-2025 22:05:10 Asia/Manila] ✓ Admin audit log inserted: unit_backfilled for unit 329 by admin
[11-Nov-2025 22:05:10 Asia/Manila] ✓ Blood inventory audit logged: unit_backfilled for unit 330 by admin
[11-Nov-2025 22:05:10 Asia/Manila] ✓ Admin audit log inserted: unit_backfilled for unit 330 by admin
[11-Nov-2025 22:05:10 Asia/Manila] PHP Warning:  Cannot modify header information - headers already sent by (output started at C:\xampp\htdocs\blood-donation-pwa-1\tests\run_all_tests.php:47) in C:\xampp\htdocs\blood-donation-pwa-1\admin.php on line 23
[11-Nov-2025 22:05:10 Asia/Manila] PHP Warning:  Cannot modify header information - headers already sent by (output started at C:\xampp\htdocs\blood-donation-pwa-1\tests\run_all_tests.php:47) in C:\xampp\htdocs\blood-donation-pwa-1\admin.php on line 24
[11-Nov-2025 22:05:10 Asia/Manila] PHP Warning:  Cannot modify header information - headers already sent by (output started at C:\xampp\htdocs\blood-donation-pwa-1\tests\run_all_tests.php:47) in C:\xampp\htdocs\blood-donation-pwa-1\admin.php on line 25
[11-Nov-2025 22:05:10 Asia/Manila] PHP Warning:  Cannot modify header information - headers already sent by (output started at C:\xampp\htdocs\blood-donation-pwa-1\tests\run_all_tests.php:47) in C:\xampp\htdocs\blood-donation-pwa-1\admin.php on line 26
[11-Nov-2025 22:05:10 Asia/Manila] PHP Warning:  Undefined array key "REQUEST_METHOD" in C:\xampp\htdocs\blood-donation-pwa-1\admin.php on line 81
[11-Nov-2025 22:05:10 Asia/Manila] PHP Warning:  Constant INCLUDES_PATH already defined in C:\xampp\htdocs\blood-donation-pwa-1\admin.php on line 158
[11-Nov-2025 22:05:10 Asia/Manila] PHP Warning:  Undefined array key "REQUEST_METHOD" in C:\xampp\htdocs\blood-donation-pwa-1\admin.php on line 164
[11-Nov-2025 22:05:10 Asia/Manila] Donor not found in approveDonor: 152
[11-Nov-2025 22:05:10 Asia/Manila] Error approving donor: Donor not found
[11-Nov-2025 22:05:10 Asia/Manila] Error updating donor status: Donor not found
[11-Nov-2025 22:05:10 Asia/Manila] Stack trace: #0 C:\xampp\htdocs\blood-donation-pwa-1\tests\test_donor_approval.php(43): updateDonorStatus(Object(PDO), 153, 'rejected', 'Test rejection ...', 1)
#1 C:\xampp\htdocs\blood-donation-pwa-1\tests\run_all_tests.php(48): require_once('C:\\xampp\\htdocs...')
#2 {main}
[11-Nov-2025 22:05:10 Asia/Manila] === DONOR DETAILS REQUEST ===
[11-Nov-2025 22:05:10 Asia/Manila] Donor ID: 63
[11-Nov-2025 15:05:23 Europe/Berlin] DB connect failed for root@localhost:3306/blood_system: SQLSTATE[HY000] [1045] Access denied for user 'root'@'localhost' (using password: NO)
[11-Nov-2025 15:05:23 Europe/Berlin] DB connect failed for root@127.0.0.1:3306/blood_system: SQLSTATE[HY000] [1045] Access denied for user 'root'@'localhost' (using password: NO)
[11-Nov-2025 15:05:23 Europe/Berlin] DB connect failed for root@localhost:3306/blood_system: SQLSTATE[HY000] [1045] Access denied for user 'root'@'localhost' (using password: NO)
[11-Nov-2025 15:05:23 Europe/Berlin] Database connection established successfully
[11-Nov-2025 15:05:23 Europe/Berlin] Error checking if table exists: SQLSTATE[42000]: Syntax error or access violation: 1064 You have an error in your SQL syntax; check the manual that corresponds to your MariaDB server version for the right syntax to use near 'donations_new''' at line 1
[11-Nov-2025 15:05:23 Europe/Berlin] Error checking if table exists: SQLSTATE[42000]: Syntax error or access violation: 1064 You have an error in your SQL syntax; check the manual that corresponds to your MariaDB server version for the right syntax to use near 'admin_audit_log''' at line 1
[11-Nov-2025 15:05:23 Europe/Berlin] Error checking if table exists: SQLSTATE[42000]: Syntax error or access violation: 1064 You have an error in your SQL syntax; check the manual that corresponds to your MariaDB server version for the right syntax to use near 'blood_inventory''' at line 1
[11-Nov-2025 22:05:23 Asia/Manila] ✓ Audit logged: donor_served on donors (ID: 50) by admin
[11-Nov-2025 22:05:24 Asia/Manila] ✓ Audit logged: donor_served on donors (ID: 50) by admin
[11-Nov-2025 22:05:24 Asia/Manila] donations_new insert failed: SQLSTATE[23000]: Integrity constraint violation: 1452 Cannot add or update a child row: a foreign key constraint fails (`blood_system`.`donations_new`, CONSTRAINT `donations_new_ibfk_1` FOREIGN KEY (`donor_id`) REFERENCES `donors_new` (`id`) ON DELETE CASCADE)
[11-Nov-2025 22:05:24 Asia/Manila] ✓ Audit logged: donor_served on donors (ID: 51) by admin
[11-Nov-2025 22:05:24 Asia/Manila] Error checking if table exists: SQLSTATE[42000]: Syntax error or access violation: 1064 You have an error in your SQL syntax; check the manual that corresponds to your MariaDB server version for the right syntax to use near 'donations_new''' at line 1
[11-Nov-2025 22:05:24 Asia/Manila] Error checking if table exists: SQLSTATE[42000]: Syntax error or access violation: 1064 You have an error in your SQL syntax; check the manual that corresponds to your MariaDB server version for the right syntax to use near 'admin_audit_log''' at line 1
[11-Nov-2025 22:05:24 Asia/Manila] Error checking if table exists: SQLSTATE[42000]: Syntax error or access violation: 1064 You have an error in your SQL syntax; check the manual that corresponds to your MariaDB server version for the right syntax to use near 'blood_inventory''' at line 1
[11-Nov-2025 22:05:24 Asia/Manila] ✓ Audit logged: donor_served on donors (ID: 52) by admin
[11-Nov-2025 22:05:24 Asia/Manila] donations_new insert failed: SQLSTATE[23000]: Integrity constraint violation: 1452 Cannot add or update a child row: a foreign key constraint fails (`blood_system`.`donations_new`, CONSTRAINT `donations_new_ibfk_1` FOREIGN KEY (`donor_id`) REFERENCES `donors_new` (`id`) ON DELETE CASCADE)
[11-Nov-2025 22:05:25 Asia/Manila] ✓ Audit logged: donor_served on donors (ID: 53) by admin
[11-Nov-2025 22:05:25 Asia/Manila] donations_new insert failed: SQLSTATE[23000]: Integrity constraint violation: 1452 Cannot add or update a child row: a foreign key constraint fails (`blood_system`.`donations_new`, CONSTRAINT `donations_new_ibfk_1` FOREIGN KEY (`donor_id`) REFERENCES `donors_new` (`id`) ON DELETE CASCADE)
[11-Nov-2025 22:05:25 Asia/Manila] ✓ Audit logged: donor_served on donors (ID: 54) by admin
[11-Nov-2025 22:05:25 Asia/Manila] ✓ Audit logged: donor_served on donors (ID: 52) by admin
[11-Nov-2025 22:05:25 Asia/Manila] donations_new insert failed: SQLSTATE[23000]: Integrity constraint violation: 1452 Cannot add or update a child row: a foreign key constraint fails (`blood_system`.`donations_new`, CONSTRAINT `donations_new_ibfk_1` FOREIGN KEY (`donor_id`) REFERENCES `donors_new` (`id`) ON DELETE CASCADE)
[11-Nov-2025 22:05:26 Asia/Manila] ✓ Audit logged: donor_served on donors (ID: 53) by admin
[11-Nov-2025 22:05:26 Asia/Manila] donations_new insert failed: SQLSTATE[23000]: Integrity constraint violation: 1452 Cannot add or update a child row: a foreign key constraint fails (`blood_system`.`donations_new`, CONSTRAINT `donations_new_ibfk_1` FOREIGN KEY (`donor_id`) REFERENCES `donors_new` (`id`) ON DELETE CASCADE)
[11-Nov-2025 22:05:26 Asia/Manila] ✓ Audit logged: donor_served on donors (ID: 54) by admin
[11-Nov-2025 22:05:27 Asia/Manila] Error checking if table exists: SQLSTATE[42000]: Syntax error or access violation: 1064 You have an error in your SQL syntax; check the manual that corresponds to your MariaDB server version for the right syntax to use near 'donors_new''' at line 1
[11-Nov-2025 22:05:27 Asia/Manila] Error getting inventory: SQLSTATE[42000]: Syntax error or access violation: 1064 You have an error in your SQL syntax; check the manual that corresponds to your MariaDB server version for the right syntax to use near 'THEN 1 ELSE 0 END as expiring_soon
                FROM blood_inventory bi
...' at line 8
[11-Nov-2025 22:05:27 Asia/Manila] Error checking if table exists: SQLSTATE[42000]: Syntax error or access violation: 1064 You have an error in your SQL syntax; check the manual that corresponds to your MariaDB server version for the right syntax to use near 'donors_new''' at line 1
[11-Nov-2025 22:05:27 Asia/Manila] Inventory error: SQLSTATE[42000]: Syntax error or access violation: 1064 You have an error in your SQL syntax; check the manual that corresponds to your MariaDB server version for the right syntax to use near 'THEN 1 ELSE 0 END as expiring_soon,
                'blood_inventory' as data...' at line 3
[11-Nov-2025 22:05:27 Asia/Manila] Error checking if table exists: SQLSTATE[42000]: Syntax error or access violation: 1064 You have an error in your SQL syntax; check the manual that corresponds to your MariaDB server version for the right syntax to use near 'donors_new''' at line 1
[11-Nov-2025 22:05:27 Asia/Manila] Error getting inventory: SQLSTATE[42000]: Syntax error or access violation: 1064 You have an error in your SQL syntax; check the manual that corresponds to your MariaDB server version for the right syntax to use near 'THEN 1 ELSE 0 END as expiring_soon
                FROM blood_inventory bi
...' at line 8
[11-Nov-2025 22:05:27 Asia/Manila] Error checking if table exists: SQLSTATE[42000]: Syntax error or access violation: 1064 You have an error in your SQL syntax; check the manual that corresponds to your MariaDB server version for the right syntax to use near 'donors_new''' at line 1
[11-Nov-2025 22:05:27 Asia/Manila] Inventory error: SQLSTATE[42000]: Syntax error or access violation: 1064 You have an error in your SQL syntax; check the manual that corresponds to your MariaDB server version for the right syntax to use near 'THEN 1 ELSE 0 END as expiring_soon,
                'blood_inventory' as data...' at line 3
[11-Nov-2025 22:05:27 Asia/Manila] Error checking if table exists: SQLSTATE[42000]: Syntax error or access violation: 1064 You have an error in your SQL syntax; check the manual that corresponds to your MariaDB server version for the right syntax to use near 'donors_new''' at line 1
[11-Nov-2025 22:05:27 Asia/Manila] Error getting inventory: SQLSTATE[42000]: Syntax error or access violation: 1064 You have an error in your SQL syntax; check the manual that corresponds to your MariaDB server version for the right syntax to use near 'THEN 1 ELSE 0 END as expiring_soon
                FROM blood_inventory bi
...' at line 8
[11-Nov-2025 22:05:27 Asia/Manila] Error checking if table exists: SQLSTATE[42000]: Syntax error or access violation: 1064 You have an error in your SQL syntax; check the manual that corresponds to your MariaDB server version for the right syntax to use near 'donors_new''' at line 1
[11-Nov-2025 22:05:27 Asia/Manila] Inventory error: SQLSTATE[42000]: Syntax error or access violation: 1064 You have an error in your SQL syntax; check the manual that corresponds to your MariaDB server version for the right syntax to use near 'THEN 1 ELSE 0 END as expiring_soon,
                'blood_inventory' as data...' at line 3
[11-Nov-2025 22:05:27 Asia/Manila] Error checking if table exists: SQLSTATE[42000]: Syntax error or access violation: 1064 You have an error in your SQL syntax; check the manual that corresponds to your MariaDB server version for the right syntax to use near 'donors_new''' at line 1
[11-Nov-2025 22:05:27 Asia/Manila] Error getting inventory: SQLSTATE[42000]: Syntax error or access violation: 1064 You have an error in your SQL syntax; check the manual that corresponds to your MariaDB server version for the right syntax to use near 'THEN 1 ELSE 0 END as expiring_soon
                FROM blood_inventory bi
...' at line 8
[11-Nov-2025 22:05:27 Asia/Manila] Error checking if table exists: SQLSTATE[42000]: Syntax error or access violation: 1064 You have an error in your SQL syntax; check the manual that corresponds to your MariaDB server version for the right syntax to use near 'donors_new''' at line 1
[11-Nov-2025 22:05:27 Asia/Manila] Error checking if table exists: SQLSTATE[42000]: Syntax error or access violation: 1064 You have an error in your SQL syntax; check the manual that corresponds to your MariaDB server version for the right syntax to use near 'donors_new''' at line 1
[11-Nov-2025 22:05:27 Asia/Manila] Error getting inventory: SQLSTATE[42000]: Syntax error or access violation: 1064 You have an error in your SQL syntax; check the manual that corresponds to your MariaDB server version for the right syntax to use near 'THEN 1 ELSE 0 END as expiring_soon
                FROM blood_inventory bi
...' at line 8
[11-Nov-2025 22:05:27 Asia/Manila] Error checking if table exists: SQLSTATE[42000]: Syntax error or access violation: 1064 You have an error in your SQL syntax; check the manual that corresponds to your MariaDB server version for the right syntax to use near 'donors_new''' at line 1
[11-Nov-2025 22:05:27 Asia/Manila] Inventory error: SQLSTATE[42000]: Syntax error or access violation: 1064 You have an error in your SQL syntax; check the manual that corresponds to your MariaDB server version for the right syntax to use near 'THEN 1 ELSE 0 END as expiring_soon,
                'blood_inventory' as data...' at line 3
[11-Nov-2025 22:05:27 Asia/Manila] Error checking if table exists: SQLSTATE[42000]: Syntax error or access violation: 1064 You have an error in your SQL syntax; check the manual that corresponds to your MariaDB server version for the right syntax to use near 'donors_new''' at line 1
[11-Nov-2025 22:05:27 Asia/Manila] Error getting inventory: SQLSTATE[42000]: Syntax error or access violation: 1064 You have an error in your SQL syntax; check the manual that corresponds to your MariaDB server version for the right syntax to use near 'THEN 1 ELSE 0 END as expiring_soon
                FROM blood_inventory bi
...' at line 8
[11-Nov-2025 22:05:27 Asia/Manila] Inventory error: SQLSTATE[42000]: Syntax error or access violation: 1064 You have an error in your SQL syntax; check the manual that corresponds to your MariaDB server version for the right syntax to use near 'THEN 1 ELSE 0 END as expiring_soon,
                'blood_inventory' as data...' at line 3
[11-Nov-2025 22:05:27 Asia/Manila] ✓ Blood inventory audit logged: unit_backfilled for unit 340 by admin
[11-Nov-2025 22:05:27 Asia/Manila] ✓ Admin audit log inserted: unit_backfilled for unit 340 by admin
[11-Nov-2025 22:05:27 Asia/Manila] ✓ Blood inventory audit logged: unit_backfilled for unit 341 by admin
[11-Nov-2025 22:05:27 Asia/Manila] ✓ Admin audit log inserted: unit_backfilled for unit 341 by admin
[11-Nov-2025 22:05:27 Asia/Manila] PHP Warning:  Cannot modify header information - headers already sent by (output started at C:\xampp\htdocs\blood-donation-pwa-1\tests\run_all_tests.php:47) in C:\xampp\htdocs\blood-donation-pwa-1\admin.php on line 23
[11-Nov-2025 22:05:27 Asia/Manila] PHP Warning:  Cannot modify header information - headers already sent by (output started at C:\xampp\htdocs\blood-donation-pwa-1\tests\run_all_tests.php:47) in C:\xampp\htdocs\blood-donation-pwa-1\admin.php on line 24
[11-Nov-2025 22:05:27 Asia/Manila] PHP Warning:  Cannot modify header information - headers already sent by (output started at C:\xampp\htdocs\blood-donation-pwa-1\tests\run_all_tests.php:47) in C:\xampp\htdocs\blood-donation-pwa-1\admin.php on line 25
[11-Nov-2025 22:05:27 Asia/Manila] PHP Warning:  Cannot modify header information - headers already sent by (output started at C:\xampp\htdocs\blood-donation-pwa-1\tests\run_all_tests.php:47) in C:\xampp\htdocs\blood-donation-pwa-1\admin.php on line 26
[11-Nov-2025 22:05:27 Asia/Manila] PHP Warning:  Undefined array key "REQUEST_METHOD" in C:\xampp\htdocs\blood-donation-pwa-1\admin.php on line 81
[11-Nov-2025 22:05:27 Asia/Manila] PHP Warning:  Constant INCLUDES_PATH already defined in C:\xampp\htdocs\blood-donation-pwa-1\admin.php on line 158
[11-Nov-2025 22:05:27 Asia/Manila] PHP Warning:  Undefined array key "REQUEST_METHOD" in C:\xampp\htdocs\blood-donation-pwa-1\admin.php on line 164
[11-Nov-2025 22:05:27 Asia/Manila] Donor not found in approveDonor: 154
[11-Nov-2025 22:05:27 Asia/Manila] Error approving donor: Donor not found
[11-Nov-2025 22:05:27 Asia/Manila] Error updating donor status: Donor not found
[11-Nov-2025 22:05:27 Asia/Manila] Stack trace: #0 C:\xampp\htdocs\blood-donation-pwa-1\tests\test_donor_approval.php(43): updateDonorStatus(Object(PDO), 155, 'rejected', 'Test rejection ...', 1)
#1 C:\xampp\htdocs\blood-donation-pwa-1\tests\run_all_tests.php(48): require_once('C:\\xampp\\htdocs...')
#2 {main}
[11-Nov-2025 22:05:27 Asia/Manila] === DONOR DETAILS REQUEST ===
[11-Nov-2025 22:05:27 Asia/Manila] Donor ID: 63
[11-Nov-2025 15:11:17 Europe/Berlin] DB connect failed for root@localhost:3306/blood_system: SQLSTATE[HY000] [1045] Access denied for user 'root'@'localhost' (using password: NO)
[11-Nov-2025 15:11:17 Europe/Berlin] DB connect failed for root@127.0.0.1:3306/blood_system: SQLSTATE[HY000] [1045] Access denied for user 'root'@'localhost' (using password: NO)
[11-Nov-2025 15:11:17 Europe/Berlin] DB connect failed for root@localhost:3306/blood_system: SQLSTATE[HY000] [1045] Access denied for user 'root'@'localhost' (using password: NO)
[11-Nov-2025 15:11:17 Europe/Berlin] Database connection established successfully
[11-Nov-2025 15:11:17 Europe/Berlin] Error checking if table exists: SQLSTATE[42000]: Syntax error or access violation: 1064 You have an error in your SQL syntax; check the manual that corresponds to your MariaDB server version for the right syntax to use near 'donations_new''' at line 1
[11-Nov-2025 15:11:17 Europe/Berlin] Error checking if table exists: SQLSTATE[42000]: Syntax error or access violation: 1064 You have an error in your SQL syntax; check the manual that corresponds to your MariaDB server version for the right syntax to use near 'admin_audit_log''' at line 1
[11-Nov-2025 15:11:17 Europe/Berlin] Error checking if table exists: SQLSTATE[42000]: Syntax error or access violation: 1064 You have an error in your SQL syntax; check the manual that corresponds to your MariaDB server version for the right syntax to use near 'blood_inventory''' at line 1
[11-Nov-2025 22:11:18 Asia/Manila] ✓ Audit logged: donor_served on donors (ID: 55) by admin
[11-Nov-2025 22:11:18 Asia/Manila] ✓ Audit logged: donor_served on donors (ID: 55) by admin
[11-Nov-2025 22:11:18 Asia/Manila] donations_new insert failed: SQLSTATE[23000]: Integrity constraint violation: 1452 Cannot add or update a child row: a foreign key constraint fails (`blood_system`.`donations_new`, CONSTRAINT `donations_new_ibfk_1` FOREIGN KEY (`donor_id`) REFERENCES `donors_new` (`id`) ON DELETE CASCADE)
[11-Nov-2025 22:11:18 Asia/Manila] blood_inventory ensure insert fallback failed: SQLSTATE[01000]: Warning: 1265 Data truncated for column 'blood_type' at row 1
[11-Nov-2025 22:11:18 Asia/Manila] ✓ Audit logged: donor_served on donors (ID: 56) by admin
[11-Nov-2025 22:11:18 Asia/Manila] Error checking if table exists: SQLSTATE[42000]: Syntax error or access violation: 1064 You have an error in your SQL syntax; check the manual that corresponds to your MariaDB server version for the right syntax to use near 'donations_new''' at line 1
[11-Nov-2025 22:11:18 Asia/Manila] Error checking if table exists: SQLSTATE[42000]: Syntax error or access violation: 1064 You have an error in your SQL syntax; check the manual that corresponds to your MariaDB server version for the right syntax to use near 'admin_audit_log''' at line 1
[11-Nov-2025 22:11:18 Asia/Manila] Error checking if table exists: SQLSTATE[42000]: Syntax error or access violation: 1064 You have an error in your SQL syntax; check the manual that corresponds to your MariaDB server version for the right syntax to use near 'blood_inventory''' at line 1
[11-Nov-2025 22:11:19 Asia/Manila] ✓ Audit logged: donor_served on donors (ID: 57) by admin
[11-Nov-2025 22:11:19 Asia/Manila] ✓ Audit logged: donor_served on donors (ID: 58) by admin
[11-Nov-2025 22:11:19 Asia/Manila] ✓ Audit logged: donor_served on donors (ID: 59) by admin
[11-Nov-2025 22:11:20 Asia/Manila] ✓ Audit logged: donor_served on donors (ID: 57) by admin
[11-Nov-2025 22:11:20 Asia/Manila] ✓ Audit logged: donor_served on donors (ID: 58) by admin
[11-Nov-2025 22:11:21 Asia/Manila] ✓ Audit logged: donor_served on donors (ID: 59) by admin
[11-Nov-2025 22:11:21 Asia/Manila] Error checking if table exists: SQLSTATE[42000]: Syntax error or access violation: 1064 You have an error in your SQL syntax; check the manual that corresponds to your MariaDB server version for the right syntax to use near 'donors_new''' at line 1
[11-Nov-2025 22:11:21 Asia/Manila] Error getting inventory: SQLSTATE[42000]: Syntax error or access violation: 1064 You have an error in your SQL syntax; check the manual that corresponds to your MariaDB server version for the right syntax to use near 'THEN 1 ELSE 0 END as expiring_soon
                FROM blood_inventory bi
...' at line 8
[11-Nov-2025 22:11:21 Asia/Manila] Error checking if table exists: SQLSTATE[42000]: Syntax error or access violation: 1064 You have an error in your SQL syntax; check the manual that corresponds to your MariaDB server version for the right syntax to use near 'donors_new''' at line 1
[11-Nov-2025 22:11:21 Asia/Manila] Inventory error: SQLSTATE[42000]: Syntax error or access violation: 1064 You have an error in your SQL syntax; check the manual that corresponds to your MariaDB server version for the right syntax to use near 'THEN 1 ELSE 0 END as expiring_soon,
                'blood_inventory' as data...' at line 3
[11-Nov-2025 22:11:21 Asia/Manila] Error checking if table exists: SQLSTATE[42000]: Syntax error or access violation: 1064 You have an error in your SQL syntax; check the manual that corresponds to your MariaDB server version for the right syntax to use near 'donors_new''' at line 1
[11-Nov-2025 22:11:21 Asia/Manila] Error getting inventory: SQLSTATE[42000]: Syntax error or access violation: 1064 You have an error in your SQL syntax; check the manual that corresponds to your MariaDB server version for the right syntax to use near 'THEN 1 ELSE 0 END as expiring_soon
                FROM blood_inventory bi
...' at line 8
[11-Nov-2025 22:11:21 Asia/Manila] Error checking if table exists: SQLSTATE[42000]: Syntax error or access violation: 1064 You have an error in your SQL syntax; check the manual that corresponds to your MariaDB server version for the right syntax to use near 'donors_new''' at line 1
[11-Nov-2025 22:11:21 Asia/Manila] Inventory error: SQLSTATE[42000]: Syntax error or access violation: 1064 You have an error in your SQL syntax; check the manual that corresponds to your MariaDB server version for the right syntax to use near 'THEN 1 ELSE 0 END as expiring_soon,
                'blood_inventory' as data...' at line 3
[11-Nov-2025 22:11:21 Asia/Manila] Error checking if table exists: SQLSTATE[42000]: Syntax error or access violation: 1064 You have an error in your SQL syntax; check the manual that corresponds to your MariaDB server version for the right syntax to use near 'donors_new''' at line 1
[11-Nov-2025 22:11:21 Asia/Manila] Error getting inventory: SQLSTATE[42000]: Syntax error or access violation: 1064 You have an error in your SQL syntax; check the manual that corresponds to your MariaDB server version for the right syntax to use near 'THEN 1 ELSE 0 END as expiring_soon
                FROM blood_inventory bi
...' at line 8
[11-Nov-2025 22:11:21 Asia/Manila] Error checking if table exists: SQLSTATE[42000]: Syntax error or access violation: 1064 You have an error in your SQL syntax; check the manual that corresponds to your MariaDB server version for the right syntax to use near 'donors_new''' at line 1
[11-Nov-2025 22:11:21 Asia/Manila] Inventory error: SQLSTATE[42000]: Syntax error or access violation: 1064 You have an error in your SQL syntax; check the manual that corresponds to your MariaDB server version for the right syntax to use near 'THEN 1 ELSE 0 END as expiring_soon,
                'blood_inventory' as data...' at line 3
[11-Nov-2025 22:11:21 Asia/Manila] Error checking if table exists: SQLSTATE[42000]: Syntax error or access violation: 1064 You have an error in your SQL syntax; check the manual that corresponds to your MariaDB server version for the right syntax to use near 'donors_new''' at line 1
[11-Nov-2025 22:11:21 Asia/Manila] Error getting inventory: SQLSTATE[42000]: Syntax error or access violation: 1064 You have an error in your SQL syntax; check the manual that corresponds to your MariaDB server version for the right syntax to use near 'THEN 1 ELSE 0 END as expiring_soon
                FROM blood_inventory bi
...' at line 8
[11-Nov-2025 22:11:21 Asia/Manila] Error checking if table exists: SQLSTATE[42000]: Syntax error or access violation: 1064 You have an error in your SQL syntax; check the manual that corresponds to your MariaDB server version for the right syntax to use near 'donors_new''' at line 1
[11-Nov-2025 22:11:21 Asia/Manila] Error checking if table exists: SQLSTATE[42000]: Syntax error or access violation: 1064 You have an error in your SQL syntax; check the manual that corresponds to your MariaDB server version for the right syntax to use near 'donors_new''' at line 1
[11-Nov-2025 22:11:21 Asia/Manila] Error getting inventory: SQLSTATE[42000]: Syntax error or access violation: 1064 You have an error in your SQL syntax; check the manual that corresponds to your MariaDB server version for the right syntax to use near 'THEN 1 ELSE 0 END as expiring_soon
                FROM blood_inventory bi
...' at line 8
[11-Nov-2025 22:11:21 Asia/Manila] Error checking if table exists: SQLSTATE[42000]: Syntax error or access violation: 1064 You have an error in your SQL syntax; check the manual that corresponds to your MariaDB server version for the right syntax to use near 'donors_new''' at line 1
[11-Nov-2025 22:11:21 Asia/Manila] Inventory error: SQLSTATE[42000]: Syntax error or access violation: 1064 You have an error in your SQL syntax; check the manual that corresponds to your MariaDB server version for the right syntax to use near 'THEN 1 ELSE 0 END as expiring_soon,
                'blood_inventory' as data...' at line 3
[11-Nov-2025 22:11:21 Asia/Manila] Error checking if table exists: SQLSTATE[42000]: Syntax error or access violation: 1064 You have an error in your SQL syntax; check the manual that corresponds to your MariaDB server version for the right syntax to use near 'donors_new''' at line 1
[11-Nov-2025 22:11:21 Asia/Manila] Error getting inventory: SQLSTATE[42000]: Syntax error or access violation: 1064 You have an error in your SQL syntax; check the manual that corresponds to your MariaDB server version for the right syntax to use near 'THEN 1 ELSE 0 END as expiring_soon
                FROM blood_inventory bi
...' at line 8
[11-Nov-2025 22:11:21 Asia/Manila] Inventory error: SQLSTATE[42000]: Syntax error or access violation: 1064 You have an error in your SQL syntax; check the manual that corresponds to your MariaDB server version for the right syntax to use near 'THEN 1 ELSE 0 END as expiring_soon,
                'blood_inventory' as data...' at line 3
[11-Nov-2025 22:11:21 Asia/Manila] ✓ Blood inventory audit logged: unit_backfilled for unit 351 by admin
[11-Nov-2025 22:11:21 Asia/Manila] ✓ Admin audit log inserted: unit_backfilled for unit 351 by admin
[11-Nov-2025 22:11:21 Asia/Manila] ✓ Blood inventory audit logged: unit_backfilled for unit 352 by admin
[11-Nov-2025 22:11:21 Asia/Manila] ✓ Admin audit log inserted: unit_backfilled for unit 352 by admin
[11-Nov-2025 22:11:21 Asia/Manila] ✓ Blood inventory audit logged: unit_backfilled for unit 353 by admin
[11-Nov-2025 22:11:21 Asia/Manila] ✓ Admin audit log inserted: unit_backfilled for unit 353 by admin
[11-Nov-2025 22:11:21 Asia/Manila] PHP Warning:  Cannot modify header information - headers already sent by (output started at C:\xampp\htdocs\blood-donation-pwa-1\tests\run_all_tests.php:47) in C:\xampp\htdocs\blood-donation-pwa-1\admin.php on line 23
[11-Nov-2025 22:11:21 Asia/Manila] PHP Warning:  Cannot modify header information - headers already sent by (output started at C:\xampp\htdocs\blood-donation-pwa-1\tests\run_all_tests.php:47) in C:\xampp\htdocs\blood-donation-pwa-1\admin.php on line 24
[11-Nov-2025 22:11:21 Asia/Manila] PHP Warning:  Cannot modify header information - headers already sent by (output started at C:\xampp\htdocs\blood-donation-pwa-1\tests\run_all_tests.php:47) in C:\xampp\htdocs\blood-donation-pwa-1\admin.php on line 25
[11-Nov-2025 22:11:21 Asia/Manila] PHP Warning:  Cannot modify header information - headers already sent by (output started at C:\xampp\htdocs\blood-donation-pwa-1\tests\run_all_tests.php:47) in C:\xampp\htdocs\blood-donation-pwa-1\admin.php on line 26
[11-Nov-2025 22:11:21 Asia/Manila] PHP Warning:  Undefined array key "REQUEST_METHOD" in C:\xampp\htdocs\blood-donation-pwa-1\admin.php on line 81
[11-Nov-2025 22:11:21 Asia/Manila] PHP Warning:  Constant INCLUDES_PATH already defined in C:\xampp\htdocs\blood-donation-pwa-1\admin.php on line 158
[11-Nov-2025 22:11:21 Asia/Manila] PHP Warning:  Undefined array key "REQUEST_METHOD" in C:\xampp\htdocs\blood-donation-pwa-1\admin.php on line 164
[11-Nov-2025 22:11:21 Asia/Manila] Donor not found in approveDonor: 156
[11-Nov-2025 22:11:21 Asia/Manila] Error approving donor: Donor not found
[11-Nov-2025 22:11:21 Asia/Manila] Error updating donor status: Donor not found
[11-Nov-2025 22:11:21 Asia/Manila] Stack trace: #0 C:\xampp\htdocs\blood-donation-pwa-1\tests\test_donor_approval.php(43): updateDonorStatus(Object(PDO), 157, 'rejected', 'Test rejection ...', 1)
#1 C:\xampp\htdocs\blood-donation-pwa-1\tests\run_all_tests.php(48): require_once('C:\\xampp\\htdocs...')
#2 {main}
[11-Nov-2025 22:11:21 Asia/Manila] === DONOR DETAILS REQUEST ===
[11-Nov-2025 22:11:21 Asia/Manila] Donor ID: 63
[11-Nov-2025 15:11:55 Europe/Berlin] DB connect failed for root@localhost:3306/blood_system: SQLSTATE[HY000] [1045] Access denied for user 'root'@'localhost' (using password: NO)
[11-Nov-2025 15:11:55 Europe/Berlin] DB connect failed for root@127.0.0.1:3306/blood_system: SQLSTATE[HY000] [1045] Access denied for user 'root'@'localhost' (using password: NO)
[11-Nov-2025 15:11:55 Europe/Berlin] DB connect failed for root@localhost:3306/blood_system: SQLSTATE[HY000] [1045] Access denied for user 'root'@'localhost' (using password: NO)
[11-Nov-2025 15:11:55 Europe/Berlin] Database connection established successfully
[11-Nov-2025 15:11:55 Europe/Berlin] Error checking if table exists: SQLSTATE[42000]: Syntax error or access violation: 1064 You have an error in your SQL syntax; check the manual that corresponds to your MariaDB server version for the right syntax to use near 'donations_new''' at line 1
[11-Nov-2025 15:11:55 Europe/Berlin] Error checking if table exists: SQLSTATE[42000]: Syntax error or access violation: 1064 You have an error in your SQL syntax; check the manual that corresponds to your MariaDB server version for the right syntax to use near 'admin_audit_log''' at line 1
[11-Nov-2025 15:11:55 Europe/Berlin] Error checking if table exists: SQLSTATE[42000]: Syntax error or access violation: 1064 You have an error in your SQL syntax; check the manual that corresponds to your MariaDB server version for the right syntax to use near 'blood_inventory''' at line 1
[11-Nov-2025 22:11:55 Asia/Manila] ✓ Audit logged: donor_served on donors (ID: 60) by admin
[11-Nov-2025 22:11:55 Asia/Manila] ✓ Audit logged: donor_served on donors (ID: 60) by admin
[11-Nov-2025 22:11:56 Asia/Manila] ✓ Audit logged: donor_served on donors (ID: 61) by admin
[11-Nov-2025 22:11:56 Asia/Manila] Error checking if table exists: SQLSTATE[42000]: Syntax error or access violation: 1064 You have an error in your SQL syntax; check the manual that corresponds to your MariaDB server version for the right syntax to use near 'donations_new''' at line 1
[11-Nov-2025 22:11:56 Asia/Manila] Error checking if table exists: SQLSTATE[42000]: Syntax error or access violation: 1064 You have an error in your SQL syntax; check the manual that corresponds to your MariaDB server version for the right syntax to use near 'admin_audit_log''' at line 1
[11-Nov-2025 22:11:56 Asia/Manila] Error checking if table exists: SQLSTATE[42000]: Syntax error or access violation: 1064 You have an error in your SQL syntax; check the manual that corresponds to your MariaDB server version for the right syntax to use near 'blood_inventory''' at line 1
[11-Nov-2025 22:11:56 Asia/Manila] ✓ Audit logged: donor_served on donors (ID: 62) by admin
[11-Nov-2025 22:11:57 Asia/Manila] ✓ Audit logged: donor_served on donors (ID: 63) by admin
[11-Nov-2025 22:11:57 Asia/Manila] donations_new insert failed: SQLSTATE[23000]: Integrity constraint violation: 1452 Cannot add or update a child row: a foreign key constraint fails (`blood_system`.`donations_new`, CONSTRAINT `donations_new_ibfk_1` FOREIGN KEY (`donor_id`) REFERENCES `donors_new` (`id`) ON DELETE CASCADE)
[11-Nov-2025 22:11:57 Asia/Manila] blood_inventory ensure insert fallback failed: SQLSTATE[23000]: Integrity constraint violation: 1452 Cannot add or update a child row: a foreign key constraint fails (`blood_system`.`blood_inventory`, CONSTRAINT `blood_inventory_ibfk_1` FOREIGN KEY (`donor_id`) REFERENCES `donors_new` (`id`) ON DELETE CASCADE)
[11-Nov-2025 22:11:57 Asia/Manila] ✓ Audit logged: donor_served on donors (ID: 64) by admin
[11-Nov-2025 22:11:57 Asia/Manila] ✓ Audit logged: donor_served on donors (ID: 62) by admin
[11-Nov-2025 22:11:58 Asia/Manila] ✓ Audit logged: donor_served on donors (ID: 63) by admin
[11-Nov-2025 22:11:58 Asia/Manila] donations_new insert failed: SQLSTATE[23000]: Integrity constraint violation: 1452 Cannot add or update a child row: a foreign key constraint fails (`blood_system`.`donations_new`, CONSTRAINT `donations_new_ibfk_1` FOREIGN KEY (`donor_id`) REFERENCES `donors_new` (`id`) ON DELETE CASCADE)
[11-Nov-2025 22:11:58 Asia/Manila] blood_inventory ensure insert fallback failed: SQLSTATE[23000]: Integrity constraint violation: 1452 Cannot add or update a child row: a foreign key constraint fails (`blood_system`.`blood_inventory`, CONSTRAINT `blood_inventory_ibfk_1` FOREIGN KEY (`donor_id`) REFERENCES `donors_new` (`id`) ON DELETE CASCADE)
[11-Nov-2025 22:11:58 Asia/Manila] ✓ Audit logged: donor_served on donors (ID: 64) by admin
[11-Nov-2025 22:11:58 Asia/Manila] Error checking if table exists: SQLSTATE[42000]: Syntax error or access violation: 1064 You have an error in your SQL syntax; check the manual that corresponds to your MariaDB server version for the right syntax to use near 'donors_new''' at line 1
[11-Nov-2025 22:11:58 Asia/Manila] Error getting inventory: SQLSTATE[42000]: Syntax error or access violation: 1064 You have an error in your SQL syntax; check the manual that corresponds to your MariaDB server version for the right syntax to use near 'THEN 1 ELSE 0 END as expiring_soon
                FROM blood_inventory bi
...' at line 8
[11-Nov-2025 22:11:58 Asia/Manila] Error checking if table exists: SQLSTATE[42000]: Syntax error or access violation: 1064 You have an error in your SQL syntax; check the manual that corresponds to your MariaDB server version for the right syntax to use near 'donors_new''' at line 1
[11-Nov-2025 22:11:58 Asia/Manila] Inventory error: SQLSTATE[42000]: Syntax error or access violation: 1064 You have an error in your SQL syntax; check the manual that corresponds to your MariaDB server version for the right syntax to use near 'THEN 1 ELSE 0 END as expiring_soon,
                'blood_inventory' as data...' at line 3
[11-Nov-2025 22:11:58 Asia/Manila] Error checking if table exists: SQLSTATE[42000]: Syntax error or access violation: 1064 You have an error in your SQL syntax; check the manual that corresponds to your MariaDB server version for the right syntax to use near 'donors_new''' at line 1
[11-Nov-2025 22:11:58 Asia/Manila] Error getting inventory: SQLSTATE[42000]: Syntax error or access violation: 1064 You have an error in your SQL syntax; check the manual that corresponds to your MariaDB server version for the right syntax to use near 'THEN 1 ELSE 0 END as expiring_soon
                FROM blood_inventory bi
...' at line 8
[11-Nov-2025 22:11:58 Asia/Manila] Error checking if table exists: SQLSTATE[42000]: Syntax error or access violation: 1064 You have an error in your SQL syntax; check the manual that corresponds to your MariaDB server version for the right syntax to use near 'donors_new''' at line 1
[11-Nov-2025 22:11:58 Asia/Manila] Inventory error: SQLSTATE[42000]: Syntax error or access violation: 1064 You have an error in your SQL syntax; check the manual that corresponds to your MariaDB server version for the right syntax to use near 'THEN 1 ELSE 0 END as expiring_soon,
                'blood_inventory' as data...' at line 3
[11-Nov-2025 22:11:58 Asia/Manila] Error checking if table exists: SQLSTATE[42000]: Syntax error or access violation: 1064 You have an error in your SQL syntax; check the manual that corresponds to your MariaDB server version for the right syntax to use near 'donors_new''' at line 1
[11-Nov-2025 22:11:58 Asia/Manila] Error getting inventory: SQLSTATE[42000]: Syntax error or access violation: 1064 You have an error in your SQL syntax; check the manual that corresponds to your MariaDB server version for the right syntax to use near 'THEN 1 ELSE 0 END as expiring_soon
                FROM blood_inventory bi
...' at line 8
[11-Nov-2025 22:11:58 Asia/Manila] Error checking if table exists: SQLSTATE[42000]: Syntax error or access violation: 1064 You have an error in your SQL syntax; check the manual that corresponds to your MariaDB server version for the right syntax to use near 'donors_new''' at line 1
[11-Nov-2025 22:11:58 Asia/Manila] Inventory error: SQLSTATE[42000]: Syntax error or access violation: 1064 You have an error in your SQL syntax; check the manual that corresponds to your MariaDB server version for the right syntax to use near 'THEN 1 ELSE 0 END as expiring_soon,
                'blood_inventory' as data...' at line 3
[11-Nov-2025 22:11:58 Asia/Manila] Error checking if table exists: SQLSTATE[42000]: Syntax error or access violation: 1064 You have an error in your SQL syntax; check the manual that corresponds to your MariaDB server version for the right syntax to use near 'donors_new''' at line 1
[11-Nov-2025 22:11:58 Asia/Manila] Error getting inventory: SQLSTATE[42000]: Syntax error or access violation: 1064 You have an error in your SQL syntax; check the manual that corresponds to your MariaDB server version for the right syntax to use near 'THEN 1 ELSE 0 END as expiring_soon
                FROM blood_inventory bi
...' at line 8
[11-Nov-2025 22:11:58 Asia/Manila] Error checking if table exists: SQLSTATE[42000]: Syntax error or access violation: 1064 You have an error in your SQL syntax; check the manual that corresponds to your MariaDB server version for the right syntax to use near 'donors_new''' at line 1
[11-Nov-2025 22:11:58 Asia/Manila] Error checking if table exists: SQLSTATE[42000]: Syntax error or access violation: 1064 You have an error in your SQL syntax; check the manual that corresponds to your MariaDB server version for the right syntax to use near 'donors_new''' at line 1
[11-Nov-2025 22:11:58 Asia/Manila] Error getting inventory: SQLSTATE[42000]: Syntax error or access violation: 1064 You have an error in your SQL syntax; check the manual that corresponds to your MariaDB server version for the right syntax to use near 'THEN 1 ELSE 0 END as expiring_soon
                FROM blood_inventory bi
...' at line 8
[11-Nov-2025 22:11:58 Asia/Manila] Error checking if table exists: SQLSTATE[42000]: Syntax error or access violation: 1064 You have an error in your SQL syntax; check the manual that corresponds to your MariaDB server version for the right syntax to use near 'donors_new''' at line 1
[11-Nov-2025 22:11:58 Asia/Manila] Inventory error: SQLSTATE[42000]: Syntax error or access violation: 1064 You have an error in your SQL syntax; check the manual that corresponds to your MariaDB server version for the right syntax to use near 'THEN 1 ELSE 0 END as expiring_soon,
                'blood_inventory' as data...' at line 3
[11-Nov-2025 22:11:58 Asia/Manila] Error checking if table exists: SQLSTATE[42000]: Syntax error or access violation: 1064 You have an error in your SQL syntax; check the manual that corresponds to your MariaDB server version for the right syntax to use near 'donors_new''' at line 1
[11-Nov-2025 22:11:58 Asia/Manila] Error getting inventory: SQLSTATE[42000]: Syntax error or access violation: 1064 You have an error in your SQL syntax; check the manual that corresponds to your MariaDB server version for the right syntax to use near 'THEN 1 ELSE 0 END as expiring_soon
                FROM blood_inventory bi
...' at line 8
[11-Nov-2025 22:11:58 Asia/Manila] Inventory error: SQLSTATE[42000]: Syntax error or access violation: 1064 You have an error in your SQL syntax; check the manual that corresponds to your MariaDB server version for the right syntax to use near 'THEN 1 ELSE 0 END as expiring_soon,
                'blood_inventory' as data...' at line 3
[11-Nov-2025 22:11:58 Asia/Manila] ✓ Blood inventory audit logged: unit_backfilled for unit 365 by admin
[11-Nov-2025 22:11:58 Asia/Manila] ✓ Admin audit log inserted: unit_backfilled for unit 365 by admin
[11-Nov-2025 22:11:58 Asia/Manila] ✓ Blood inventory audit logged: unit_backfilled for unit 366 by admin
[11-Nov-2025 22:11:58 Asia/Manila] ✓ Admin audit log inserted: unit_backfilled for unit 366 by admin
[11-Nov-2025 22:11:58 Asia/Manila] ✓ Blood inventory audit logged: unit_backfilled for unit 367 by admin
[11-Nov-2025 22:11:58 Asia/Manila] ✓ Admin audit log inserted: unit_backfilled for unit 367 by admin
[11-Nov-2025 22:11:58 Asia/Manila] PHP Warning:  Cannot modify header information - headers already sent by (output started at C:\xampp\htdocs\blood-donation-pwa-1\tests\run_all_tests.php:47) in C:\xampp\htdocs\blood-donation-pwa-1\admin.php on line 23
[11-Nov-2025 22:11:58 Asia/Manila] PHP Warning:  Cannot modify header information - headers already sent by (output started at C:\xampp\htdocs\blood-donation-pwa-1\tests\run_all_tests.php:47) in C:\xampp\htdocs\blood-donation-pwa-1\admin.php on line 24
[11-Nov-2025 22:11:58 Asia/Manila] PHP Warning:  Cannot modify header information - headers already sent by (output started at C:\xampp\htdocs\blood-donation-pwa-1\tests\run_all_tests.php:47) in C:\xampp\htdocs\blood-donation-pwa-1\admin.php on line 25
[11-Nov-2025 22:11:58 Asia/Manila] PHP Warning:  Cannot modify header information - headers already sent by (output started at C:\xampp\htdocs\blood-donation-pwa-1\tests\run_all_tests.php:47) in C:\xampp\htdocs\blood-donation-pwa-1\admin.php on line 26
[11-Nov-2025 22:11:58 Asia/Manila] PHP Warning:  Undefined array key "REQUEST_METHOD" in C:\xampp\htdocs\blood-donation-pwa-1\admin.php on line 81
[11-Nov-2025 22:11:58 Asia/Manila] PHP Warning:  Constant INCLUDES_PATH already defined in C:\xampp\htdocs\blood-donation-pwa-1\admin.php on line 158
[11-Nov-2025 22:11:58 Asia/Manila] PHP Warning:  Undefined array key "REQUEST_METHOD" in C:\xampp\htdocs\blood-donation-pwa-1\admin.php on line 164
[11-Nov-2025 22:11:58 Asia/Manila] Donor not found in approveDonor: 158
[11-Nov-2025 22:11:58 Asia/Manila] Error approving donor: Donor not found
[11-Nov-2025 22:11:58 Asia/Manila] Error updating donor status: Donor not found
[11-Nov-2025 22:11:58 Asia/Manila] Stack trace: #0 C:\xampp\htdocs\blood-donation-pwa-1\tests\test_donor_approval.php(43): updateDonorStatus(Object(PDO), 159, 'rejected', 'Test rejection ...', 1)
#1 C:\xampp\htdocs\blood-donation-pwa-1\tests\run_all_tests.php(48): require_once('C:\\xampp\\htdocs...')
#2 {main}
[11-Nov-2025 22:11:58 Asia/Manila] === DONOR DETAILS REQUEST ===
[11-Nov-2025 22:11:58 Asia/Manila] Donor ID: 63
[11-Nov-2025 15:47:02 Europe/Berlin] DB connect failed for root@localhost:3306/blood_system: SQLSTATE[HY000] [1045] Access denied for user 'root'@'localhost' (using password: NO)
[11-Nov-2025 15:47:02 Europe/Berlin] DB connect failed for root@127.0.0.1:3306/blood_system: SQLSTATE[HY000] [1045] Access denied for user 'root'@'localhost' (using password: NO)
[11-Nov-2025 15:47:02 Europe/Berlin] DB connect failed for root@localhost:3306/blood_system: SQLSTATE[HY000] [1045] Access denied for user 'root'@'localhost' (using password: NO)
[11-Nov-2025 15:47:02 Europe/Berlin] Database connection established successfully
[11-Nov-2025 16:18:33 Europe/Berlin] DB connect failed for root@localhost:3306/blood_system: SQLSTATE[HY000] [1045] Access denied for user 'root'@'localhost' (using password: NO)
[11-Nov-2025 16:18:33 Europe/Berlin] DB connect failed for root@127.0.0.1:3306/blood_system: SQLSTATE[HY000] [1045] Access denied for user 'root'@'localhost' (using password: NO)
[11-Nov-2025 16:18:33 Europe/Berlin] DB connect failed for root@localhost:3306/blood_system: SQLSTATE[HY000] [1045] Access denied for user 'root'@'localhost' (using password: NO)
[11-Nov-2025 16:18:33 Europe/Berlin] Database connection established successfully
[11-Nov-2025 16:18:33 Europe/Berlin] DB connect failed for root@localhost:3306/blood_system: SQLSTATE[HY000] [1045] Access denied for user 'root'@'localhost' (using password: NO)
[11-Nov-2025 16:18:33 Europe/Berlin] DB connect failed for root@127.0.0.1:3306/blood_system: SQLSTATE[HY000] [1045] Access denied for user 'root'@'localhost' (using password: NO)
[11-Nov-2025 16:18:33 Europe/Berlin] DB connect failed for root@localhost:3306/blood_system: SQLSTATE[HY000] [1045] Access denied for user 'root'@'localhost' (using password: NO)
[11-Nov-2025 16:18:33 Europe/Berlin] Database connection established successfully
[11-Nov-2025 16:29:27 Europe/Berlin] DB connect failed for root@localhost:3306/blood_system: SQLSTATE[HY000] [1045] Access denied for user 'root'@'localhost' (using password: NO)
[11-Nov-2025 16:29:27 Europe/Berlin] DB connect failed for root@127.0.0.1:3306/blood_system: SQLSTATE[HY000] [1045] Access denied for user 'root'@'localhost' (using password: NO)
[11-Nov-2025 16:29:27 Europe/Berlin] DB connect failed for root@localhost:3306/blood_system: SQLSTATE[HY000] [1045] Access denied for user 'root'@'localhost' (using password: NO)
[11-Nov-2025 16:29:27 Europe/Berlin] Database connection established successfully
[11-Nov-2025 16:29:27 Europe/Berlin] DB connect failed for root@localhost:3306/blood_system: SQLSTATE[HY000] [1045] Access denied for user 'root'@'localhost' (using password: NO)
[11-Nov-2025 16:29:27 Europe/Berlin] DB connect failed for root@127.0.0.1:3306/blood_system: SQLSTATE[HY000] [1045] Access denied for user 'root'@'localhost' (using password: NO)
[11-Nov-2025 16:29:27 Europe/Berlin] DB connect failed for root@localhost:3306/blood_system: SQLSTATE[HY000] [1045] Access denied for user 'root'@'localhost' (using password: NO)
[11-Nov-2025 16:29:27 Europe/Berlin] Database connection established successfully
[11-Nov-2025 16:40:57 Europe/Berlin] DB connect failed for root@localhost:3306/blood_system: SQLSTATE[HY000] [1045] Access denied for user 'root'@'localhost' (using password: NO)
[11-Nov-2025 16:40:57 Europe/Berlin] DB connect failed for root@127.0.0.1:3306/blood_system: SQLSTATE[HY000] [1045] Access denied for user 'root'@'localhost' (using password: NO)
[11-Nov-2025 16:40:57 Europe/Berlin] DB connect failed for root@localhost:3306/blood_system: SQLSTATE[HY000] [1045] Access denied for user 'root'@'localhost' (using password: NO)
[11-Nov-2025 16:40:57 Europe/Berlin] Database connection established successfully
[11-Nov-2025 16:41:37 Europe/Berlin] DB connect failed for root@localhost:3306/blood_system: SQLSTATE[HY000] [1045] Access denied for user 'root'@'localhost' (using password: NO)
[11-Nov-2025 16:41:37 Europe/Berlin] DB connect failed for root@127.0.0.1:3306/blood_system: SQLSTATE[HY000] [1045] Access denied for user 'root'@'localhost' (using password: NO)
[11-Nov-2025 16:41:37 Europe/Berlin] DB connect failed for root@localhost:3306/blood_system: SQLSTATE[HY000] [1045] Access denied for user 'root'@'localhost' (using password: NO)
[11-Nov-2025 16:41:37 Europe/Berlin] Database connection established successfully
[12-Nov-2025 13:18:11 Europe/Berlin] DB connect failed for root@localhost:3306/blood_system: SQLSTATE[HY000] [1045] Access denied for user 'root'@'localhost' (using password: NO)
[12-Nov-2025 13:18:11 Europe/Berlin] DB connect failed for root@127.0.0.1:3306/blood_system: SQLSTATE[HY000] [1045] Access denied for user 'root'@'localhost' (using password: NO)
[12-Nov-2025 13:18:11 Europe/Berlin] DB connect failed for root@localhost:3306/blood_system: SQLSTATE[HY000] [1045] Access denied for user 'root'@'localhost' (using password: NO)
[12-Nov-2025 13:18:11 Europe/Berlin] Database connection established successfully
[12-Nov-2025 13:35:01 Europe/Berlin] DB connect failed for root@localhost:3306/blood_system: SQLSTATE[HY000] [1045] Access denied for user 'root'@'localhost' (using password: NO)
[12-Nov-2025 13:35:01 Europe/Berlin] DB connect failed for root@127.0.0.1:3306/blood_system: SQLSTATE[HY000] [1045] Access denied for user 'root'@'localhost' (using password: NO)
[12-Nov-2025 13:35:01 Europe/Berlin] DB connect failed for root@localhost:3306/blood_system: SQLSTATE[HY000] [1045] Access denied for user 'root'@'localhost' (using password: NO)
[12-Nov-2025 13:35:01 Europe/Berlin] Database connection established successfully
[12-Nov-2025 14:57:48 Europe/Berlin] DB connect failed for root@localhost:3306/blood_system: SQLSTATE[HY000] [1045] Access denied for user 'root'@'localhost' (using password: NO)
[12-Nov-2025 14:57:48 Europe/Berlin] DB connect failed for root@127.0.0.1:3306/blood_system: SQLSTATE[HY000] [1045] Access denied for user 'root'@'localhost' (using password: NO)
[12-Nov-2025 14:57:48 Europe/Berlin] DB connect failed for root@localhost:3306/blood_system: SQLSTATE[HY000] [1045] Access denied for user 'root'@'localhost' (using password: NO)
[12-Nov-2025 14:57:48 Europe/Berlin] Database connection established successfully
[12-Nov-2025 15:09:37 Europe/Berlin] DB connect failed for root@localhost:3306/blood_system: SQLSTATE[HY000] [1045] Access denied for user 'root'@'localhost' (using password: NO)
[12-Nov-2025 15:09:37 Europe/Berlin] DB connect failed for root@127.0.0.1:3306/blood_system: SQLSTATE[HY000] [1045] Access denied for user 'root'@'localhost' (using password: NO)
[12-Nov-2025 15:09:37 Europe/Berlin] DB connect failed for root@localhost:3306/blood_system: SQLSTATE[HY000] [1045] Access denied for user 'root'@'localhost' (using password: NO)
[12-Nov-2025 15:09:37 Europe/Berlin] Database connection established successfully
[12-Nov-2025 22:09:38 Asia/Manila] Error checking if table exists: SQLSTATE[42000]: Syntax error or access violation: 1064 You have an error in your SQL syntax; check the manual that corresponds to your MariaDB server version for the right syntax to use near 'donors_new''' at line 1
[12-Nov-2025 22:09:38 Asia/Manila] ✓ Blood inventory audit logged: unit_created for unit 368 by system
[12-Nov-2025 22:09:38 Asia/Manila] ✓ Admin audit log inserted: unit_created for unit 368 by system
[12-Nov-2025 22:09:38 Asia/Manila] ✓ Audit logged: donor_status_updated on donors (ID: 2) by system
[12-Nov-2025 22:09:38 Asia/Manila] Error updating donor status: There is no active transaction
[12-Nov-2025 22:09:38 Asia/Manila] Stack trace: #0 C:\xampp\htdocs\blood-donation-pwa-1\includes\enhanced_donor_management.php(248): PDO->commit()
#1 C:\xampp\htdocs\blood-donation-pwa-1\tests\manual_update_served_and_inventory.php(8): updateDonorStatus(Object(PDO), 2, 'served', 'verification')
#2 {main}
[12-Nov-2025 15:11:05 Europe/Berlin] DB connect failed for root@localhost:3306/blood_system: SQLSTATE[HY000] [1045] Access denied for user 'root'@'localhost' (using password: NO)
[12-Nov-2025 15:11:05 Europe/Berlin] DB connect failed for root@127.0.0.1:3306/blood_system: SQLSTATE[HY000] [1045] Access denied for user 'root'@'localhost' (using password: NO)
[12-Nov-2025 15:11:05 Europe/Berlin] DB connect failed for root@localhost:3306/blood_system: SQLSTATE[HY000] [1045] Access denied for user 'root'@'localhost' (using password: NO)
[12-Nov-2025 15:11:05 Europe/Berlin] Database connection established successfully
[12-Nov-2025 22:11:05 Asia/Manila] Error checking if table exists: SQLSTATE[42000]: Syntax error or access violation: 1064 You have an error in your SQL syntax; check the manual that corresponds to your MariaDB server version for the right syntax to use near 'donors_new''' at line 1
[12-Nov-2025 22:11:05 Asia/Manila] ✓ Blood inventory audit logged: unit_created for unit 369 by system
[12-Nov-2025 22:11:05 Asia/Manila] ✓ Admin audit log inserted: unit_created for unit 369 by system
[12-Nov-2025 22:11:05 Asia/Manila] ✓ Audit logged: donor_status_updated on donors (ID: 2) by system
[12-Nov-2025 22:11:06 Asia/Manila] Error updating donor status: There is no active transaction
[12-Nov-2025 22:11:06 Asia/Manila] Stack trace: #0 C:\xampp\htdocs\blood-donation-pwa-1\includes\enhanced_donor_management.php(248): PDO->commit()
#1 C:\xampp\htdocs\blood-donation-pwa-1\tests\manual_update_served_and_inventory.php(8): updateDonorStatus(Object(PDO), 2, 'served', 'verification')
#2 {main}
[12-Nov-2025 15:15:20 Europe/Berlin] DB connect failed for root@localhost:3306/blood_system: SQLSTATE[HY000] [1045] Access denied for user 'root'@'localhost' (using password: NO)
[12-Nov-2025 15:15:20 Europe/Berlin] DB connect failed for root@127.0.0.1:3306/blood_system: SQLSTATE[HY000] [1045] Access denied for user 'root'@'localhost' (using password: NO)
[12-Nov-2025 15:15:20 Europe/Berlin] DB connect failed for root@localhost:3306/blood_system: SQLSTATE[HY000] [1045] Access denied for user 'root'@'localhost' (using password: NO)
[12-Nov-2025 15:15:20 Europe/Berlin] Database connection established successfully
[12-Nov-2025 22:15:21 Asia/Manila] Error checking if table exists: SQLSTATE[42000]: Syntax error or access violation: 1064 You have an error in your SQL syntax; check the manual that corresponds to your MariaDB server version for the right syntax to use near 'donors_new''' at line 1
[12-Nov-2025 22:15:21 Asia/Manila] ✓ Blood inventory audit logged: unit_created for unit 370 by system
[12-Nov-2025 22:15:21 Asia/Manila] ✓ Admin audit log inserted: unit_created for unit 370 by system
[12-Nov-2025 22:15:21 Asia/Manila] ✓ Audit logged: donor_status_updated on donors (ID: 2) by system
[12-Nov-2025 22:15:21 Asia/Manila] Error updating donor status: There is no active transaction
[12-Nov-2025 22:15:21 Asia/Manila] Stack trace: #0 C:\xampp\htdocs\blood-donation-pwa-1\includes\enhanced_donor_management.php(248): PDO->commit()
#1 C:\xampp\htdocs\blood-donation-pwa-1\tests\manual_update_served_and_inventory.php(8): updateDonorStatus(Object(PDO), 2, 'served', 'verification')
#2 {main}
[12-Nov-2025 15:17:14 Europe/Berlin] DB connect failed for root@localhost:3306/blood_system: SQLSTATE[HY000] [1045] Access denied for user 'root'@'localhost' (using password: NO)
[12-Nov-2025 15:17:14 Europe/Berlin] DB connect failed for root@127.0.0.1:3306/blood_system: SQLSTATE[HY000] [1045] Access denied for user 'root'@'localhost' (using password: NO)
[12-Nov-2025 15:17:14 Europe/Berlin] DB connect failed for root@localhost:3306/blood_system: SQLSTATE[HY000] [1045] Access denied for user 'root'@'localhost' (using password: NO)
[12-Nov-2025 15:17:14 Europe/Berlin] Database connection established successfully
[12-Nov-2025 22:17:14 Asia/Manila] Error checking if table exists: SQLSTATE[42000]: Syntax error or access violation: 1064 You have an error in your SQL syntax; check the manual that corresponds to your MariaDB server version for the right syntax to use near 'donors_new''' at line 1
[12-Nov-2025 22:17:14 Asia/Manila] ✓ Blood inventory audit logged: unit_created for unit 371 by system
[12-Nov-2025 22:17:14 Asia/Manila] ✓ Admin audit log inserted: unit_created for unit 371 by system
[12-Nov-2025 22:17:14 Asia/Manila] DeleteUnit: attempting commit
[12-Nov-2025 22:17:14 Asia/Manila] DeleteUnit: not in transaction, skipping commit
[12-Nov-2025 22:17:14 Asia/Manila] ✓ Audit logged: donor_status_updated on donors (ID: 2) by system
[12-Nov-2025 22:17:14 Asia/Manila] Error checking if table exists: SQLSTATE[42000]: Syntax error or access violation: 1064 You have an error in your SQL syntax; check the manual that corresponds to your MariaDB server version for the right syntax to use near 'donors_new''' at line 1
[12-Nov-2025 22:17:14 Asia/Manila] ✓ Blood inventory audit logged: unit_created for unit 372 by system
[12-Nov-2025 22:17:14 Asia/Manila] ✓ Admin audit log inserted: unit_created for unit 372 by system
[12-Nov-2025 22:17:14 Asia/Manila] DeleteUnit: attempting commit
[12-Nov-2025 22:17:14 Asia/Manila] DeleteUnit: not in transaction, skipping commit
